open_time,open,high,low,close,volume,close_time,quote_volume,count,taker_buy_volume,taker_buy_quote_volume,ignore
1710806400000,3.8232000,3.9858000,3.5500000,3.7696000,12376233.9,1710849599999,46225274.44106000,345826,6012304.8,22473903.56982000,0
1710849600000,3.7705000,4.0261000,3.7081000,3.7893000,11077800.5,1710892799999,43037534.31189000,301129,5271664.4,20492715.12831000,0
