open_time,open,high,low,close,volume,close_time,quote_volume,count,taker_buy_volume,taker_buy_quote_volume,ignore
1711756800000,5.0259000,5.3579000,4.9769000,5.3268000,7589078.0,1711799999999,39234276.46460000,192331,3718671.2,19252235.32689000,0
1711800000000,5.3259000,5.3741000,5.2122000,5.2687000,6920854.1,1711843199999,36619305.42536000,185711,3254201.1,17224732.28759000,0
