open_time,open,high,low,close,volume,close_time,quote_volume,count,taker_buy_volume,taker_buy_quote_volume,ignore
1710115200000,2.8214000,2.9072000,2.7227000,2.8729000,2426311.2,1710158399999,6828056.82549000,62167,1017512.3,2867197.18871000,0
1710158400000,2.8726000,3.3582000,2.8695000,3.2925000,26967513.1,1710201599999,84991993.31403000,427164,13141523.4,41378425.28444000,0
