open_time,open,high,low,close,volume,close_time,quote_volume,count,taker_buy_volume,taker_buy_quote_volume,ignore
1709337600000,2.7134000,2.7610000,2.6267000,2.6730000,4326151.0,1709380799999,11718848.67867000,65568,1972242.8,5348222.39021000,0
1709380800000,2.6735000,2.7479000,2.6728000,2.7198000,2747480.0,1709423999999,7443481.53934000,58680,1372561.9,3718589.20289000,0
