open_time,open,high,low,close,volume,close_time,quote_volume,count,taker_buy_volume,taker_buy_quote_volume,ignore
1711152000000,4.4498000,5.1839000,4.3859000,4.7642000,38688070.5,1711195199999,186585511.59538000,788176,18965013.4,91483529.75726000,0
1711195200000,4.7644000,5.3000000,4.7381000,4.8234000,21987157.0,1711238399999,110231625.74009000,562566,10723901.2,53808305.35033000,0
