open_time,open,high,low,close,volume,close_time,quote_volume,count,taker_buy_volume,taker_buy_quote_volume,ignore
1711065600000,4.0640000,4.4959000,4.0379000,4.2958000,9089431.6,1711108799999,39454839.19492000,285978,4347566.5,18863367.49893000,0
1711108800000,4.2953000,4.4874000,4.1510000,4.4494000,10840845.8,1711151999999,47003579.78390000,343064,5322927.5,23104679.86504000,0
