open_time,open,high,low,close,volume,close_time,quote_volume,count,taker_buy_volume,taker_buy_quote_volume,ignore
1710892800000,3.7894000,4.2219000,3.7003000,4.1678000,10295931.6,1710935999999,40518229.66174000,338278,5027496.3,19823384.69422000,0
1710936000000,4.1674000,4.4220000,4.0333000,4.2337000,21530653.9,1710979199999,90823836.67269000,532193,10640650.6,44928976.55543000,0
