open_time,open,high,low,close,volume,close_time,quote_volume,count,taker_buy_volume,taker_buy_quote_volume,ignore
1709424000000,2.7188000,2.7454000,2.5000000,2.6499000,4231623.4,1709467199999,11203223.48818000,77241,1877390.8,4977984.51174000,0
1709467200000,2.6497000,2.6932000,2.6122000,2.6767000,2312416.1,1709510399999,6148462.24563000,62128,1194897.7,3177690.91608000,0
