open_time,open,high,low,close,volume,close_time,quote_volume,count,taker_buy_volume,taker_buy_quote_volume,ignore
1709856000000,2.7556000,2.8120000,2.7162000,2.7456000,2304191.1,1709899199999,6371331.36721000,51177,982511.2,2719437.76246000,0
1709899200000,2.7473000,2.8499000,2.6806000,2.8370000,2829730.4,1709942399999,7832994.55248000,71327,1308477.7,3627193.71292000,0
