open_time,open,high,low,close,volume,close_time,quote_volume,count,taker_buy_volume,taker_buy_quote_volume,ignore
1709510400000,2.6767000,2.7500000,2.6443000,2.7234000,2840388.4,1709553599999,7655443.16693000,75212,1259286.5,3396796.53371000,0
1709553600000,2.7235000,2.7876000,2.6646000,2.7328000,3912954.9,1709596799999,10673684.53027000,79786,1776131.9,4846771.95142000,0
