open_time,open,high,low,close,volume,close_time,quote_volume,count,taker_buy_volume,taker_buy_quote_volume,ignore
1710028800000,2.8809000,2.8876000,2.8250000,2.8398000,1397449.1,1710071999999,3984919.51923000,38277,660682.3,1884150.79534000,0
1710072000000,2.8397000,2.8515000,2.7656000,2.8216000,2189105.4,1710115199999,6155069.86229000,57776,1088501.5,3062798.97046000,0
