open_time,open,high,low,close,volume,close_time,quote_volume,count,taker_buy_volume,taker_buy_quote_volume,ignore
1711324800000,4.9841000,5.5675000,4.9307000,5.4175000,16865551.4,1711367999999,90004834.35258000,407988,8243424.3,43969091.39999000,0
1711368000000,5.4180000,5.6938000,5.3249000,5.3535000,14348271.9,1711411199999,79236902.77877000,364714,6815753.4,37641645.24172000,0
