open_time,open,high,low,close,volume,close_time,quote_volume,count,taker_buy_volume,taker_buy_quote_volume,ignore
1710288000000,4.0697000,4.5406000,4.0141000,4.3688000,26715232.7,1710331199999,115507300.52954000,623867,13316127.6,57582683.77171000,0
1710331200000,4.3696000,4.6265000,4.2615000,4.3177000,19339815.6,1710374399999,85415942.59740000,437907,9577171.6,42324614.13538000,0
