open_time,open,high,low,close,volume,close_time,quote_volume,count,taker_buy_volume,taker_buy_quote_volume,ignore
1710374400000,4.3177000,4.3625000,4.0348000,4.2487000,10076799.3,1710417599999,42152653.25222000,258985,4798498.6,20072794.55260000,0
1710417600000,4.2489000,4.3470000,3.7697000,4.0403000,11833226.9,1710460799999,48133472.47316000,287799,5580277.7,22717621.12537000,0
