open_time,open,high,low,close,volume,close_time,quote_volume,count,taker_buy_volume,taker_buy_quote_volume,ignore
1709596800000,2.7333000,2.7629000,2.6538000,2.7041000,2979967.6,1709639999999,8099512.31922000,71757,1424382.1,3873119.48816000,0
1709640000000,2.7041000,2.7358000,2.1612000,2.5951000,6562352.6,1709683199999,16862150.41180000,121574,3015668.4,7773569.81078000,0
