open_time,open,high,low,close,volume,close_time,quote_volume,count,taker_buy_volume,taker_buy_quote_volume,ignore
1709769600000,2.6846000,2.7454000,2.6586000,2.7020000,2614864.7,1709812799999,7069944.54947000,58527,1348125.6,3644175.49581000,0
1709812800000,2.7017000,2.7687000,2.6783000,2.7557000,1904523.8,1709855999999,5185348.92160000,46921,911269.3,2482878.68348000,0
