open_time,open,high,low,close,volume,close_time,quote_volume,count,taker_buy_volume,taker_buy_quote_volume,ignore
1709942400000,2.8358000,2.9125000,2.7765000,2.8793000,2641298.5,1709985599999,7519526.11628000,68794,1251859.2,3570532.92721000,0
1709985600000,2.8799000,2.9200000,2.8256000,2.8813000,1936890.9,1710028799999,5555043.56510000,58151,856442.8,2457775.18189000,0
