open_time,open,high,low,close,volume,close_time,quote_volume,count,taker_buy_volume,taker_buy_quote_volume,ignore
1709683200000,2.5952000,2.7143000,2.5589000,2.7018000,2475182.3,1709726399999,6534376.35397000,56025,1132259.5,2990865.40938000,0
1709726400000,2.7008000,2.8303000,2.6190000,2.6841000,6064804.5,1709769599999,16461204.60245000,99659,2938569.1,7985167.56735000,0
