open_time,open,high,low,close,volume,close_time,quote_volume,count,taker_buy_volume,taker_buy_quote_volume,ignore
1711497600000,5.0601000,5.0909000,4.8100000,4.9985000,9164569.3,1711540799999,45216838.14742000,216572,4313978.1,21298457.21588000,0
1711540800000,4.9985000,5.2854000,4.8157000,4.9735000,11118635.5,1711583999999,55721523.41729000,258062,5312818.9,26664587.14003000,0
