open_time,open,high,low,close,volume,close_time,quote_volume,count,taker_buy_volume,taker_buy_quote_volume,ignore
1711238400000,4.8234000,5.1581000,4.8044000,4.8950000,12064782.4,1711281599999,59924161.50830000,399046,5868113.0,29151327.57325000,0
1711281600000,4.8950000,5.0293000,4.8546000,4.9841000,7548591.6,1711324799999,37327512.12099000,234010,3567219.4,17646867.83258000,0
