open_time,open,high,low,close,volume,close_time,quote_volume,count,taker_buy_volume,taker_buy_quote_volume,ignore
1711670400000,4.9035000,4.9846000,4.7690000,4.9271000,4965896.3,1711713599999,24262495.24675000,125649,2241621.7,10966942.90742000,0
1711713600000,4.9267000,5.1724000,4.8900000,5.0262000,7179934.9,1711756799999,36402172.71447000,194806,3473678.7,17618468.16890000,0
