open_time,open,high,low,close,volume,close_time,quote_volume,count,taker_buy_volume,taker_buy_quote_volume,ignore
1710547200000,3.8898000,3.9232000,3.6930000,3.7468000,4183240.5,1710590399999,15892534.94412000,126184,1867865.1,7099631.02625000,0
1710590400000,3.7470000,3.7505000,3.4696000,3.5279000,5388964.3,1710633599999,19439037.10066000,144185,2556166.9,9221417.32126000,0
