open_time,open,high,low,close,volume,close_time,quote_volume,count,taker_buy_volume,taker_buy_quote_volume,ignore
1711584000000,4.9721000,5.0158000,4.8001000,4.9507000,4624065.2,1711627199999,22636812.56051000,128709,2161037.3,10582453.31608000,0
1711627200000,4.9536000,5.1405000,4.8600000,4.9022000,7560103.4,1711670399999,37805986.82450000,178407,3570086.0,17859265.37393000,0
