open_time,open,high,low,close,volume,close_time,quote_volume,count,taker_buy_volume,taker_buy_quote_volume,ignore
1710460800000,4.0408000,4.0968000,3.5182000,3.7509000,10651872.1,1710503999999,40186860.23222000,241911,4917250.4,18563481.66690000,0
1710504000000,3.7504000,4.1670000,3.7291000,3.8902000,8333998.9,1710547199999,32633089.85966000,232802,3969512.9,15538011.47709000,0
