open_time,open,high,low,close,volume,close_time,quote_volume,count,taker_buy_volume,taker_buy_quote_volume,ignore
1710720000000,3.8655000,4.0619000,3.7330000,3.8718000,7843723.4,1710763199999,30794984.21676000,203398,3718801.4,14619212.16707000,0
1710763200000,3.8717000,3.9875000,3.6300000,3.8261000,9513331.4,1710806399999,36179264.59406000,225071,4482008.6,17056933.62971000,0
