open_time,open,high,low,close,volume,close_time,quote_volume,count,taker_buy_volume,taker_buy_quote_volume,ignore
1710633600000,3.5280000,3.6805000,3.3213000,3.6198000,4637098.2,1710676799999,16316929.84139000,121478,2251369.1,7935759.67771000,0
1710676800000,3.6201000,4.0759000,3.5576000,3.8647000,9173879.9,1710719999999,35550375.45060000,203813,4539706.3,17595793.20590000,0
