open_time,open,high,low,close,volume,close_time,quote_volume,count,taker_buy_volume,taker_buy_quote_volume,ignore
1710201600000,3.2926000,3.9493000,3.2634000,3.5871000,38084100.4,1710244799999,138104131.37953000,691584,19031510.0,69071223.50200000,0
1710244800000,3.5872000,4.2457000,3.4620000,4.0718000,22470351.5,1710287999999,84464028.44439000,482216,11036891.8,41530013.24961000,0
