open_time,open,high,low,close,volume,close_time,quote_volume,count,taker_buy_volume,taker_buy_quote_volume,ignore
1710979200000,4.2337000,4.3682000,4.0815000,4.1321000,6597777.1,1711022399999,27766337.49487000,257133,3328550.6,14016174.78420000,0
1711022400000,4.1325000,4.2210000,4.0398000,4.0655000,4497756.3,1711065599999,18521276.19788000,174135,2179530.5,8982456.17512000,0
