open_time,open,high,low,close,volume,close_time,quote_volume,count,taker_buy_volume,taker_buy_quote_volume,ignore
1711411200000,5.3532000,5.4364000,5.1978000,5.2263000,7896319.8,1711454399999,42052409.70697000,225477,3564130.6,18993793.56873000,0
1711454400000,5.2274000,5.2500000,4.9949000,5.0601000,10038191.0,1711497599999,51185878.70384000,253721,4816825.5,24568109.89810000,0
