open_time,open,high,low,close,volume,close_time,quote_volume,count,taker_buy_volume,taker_buy_quote_volume,ignore
1711843200000,5.2692000,5.2782000,5.0906000,5.1730000,4146999.1,1711886399999,21471675.12523000,120420,1837023.0,9512522.62218000,0
1711886400000,5.1723000,5.4511000,5.1609000,5.4280000,4439290.4,1711929599999,23610385.02039000,168191,2173676.9,11564932.43721000,0
