{
  "val_acc": 0.8776553106212425,
  "train_rows": 79840,
  "val_rows": 19960,
  "y_counts_train": [
    77174,
    2666
  ],
  "y_counts_val": [
    18717,
    1243
  ],
  "cm_val": [
    [
      17325,
      1392
    ],
    [
      1050,
      193
    ]
  ],
  "precision_val": [
    0.9428571428571428,
    0.12176656151419558
  ],
  "recall_val": [
    0.9256291072287226,
    0.15526950925181013
  ],
  "f1_val": [
    0.9341637010676157,
    0.13649222065063646
  ],
  "f1_buy_sell_val": null,
  "task": "entry_short",
  "y_non_hold_rate_val": 0.062274549098196394,
  "pred_non_hold_rate_val": 0.07940881763527054,
  "proxy_pnl_val": {
    "enabled": true,
    "task": "entry_short",
    "trades": 111,
    "pnl_sum": 0.2809131980776216,
    "pnl_mean_per_trade": 0.0025307495322308255,
    "fee_frac": 0.0006,
    "max_hold_steps": 112,
    "position_side": "short",
    "exit_policy": {
      "tp_pct": 0.01,
      "sl_pct": -0.006999999999999999,
      "trail_pct": 0.006999999999999999
    }
  }
}