open_time,open,high,low,close,volume,close_time,quote_volume,count,taker_buy_volume,taker_buy_quote_volume,ignore
1712880000000,0.6089,0.6164,0.6068,0.6086,308478109.6,1712923199999,188391035.85255,279685,153337406.4,93647377.42980,0
1712923200000,0.6086,0.6089,0.4907,0.5469,1847850565.1,1712966399999,1028369721.81203,1361907,821619793.8,458968472.14024,0
