open_time,open,high,low,close,volume,close_time,quote_volume,count,taker_buy_volume,taker_buy_quote_volume,ignore
1712534400000,0.5948,0.6126,0.5880,0.6080,549695674.7,1712577599999,330822150.04274,451535,268788283.2,161771164.87828,0
1712577600000,0.6081,0.6271,0.5974,0.6152,662972619.9,1712620799999,409625385.12616,599418,325047947.2,200846914.76228,0
