open_time,open,high,low,close,volume,close_time,quote_volume,count,taker_buy_volume,taker_buy_quote_volume,ignore
1712275200000,0.5938,0.5944,0.5721,0.5726,643559466.1,1712318399999,374384397.30280,520006,308458829.0,179438802.34906,0
1712318400000,0.5727,0.5916,0.5687,0.5872,449647299.3,1712361599999,261575479.62766,392843,218008389.6,126792294.83714,0
