open_time,open,high,low,close,volume,close_time,quote_volume,count,taker_buy_volume,taker_buy_quote_volume,ignore
1714435200000,0.5148,0.5196,0.4946,0.4968,482188326.7,1714478399999,244565858.00266,355003,229522396.6,116433312.28988,0
1714478400000,0.4969,0.5021,0.4855,0.5004,635201031.7,1714521599999,314916025.60365,456543,311903741.6,154636066.71745,0
