open_time,open,high,low,close,volume,close_time,quote_volume,count,taker_buy_volume,taker_buy_quote_volume,ignore
1713139200000,0.5030,0.5188,0.4935,0.5112,709405925.8,1713182399999,360355743.82486,500458,352931534.6,179345315.77445,0
1713182400000,0.5111,0.5142,0.4808,0.4973,1190025304.6,1713225599999,590057573.55645,760827,587269991.4,291150752.99661,0
