open_time,open,high,low,close,volume,close_time,quote_volume,count,taker_buy_volume,taker_buy_quote_volume,ignore
1712620800000,0.6153,0.6266,0.6014,0.6248,588271848.0,1712663999999,360947852.22840,539665,295143757.6,181158733.27430,0
1712664000000,0.6248,0.6439,0.6105,0.6145,1026901753.6,1712707199999,643171354.42146,970288,502690724.9,315000890.12998,0
