open_time,open,high,low,close,volume,close_time,quote_volume,count,taker_buy_volume,taker_buy_quote_volume,ignore
1713830400000,0.5558,0.5573,0.5413,0.5435,450235827.4,1713873599999,247075561.45633,327842,212754184.4,116742890.98770,0
1713873600000,0.5435,0.5547,0.5416,0.5443,485952838.1,1713916799999,266466226.89273,351969,240476179.3,131861368.08142,0
