open_time,open,high,low,close,volume,close_time,quote_volume,count,taker_buy_volume,taker_buy_quote_volume,ignore
1714176000000,0.5257,0.5263,0.5063,0.5131,411567567.3,1714219199999,212169140.06213,317900,202085362.6,104174707.01260,0
1714219200000,0.5130,0.5228,0.5121,0.5176,254752404.9,1714262399999,131914890.38992,205043,128751542.9,66670397.61415,0
