open_time,open,high,low,close,volume,close_time,quote_volume,count,taker_buy_volume,taker_buy_quote_volume,ignore
1712361600000,0.5873,0.5926,0.5856,0.5884,195545967.9,1712404799999,115343055.08421,196345,95833944.7,56531885.58085,0
1712404800000,0.5884,0.5992,0.5870,0.5932,297816053.3,1712447999999,176473312.96686,263126,150957145.7,89456294.38114,0
