open_time,open,high,low,close,volume,close_time,quote_volume,count,taker_buy_volume,taker_buy_quote_volume,ignore
1714003200000,0.5270,0.5306,0.5152,0.5189,472565240.0,1714046399999,247399599.88754,389988,230282179.4,120592038.12586,0
1714046400000,0.5188,0.5325,0.5133,0.5251,436435804.4,1714089599999,228410453.23850,338804,215521846.2,112763594.99548,0
