open_time,open,high,low,close,volume,close_time,quote_volume,count,taker_buy_volume,taker_buy_quote_volume,ignore
1713571200000,0.5026,0.5257,0.4978,0.5195,649448452.4,1713614399999,333494741.10982,430201,329831261.9,169376166.55270,0
1713614400000,0.5195,0.5298,0.5148,0.5285,447222719.0,1713657599999,233950786.91042,330317,227659272.4,119094117.48137,0
