open_time,open,high,low,close,volume,close_time,quote_volume,count,taker_buy_volume,taker_buy_quote_volume,ignore
1714348800000,0.5099,0.5140,0.4982,0.5055,482936534.5,1714391999999,244014402.60570,343230,233036497.4,117760664.70150,0
1714392000000,0.5055,0.5174,0.5025,0.5147,392165904.5,1714435199999,200806583.95845,307979,204117604.9,104538358.57132,0
