open_time,open,high,low,close,volume,close_time,quote_volume,count,taker_buy_volume,taker_buy_quote_volume,ignore
1714262400000,0.5176,0.5250,0.5161,0.5169,204532529.4,1714305599999,106552303.00134,167680,98915573.6,51536394.82014,0
1714305600000,0.5168,0.5218,0.5079,0.5099,245237479.7,1714348799999,126439485.58925,207740,112505682.5,58046617.93076,0
