open_time,open,high,low,close,volume,close_time,quote_volume,count,taker_buy_volume,taker_buy_quote_volume,ignore
1712448000000,0.5933,0.5994,0.5926,0.5977,169623069.3,1712491199999,101107300.39951,180157,82731790.8,49321601.14918,0
1712491200000,0.5976,0.6033,0.5897,0.5948,368989654.4,1712534399999,220006369.51390,313000,177669229.5,105944010.00701,0
