open_time,open,high,low,close,volume,close_time,quote_volume,count,taker_buy_volume,taker_buy_quote_volume,ignore
1712966400000,0.5469,0.5492,0.5287,0.5424,604695434.3,1713009599999,327242164.85769,444258,290289261.2,157115477.87061,0
1713009600000,0.5425,0.5484,0.4099,0.4786,2664530873.0,1713052799999,1283264046.18685,1590436,1242572973.4,599979257.56032,0
