open_time,open,high,low,close,volume,close_time,quote_volume,count,taker_buy_volume,taker_buy_quote_volume,ignore
1713398400000,0.4948,0.4992,0.4854,0.4951,573234311.9,1713441599999,282257298.79113,435234,289665069.4,142637742.64984,0
1713441600000,0.4952,0.5055,0.4876,0.5022,548315145.7,1713484799999,273263300.92385,403953,272456375.9,135794222.42567,0
