open_time,open,high,low,close,volume,close_time,quote_volume,count,taker_buy_volume,taker_buy_quote_volume,ignore
1713312000000,0.4960,0.5078,0.4870,0.4873,571028354.0,1713355199999,283946268.44504,395318,280219545.4,139355156.79247,0
1713355200000,0.4874,0.5019,0.4713,0.4947,1055413940.1,1713398399999,515077273.76644,706206,521692190.3,254650317.97193,0
