open_time,open,high,low,close,volume,close_time,quote_volume,count,taker_buy_volume,taker_buy_quote_volume,ignore
1712707200000,0.6145,0.6168,0.6011,0.6128,623219281.8,1712750399999,380331268.41598,554457,306350756.4,186976625.86275,0
1712750400000,0.6129,0.6210,0.5925,0.6176,637746249.1,1712793599999,388046061.35519,596068,308010763.8,187438312.46622,0
