open_time,open,high,low,close,volume,close_time,quote_volume,count,taker_buy_volume,taker_buy_quote_volume,ignore
1714089600000,0.5251,0.5358,0.5166,0.5225,451688378.9,1714132799999,237587117.55359,326609,221550849.2,116530987.15811,0
1714132800000,0.5224,0.5296,0.5139,0.5257,402814124.9,1714175999999,210580352.96691,312414,201003675.6,105063792.89866,0
