open_time,open,high,low,close,volume,close_time,quote_volume,count,taker_buy_volume,taker_buy_quote_volume,ignore
1713916800000,0.5442,0.5517,0.5402,0.5442,399169761.6,1713959999999,218079812.05328,320284,200165654.8,109357900.72274,0
1713960000000,0.5443,0.5459,0.5206,0.5271,786543455.7,1714003199999,418051393.55796,549658,375898800.8,199805633.39114,0
