open_time,open,high,low,close,volume,close_time,quote_volume,count,taker_buy_volume,taker_buy_quote_volume,ignore
1713657600000,0.5285,0.5366,0.5213,0.5300,379260388.0,1713700799999,200723714.96833,303013,185650913.9,98265734.80318,0
1713700800000,0.5299,0.5307,0.5180,0.5243,430696266.8,1713743999999,225959592.82151,312207,210712573.6,110542997.33688,0
