open_time,open,high,low,close,volume,close_time,quote_volume,count,taker_buy_volume,taker_buy_quote_volume,ignore
1713744000000,0.5243,0.5398,0.5217,0.5326,457570247.2,1713787199999,243334723.22736,355245,227120019.5,120790218.91988,0
1713787200000,0.5327,0.5713,0.5305,0.5558,850793464.3,1713830399999,468096381.27711,549790,441427197.8,242826678.24250,0
