open_time,open,high,low,close,volume,close_time,quote_volume,count,taker_buy_volume,taker_buy_quote_volume,ignore
1712188800000,0.5746,0.5798,0.5626,0.5756,509110719.2,1712231999999,291520598.20656,399684,250227812.1,143302525.40512,0
1712232000000,0.5756,0.6174,0.5753,0.5937,1366147150.2,1712275199999,818048768.60639,1151100,682515227.8,408563523.39515,0
