open_time,open,high,low,close,volume,close_time,quote_volume,count,taker_buy_volume,taker_buy_quote_volume,ignore
1712016000000,0.6115,0.6190,0.5804,0.5890,1144069077.8,1712059199999,682371133.11582,1004107,556244051.2,331801946.50694,0
1712059200000,0.5889,0.5947,0.5792,0.5858,633592378.6,1712102399999,372515387.86992,524443,306432233.6,180173555.23245,0
