open_time,open,high,low,close,volume,close_time,quote_volume,count,taker_buy_volume,taker_buy_quote_volume,ignore
1713052800000,0.4786,0.4988,0.4636,0.4824,1033713044.3,1713095999999,497715272.31482,722292,505970324.9,243678635.83256,0
1713096000000,0.4823,0.5070,0.4731,0.5029,1067448874.0,1713139199999,521630831.08760,695724,523277011.9,255708601.63181,0
