open_time,open,high,low,close,volume,close_time,quote_volume,count,taker_buy_volume,taker_buy_quote_volume,ignore
1712793600000,0.6177,0.6219,0.6080,0.6097,392770364.4,1712836799999,242496959.90128,363717,186017204.9,114862247.07610,0
1712836800000,0.6097,0.6158,0.6034,0.6089,413319885.5,1712879999999,252124673.25854,391462,204604765.2,124810413.78864,0
