open_time,open,high,low,close,volume,close_time,quote_volume,count,taker_buy_volume,taker_buy_quote_volume,ignore
1713484800000,0.5021,0.5038,0.4660,0.5013,1105481749.6,1713527999999,540346816.37193,743291,545893955.0,266973884.14507,0
1713528000000,0.5013,0.5105,0.4930,0.5027,628657595.2,1713571199999,315303237.26782,441025,320419956.1,160691998.50691,0
