open_time,open,high,low,close,volume,close_time,quote_volume,count,taker_buy_volume,taker_buy_quote_volume,ignore
1711929600000,0.6297,0.6345,0.5967,0.6099,653525551.3,1711972799999,402322235.50930,677776,305441725.2,188113280.99468,0
1711972800000,0.6099,0.6152,0.5950,0.6115,619713706.2,1712015999999,375471106.10121,573659,300298206.4,181970564.43305,0
