open_time,open,high,low,close,volume,close_time,quote_volume,count,taker_buy_volume,taker_buy_quote_volume,ignore
1712102400000,0.5858,0.5934,0.5665,0.5832,602218713.4,1712145599999,351335609.02279,509641,287453574.3,167744705.31869,0
1712145600000,0.5833,0.5858,0.5665,0.5746,556177837.4,1712188799999,321422640.98441,447177,269031523.6,155536858.01746,0
