open_time,open,high,low,close,volume,close_time,quote_volume,count,taker_buy_volume,taker_buy_quote_volume,ignore
1713225600000,0.4974,0.5017,0.4750,0.4910,872562981.0,1713268799999,426943075.25591,624937,420574817.1,205758931.79873,0
1713268800000,0.4911,0.4984,0.4806,0.4960,714095707.1,1713311999999,350068076.01489,521359,350997847.5,172059400.94434,0
