model_type,run_id,direction,sl_pct,tp_pct,min_hold_steps,volume_threshold,atr_trail_mult,cfg_lr,cfg_batch_size,cfg_memory_size,cfg_hidden_sizes,cfg_train_repeats,cfg_use_amp,cfg_use_gpu_storage,cfg_use_torch_compile,cfg_eps_decay_steps,cfg_dropout_rate,roi_sum,avg_roi,pl_ratio,winrate_train_all,trades_count,avg_profit,avg_loss,sell_agent_pct,sell_stop_loss_pct,sell_take_profit_pct,sell_trailing_pct,sell_timeout_pct
dqn,2f6a,long,-0.01,0.015,18,0.004,1.5,0.00015,128,60000,"128,96,48",2,True,False,False,2500000,0.25,-6.962888068798005,-0.002777378567530114,0.6328186142194182,0.33606974351187335,2507,0.0037616670736782243,-0.005944305349358664,0.9179222839016653,0.07969865186360031,0.0,0.0023790642347343376,0.0
dqn,32a4,long,-0.011,0.015,18,0.004,1.5,0.00015,128,60000,"128,96,48",2,True,False,False,2500000,0.25,-4.742348820994036,-0.0026013981464586013,0.5786961886093966,0.32218388769068385,1823,0.0028936867344775906,-0.005000355612210099,0.9445284921835603,0.049924357034795766,0.0,0.005547150781643974,0.0
dqn,55b0,long,-0.012,0.015,18,0.004,1.5,0.00015,128,60000,"128,96,48",2,True,False,False,2500000,0.25,-4.593113363585727,-0.0028317591637396573,0.6280142831170992,0.3196277703000803,1622,0.0037915548673485627,-0.0060373704377064165,0.8968583283935981,0.0906935388263189,0.0,0.012448132780082987,0.0
dqn,2882,long,-0.013,0.015,18,0.004,1.5,0.00015,128,60000,"128,96,48",2,True,False,False,2500000,0.25,-4.869483250660868,-0.0031517690942788816,0.6022021885408672,0.30805646753537297,1545,0.003925044141743228,-0.006517817796799427,0.9130158730158731,0.07936507936507936,0.0,0.007619047619047619,0.0
dqn,c9d3,long,-0.014,0.015,18,0.004,1.5,0.00015,128,60000,"128,96,48",2,True,False,False,2500000,0.25,-5.605965234267974,-0.0026098534610186045,0.55870700652352,0.31217786259859037,2148,0.0027867335663579003,-0.004987826416743865,0.9578810247503257,0.03517151541467651,0.0,0.004776378636561007,0.0021710811984368217
dqn,cbe0,long,-0.015,0.015,18,0.004,1.5,0.00015,128,60000,"128,96,48",2,True,False,False,2500000,0.25,-8.789620883652365,-0.003319343234007688,0.5468541444238826,0.3289932139679304,2648,0.003691064681848599,-0.0067496328216314055,0.9494911421032793,0.04523181304183943,0.0,0.004523181304183943,0.0007538635506973238
