model_type,run_id,direction,episodes_count,sl_pct,tp_pct,min_hold_steps,volume_threshold,atr_trail_mult,cfg_lr,cfg_batch_size,cfg_memory_size,cfg_hidden_sizes,cfg_train_repeats,cfg_use_amp,cfg_use_gpu_storage,cfg_use_torch_compile,cfg_eps_decay_steps,cfg_dropout_rate,roi_sum,avg_roi,pl_ratio,winrate_train_all,trades_count,avg_profit,avg_loss,sell_agent_pct,sell_stop_loss_pct,sell_take_profit_pct,sell_trailing_pct,sell_timeout_pct
dqn,3889,long,100,-0.1,0.15,24,0.004,1.5,0.00015,64,60000,"256,128,64",2,True,False,False,150000,0.1,0.6885844532036339,0.0005796165431007002,3.253468543617224,0.32554835291408196,1188,0.007449895683735896,-0.0022898317853268873,0.42003367003367004,0.5681818181818182,0.0,0.011784511784511785,0.0
dqn,b63b,long,90,-0.01,0.015,36,0.004,1.5,0.00015,96,60000,"128,96,48",2,True,False,False,2500000,0.1,-0.23192567060804095,-0.0001738573242938841,2.2633101195123704,0.32197002794055885,1334,0.0057887781913666045,-0.002557660190470847,0.4985007496251874,0.5,0.0,0.0014992503748125937,0.0
dqn,f900,long,100,-0.1,0.15,12,0.004,1.5,0.00015,64,60000,"256,128,64",2,True,False,False,150000,0.1,0.015019541854527502,9.584902268364763e-06,2.0590915901784332,0.35708792527064576,1567,0.0057558472168881625,-0.0027953332646020773,0.5865139949109415,0.38295165394402036,0.0,0.030534351145038167,0.0
dqn,e137,long,100,-0.1,0.15,24,0.004,1.5,0.00015,64,60000,"256,128,64",2,True,False,False,150000,0.1,0.11281386654625193,7.922322088922194e-05,2.2532475885135477,0.3399142481405526,1424,0.005882206605665425,-0.0026105460561242086,0.5330090340514246,0.4600416956219597,0.0,0.006949270326615705,0.0
dqn,0205,long,100,-0.1,0.15,12,0.004,1.5,0.00015,64,60000,"256,128,64",2,True,False,False,150000,0.1,1.5619980438040384,0.0011426467035874478,2.85089779033718,0.4004516297896023,1367,0.007226561890072966,-0.0025348372412952306,0.4989185291997116,0.43691420331651043,0.0,0.06416726748377793,0.0
