open_time,open,high,low,close,volume,close_time,quote_volume,count,taker_buy_volume,taker_buy_quote_volume,ignore
1714780800000,5.6874000,5.8230000,5.6501000,5.7485000,4013809.2,1714809599999,23060408.31318000,102927,1993933.3,11458210.78097000,0
1714809600000,5.7486000,5.8469000,5.6600000,5.7044000,5411021.9,1714838399999,31114988.44011000,120587,2552530.3,14682946.52658000,0
1714838400000,5.7045000,5.7878000,5.6792000,5.7496000,2340612.1,1714867199999,13424178.94475000,74298,1181014.6,6774138.28110000,0
