open_time,open,high,low,close,volume,close_time,quote_volume,count,taker_buy_volume,taker_buy_quote_volume,ignore
1715126400000,5.6498000,5.8257000,5.6007000,5.6400000,4168102.7,1715155199999,23785667.75249000,118235,2068431.8,11798855.27725000,0
1715155200000,5.6395000,5.9294000,5.6027000,5.8052000,5431527.5,1715183999999,31278781.79702000,146821,2660217.4,15318031.48491000,0
1715184000000,5.8063000,5.8643000,5.6820000,5.7593000,3258556.1,1715212799999,18780959.57780000,93654,1515891.7,8740257.66425000,0
