open_time,open,high,low,close,volume,close_time,quote_volume,count,taker_buy_volume,taker_buy_quote_volume,ignore
1716163200000,6.2593000,6.4413000,6.2071000,6.3591000,4188357.9,1716191999999,26559946.91432000,129163,2072370.0,13143772.67080000,0
1716192000000,6.3590000,6.5499000,6.3246000,6.5275000,4053493.1,1716220799999,26039873.62308000,126874,2079105.0,13369456.20012000,0
1716220800000,6.5265000,6.6423000,6.4876000,6.5523000,7502386.1,1716249599999,49172564.77414000,220436,3715667.8,24357341.29438000,0
