open_time,open,high,low,close,volume,close_time,quote_volume,count,taker_buy_volume,taker_buy_quote_volume,ignore
1715817600000,6.9926000,7.0733000,6.6500000,6.7312000,10082250.8,1715846399999,68900376.11070000,312198,4865522.7,33247033.17739000,0
1715846400000,6.7320000,6.7606000,6.3334000,6.7174000,26762777.1,1715875199999,176547717.93010000,697561,13399794.2,88439095.18246000,0
1715875200000,6.7178000,6.7994000,6.5700000,6.7855000,8026632.4,1715903999999,53714033.65149000,279179,3933366.8,26327600.20352000,0
