open_time,open,high,low,close,volume,close_time,quote_volume,count,taker_buy_volume,taker_buy_quote_volume,ignore
1715731200000,6.8433000,7.0555000,6.8125000,6.9634000,5594492.8,1715759999999,38829363.99931000,208575,2797757.4,19422722.49123000,0
1715760000000,6.9634000,7.0500000,6.8310000,6.9498000,10136962.8,1715788799999,70446578.81586000,342803,4951555.1,34425398.52490000,0
1715788800000,6.9503000,7.1464000,6.8772000,6.9926000,7372885.3,1715817599999,51505466.56046000,266357,3698014.2,25848452.17507000,0
