open_time,open,high,low,close,volume,close_time,quote_volume,count,taker_buy_volume,taker_buy_quote_volume,ignore
1714521600000,5.1638000,5.1800000,4.7165000,4.7662000,7554114.0,1714550399999,37108628.66089000,189876,3267061.3,16060049.32811000,0
1714550400000,4.7664000,4.8236000,4.5983000,4.6127000,9845938.3,1714579199999,46480668.58897000,239921,4638303.5,21912414.12855000,0
1714579200000,4.6130000,4.9661000,4.6006000,4.8806000,8343032.6,1714607999999,40109344.50989000,209502,4171357.0,20051081.77937000,0
