open_time,open,high,low,close,volume,close_time,quote_volume,count,taker_buy_volume,taker_buy_quote_volume,ignore
1715385600000,6.7693000,7.0054000,6.6932000,6.8284000,14282057.2,1715414399999,97797970.53460000,405527,6918678.4,47388061.08642000,0
1715414400000,6.8291000,6.8499000,6.6115000,6.8355000,10663019.9,1715443199999,71541533.16723000,321569,5095864.2,34203241.75085000,0
1715443200000,6.8355000,6.9313000,6.7642000,6.8929000,6123015.9,1715471999999,41964377.46904000,235478,3006981.5,20615864.32266000,0
