open_time,open,high,low,close,volume,close_time,quote_volume,count,taker_buy_volume,taker_buy_quote_volume,ignore
1717113600000,6.4661000,6.4938000,6.3765000,6.4199000,2245927.1,1717142399999,14448751.50424000,66891,985028.0,6338519.51514000,0
1717142400000,6.4199000,6.4424000,6.3604000,6.3663000,3219910.8,1717171199999,20621478.63855000,91937,1559042.9,9987061.30639000,0
1717171200000,6.3663000,6.3904000,6.3262000,6.3384000,1554980.1,1717199999999,9885334.06931000,57660,729036.7,4635080.87982000,0
