open_time,open,high,low,close,volume,close_time,quote_volume,count,taker_buy_volume,taker_buy_quote_volume,ignore
1715644800000,7.0108000,7.2232000,6.8650000,7.0569000,11282263.4,1715673599999,79399386.07293000,380077,5501762.0,38744953.02682000,0
1715673600000,7.0581000,7.0780000,6.5663000,6.5972000,13710777.8,1715702399999,93122113.25759000,432377,6461875.4,43898185.66313000,0
1715702400000,6.5967000,7.0784000,6.5809000,6.8430000,11795884.4,1715731199999,81236500.79911000,370358,5865447.1,40398322.55499000,0
