open_time,open,high,low,close,volume,close_time,quote_volume,count,taker_buy_volume,taker_buy_quote_volume,ignore
1716940800000,6.4718000,6.6174000,6.4529000,6.4815000,3133895.2,1716969599999,20457754.43071000,81213,1512654.9,9876091.22736000,0
1716969600000,6.4820000,6.5492000,6.4260000,6.4704000,3783849.0,1716998399999,24603129.53350000,103822,1720242.5,11188452.78743000,0
1716998400000,6.4712000,6.5801000,6.4113000,6.5064000,3920500.3,1717027199999,25465442.35419000,93875,1983316.0,12888860.59119000,0
