open_time,open,high,low,close,volume,close_time,quote_volume,count,taker_buy_volume,taker_buy_quote_volume,ignore
1716422400000,6.5425000,6.7330000,6.4027000,6.4853000,7252118.0,1716451199999,47636064.46891000,186281,3361657.0,22078278.79489000,0
1716451200000,6.4853000,6.5138000,6.1949000,6.3006000,6523438.0,1716479999999,41629430.14811000,171474,2976935.4,19005504.75694000,0
1716480000000,6.3005000,6.3113000,5.9777000,6.2098000,7434565.1,1716508799999,45902915.13862000,197161,3465035.4,21404921.75146000,0
