open_time,open,high,low,close,volume,close_time,quote_volume,count,taker_buy_volume,taker_buy_quote_volume,ignore
1715299200000,6.4132000,6.9468000,6.3083000,6.8962000,11586143.0,1715327999999,76938848.65456000,318596,5698550.0,37867952.73769000,0
1715328000000,6.8952000,7.2000000,6.6037000,6.7535000,39842115.7,1715356799999,274972134.12807000,942800,19119276.8,132030344.97611000,0
1715356800000,6.7535000,6.8527000,6.5615000,6.7684000,15440460.5,1715385599999,103413787.46167000,439184,7510438.2,50320426.29061000,0
