open_time,open,high,low,close,volume,close_time,quote_volume,count,taker_buy_volume,taker_buy_quote_volume,ignore
1716249600000,6.5530000,6.6908000,6.4740000,6.6889000,5187248.6,1716278399999,34197891.77402000,143363,2550276.2,16823435.03674000,0
1716278400000,6.6889000,6.7310000,6.3225000,6.3370000,8326747.8,1716307199999,54051935.57104000,219435,3839675.8,24929016.21763000,0
1716307200000,6.3371000,6.4469000,6.3000000,6.3212000,3465667.7,1716335999999,22050853.31364000,108917,1684403.2,10723321.26538000,0
