open_time,open,high,low,close,volume,close_time,quote_volume,count,taker_buy_volume,taker_buy_quote_volume,ignore
1715472000000,6.8942000,6.9793000,6.8096000,6.8716000,6497248.6,1715500799999,44848395.17215000,213877,3115485.2,21505202.96257000,0
1715500800000,6.8716000,7.1000000,6.8550000,6.9936000,10640162.4,1715529599999,74375157.98628000,306370,5072469.4,35455707.75742000,0
1715529600000,6.9941000,7.0814000,6.8700000,6.9508000,8172663.1,1715558399999,56963855.95680000,261587,3936563.3,27435143.50596000,0
