open_time,open,high,low,close,volume,close_time,quote_volume,count,taker_buy_volume,taker_buy_quote_volume,ignore
1715904000000,6.7839000,6.7889000,6.6028000,6.7518000,5732795.0,1715932799999,38442960.49267000,207260,2894023.9,19407139.51823000,0
1715932800000,6.7517000,6.7592000,6.6270000,6.6971000,6323444.3,1715961599999,42200178.74039000,224741,3211495.6,21432646.96511000,0
1715961600000,6.6971000,6.7100000,6.5405000,6.6291000,5902361.5,1715990399999,39086300.28279000,204219,2847443.1,18856857.04849000,0
