open_time,open,high,low,close,volume,close_time,quote_volume,count,taker_buy_volume,taker_buy_quote_volume,ignore
1716336000000,6.3200000,6.3713000,6.2101000,6.3064000,3559948.4,1716364799999,22413011.64116000,98998,1811052.5,11405963.44008000,0
1716364800000,6.3063000,6.4087000,6.1435000,6.3907000,5173538.6,1716393599999,32563431.44109000,132218,2475844.5,15595949.02059000,0
1716393600000,6.3908000,6.6282000,6.3549000,6.5426000,12207904.7,1716422399999,79806370.68481000,268760,5930450.2,38775777.38172000,0
