open_time,open,high,low,close,volume,close_time,quote_volume,count,taker_buy_volume,taker_buy_quote_volume,ignore
1715212800000,5.7577000,6.0899000,5.7564000,6.0312000,5357850.1,1715241599999,31939923.98393000,139857,2593158.3,15456662.91876000,0
1715241600000,6.0312000,6.3854000,5.8856000,6.3286000,14806300.9,1715270399999,90646718.60374000,305890,7195424.2,44115136.00357000,0
1715270400000,6.3285000,6.4760000,6.1071000,6.4130000,11232943.9,1715299199999,70926534.41260000,269521,5776388.1,36479170.31996000,0
