open_time,open,high,low,close,volume,close_time,quote_volume,count,taker_buy_volume,taker_buy_quote_volume,ignore
1714694400000,5.1312000,5.3973000,5.1014000,5.2934000,5677666.9,1714723199999,30015628.87350000,168199,2688154.0,14207304.02057000,0
1714723200000,5.2942000,5.5538000,5.2200000,5.4699000,10477840.8,1714751999999,56574580.33397000,260940,5132826.9,27716158.73010000,0
1714752000000,5.4699000,5.7999000,5.4695000,5.6884000,8896389.7,1714780799999,50543594.06773000,222345,4411558.3,25063602.13268000,0
