open_time,open,high,low,close,volume,close_time,quote_volume,count,taker_buy_volume,taker_buy_quote_volume,ignore
1716854400000,6.4039000,6.4194000,6.2217000,6.3526000,3411896.1,1716883199999,21561522.50916000,101280,1441016.4,9109030.92116000,0
1716883200000,6.3530000,6.5070000,6.3530000,6.4744000,4424211.7,1716911999999,28457569.35015000,116712,2251147.0,14483981.26095000,0
1716912000000,6.4744000,6.5100000,6.4070000,6.4718000,2118612.4,1716940799999,13710273.68539000,65198,1044647.2,6761515.74234000,0
