open_time,open,high,low,close,volume,close_time,quote_volume,count,taker_buy_volume,taker_buy_quote_volume,ignore
1716681600000,6.3852000,6.4420000,6.3120000,6.3379000,2228041.1,1716710399999,14231840.03376000,61876,1026718.8,6562062.30792000,0
1716710400000,6.3378000,6.3623000,6.2811000,6.3036000,2213863.7,1716739199999,13998021.04051000,64179,1066349.2,6744387.37931000,0
1716739200000,6.3037000,6.3699000,6.2686000,6.3174000,1427547.2,1716767999999,9015520.23390000,46763,712103.7,4498168.61421000,0
