open_time,open,high,low,close,volume,close_time,quote_volume,count,taker_buy_volume,taker_buy_quote_volume,ignore
1714608000000,4.8812000,4.8859000,4.6788000,4.7518000,3582107.1,1714636799999,17017389.26199000,115377,1815851.5,8625367.25455000,0
1714636800000,4.7516000,5.0969000,4.7339000,5.0422000,8688261.4,1714665599999,42533608.57232000,189831,4266359.9,20883103.37641000,0
1714665600000,5.0429000,5.2716000,4.9717000,5.1302000,6849878.1,1714694399999,35190375.27200000,184574,3281192.6,16864274.07350000,0
