open_time,open,high,low,close,volume,close_time,quote_volume,count,taker_buy_volume,taker_buy_quote_volume,ignore
1716508800000,6.2098000,6.2961000,6.0900000,6.1443000,3608584.7,1716537599999,22354677.48812000,95663,1759973.7,10906980.07986000,0
1716537600000,6.1443000,6.2744000,6.0547000,6.2557000,2989464.4,1716566399999,18484300.60982000,89010,1468503.5,9080322.15217000,0
1716566400000,6.2574000,6.4117000,6.2283000,6.3874000,2848735.5,1716595199999,18001320.82331000,85345,1553878.6,9824101.75500000,0
