open_time,open,high,low,close,volume,close_time,quote_volume,count,taker_buy_volume,taker_buy_quote_volume,ignore
1716076800000,6.3989000,6.5486000,6.3855000,6.5164000,3142816.3,1716105599999,20309429.54522000,99422,1549664.0,10016211.69880000,0
1716105600000,6.5163000,6.5739000,6.3573000,6.3878000,4944735.8,1716134399999,31920209.55568000,141507,2468534.8,15934308.01690000,0
1716134400000,6.3885000,6.4464000,6.2275000,6.2592000,4317549.1,1716163199999,27367706.15994000,119731,2029981.3,12875478.95674000,0
