open_time,open,high,low,close,volume,close_time,quote_volume,count,taker_buy_volume,taker_buy_quote_volume,ignore
1716595200000,6.3873000,6.4134000,6.2923000,6.3492000,2963182.8,1716623999999,18801982.75978000,95146,1454442.7,9229234.16669000,0
1716624000000,6.3492000,6.4753000,6.3430000,6.4434000,3876616.4,1716652799999,24844286.24961000,100901,1965228.5,12595214.43379000,0
1716652800000,6.4440000,6.4957000,6.3686000,6.3849000,2182043.3,1716681599999,14014543.69937000,59627,1013743.4,6511058.36201000,0
