open_time,open,high,low,close,volume,close_time,quote_volume,count,taker_buy_volume,taker_buy_quote_volume,ignore
1714867200000,5.7501000,5.7895000,5.5684000,5.6936000,3872254.7,1714895999999,21927654.67794000,102890,1900370.5,10763797.69727000,0
1714896000000,5.6936000,5.9881000,5.6704000,5.9601000,6117688.3,1714924799999,35635084.77996000,154728,3264707.7,19023558.56874000,0
1714924800000,5.9609000,5.9800000,5.8102000,5.9684000,3368652.5,1714953599999,19859953.58536000,108110,1626834.6,9590769.37436000,0
