open_time,open,high,low,close,volume,close_time,quote_volume,count,taker_buy_volume,taker_buy_quote_volume,ignore
1715558400000,6.9508000,7.2730000,6.7550000,7.2646000,21177579.5,1715587199999,148883728.39702000,597487,10558721.2,74272935.87119000,0
1715587200000,7.2646000,7.4500000,7.1730000,7.2527000,26230402.1,1715615999999,191700951.05027000,728658,12870162.6,94087345.04173000,0
1715616000000,7.2527000,7.3538000,7.0001000,7.0106000,11754452.5,1715644799999,84707424.65695000,382624,5745279.8,41453252.23158000,0
