open_time,open,high,low,close,volume,close_time,quote_volume,count,taker_buy_volume,taker_buy_quote_volume,ignore
1715040000000,5.7790000,5.8772000,5.7414000,5.8517000,2683834.8,1715068799999,15614706.01378000,81771,1328343.5,7730453.00896000,0
1715068800000,5.8508000,6.0161000,5.8413000,5.8831000,3739351.8,1715097599999,22137084.69754000,108763,1800474.7,10662693.73302000,0
1715097600000,5.8823000,5.9009000,5.6383000,5.6493000,3209925.5,1715126399999,18554521.49853000,88179,1448365.8,8381073.94985000,0
