open_time,open,high,low,close,volume,close_time,quote_volume,count,taker_buy_volume,taker_buy_quote_volume,ignore
1715990400000,6.6291000,6.6694000,6.4077000,6.4191000,5588180.0,1716019199999,36334236.05003000,181840,2768795.0,18003850.74384000,0
1716019200000,6.4194000,6.5419000,6.4015000,6.4563000,5989801.9,1716047999999,38713925.93055000,186301,3110779.2,20107586.20334000,0
1716048000000,6.4562000,6.5129000,6.3512000,6.3989000,3223146.9,1716076799999,20734260.31997000,109329,1565590.5,10078925.02605000,0
