open_time,open,high,low,close,volume,close_time,quote_volume,count,taker_buy_volume,taker_buy_quote_volume,ignore
1714953600000,5.9684000,6.1254000,5.8709000,6.1210000,4434935.0,1714982399999,26529442.56774000,134733,2203672.8,13183818.58770000,0
1714982400000,6.1216000,6.2083000,5.8220000,5.9182000,9142048.8,1715011199999,54869869.28236000,242966,4338005.1,26055900.00710000,0
1715011200000,5.9182000,5.9439000,5.7317000,5.7792000,3132869.8,1715039999999,18272875.07860000,93451,1475003.6,8607252.08331000,0
