open_time,open,high,low,close,volume,close_time,quote_volume,count,taker_buy_volume,taker_buy_quote_volume,ignore
1717027200000,6.5058000,6.5670000,6.3739000,6.3889000,3101956.7,1717055999999,20132357.67936000,82708,1412683.6,9174970.75205000,0
1717056000000,6.3889000,6.5365000,6.3247000,6.5206000,4071918.6,1717084799999,26314716.08829000,111894,1992929.5,12893171.20100000,0
1717084800000,6.5206000,6.5644000,6.4428000,6.4661000,2227366.2,1717113599999,14503897.63738000,75781,991744.8,6459906.04594000,0
