open_time,open,high,low,close,volume,close_time,quote_volume,count,taker_buy_volume,taker_buy_quote_volume,ignore
1716768000000,6.3175000,6.4512000,6.2970000,6.3530000,3851214.9,1716796799999,24613400.93026000,91382,1899743.8,12149509.10417000,0
1716796800000,6.3531000,6.5242000,6.3335000,6.4916000,4113056.8,1716825599999,26512607.39064000,107489,2033105.0,13105773.14485000,0
1716825600000,6.4916000,6.5257000,6.3286000,6.4039000,2950238.7,1716854399999,18923063.44112000,76487,1382446.8,8868776.50132000,0
