open_time,open,high,low,close,volume,close_time,quote_volume,count,taker_buy_volume,taker_buy_quote_volume,ignore
1715126400000,62296.00,62994.90,62005.80,62224.90,89080.452,1715169599999,5560280656.01350,1452991,44536.309,2780083602.80760,0
1715169600000,62224.90,62800.00,60843.60,61157.90,152571.127,1715212799999,9449172107.94290,2041855,74128.740,4592416001.36570,0
