open_time,open,high,low,close,volume,close_time,quote_volume,count,taker_buy_volume,taker_buy_quote_volume,ignore
1714608000000,58307.70,58696.60,56951.60,58538.40,127621.024,1714651199999,7374558588.58171,1722585,64586.306,3733195695.60978,0
1714651200000,58538.50,59637.30,58186.70,59036.70,171608.278,1714694399999,10113410530.47880,2355606,85163.943,5019997531.80530,0
