open_time,open,high,low,close,volume,close_time,quote_volume,count,taker_buy_volume,taker_buy_quote_volume,ignore
1714953600000,63987.90,65500.00,63666.00,64178.10,142344.121,1714996799999,9181321503.99760,2018162,72702.490,4690697306.10510,0
1714996800000,64178.10,64295.10,62655.30,63142.80,162765.946,1715039999999,10324538801.10280,2245793,78738.475,4995165946.69600,0
