open_time,open,high,low,close,volume,close_time,quote_volume,count,taker_buy_volume,taker_buy_quote_volume,ignore
1714521600000,60651.20,60816.70,56537.70,57862.10,258744.994,1714564799999,15061014990.11503,3450995,121728.551,7084881169.77359,0
1714564800000,57862.20,59438.20,56600.00,58307.60,305363.406,1714607999999,17632909660.51181,3827622,152668.039,8817019646.40544,0
