open_time,open,high,low,close,volume,close_time,quote_volume,count,taker_buy_volume,taker_buy_quote_volume,ignore
1715040000000,63142.70,64392.20,62805.60,63472.40,109944.405,1715083199999,6999539884.86950,1716942,54118.047,3445769289.34770,0
1715083200000,63472.40,64320.00,62203.60,62296.00,129030.241,1715126399999,8159494991.40780,1874484,62511.581,3954777896.57370,0
