open_time,open,high,low,close,volume,close_time,quote_volume,count,taker_buy_volume,taker_buy_quote_volume,ignore
1714867200000,63864.30,64170.60,62833.00,63838.00,83108.170,1714910399999,5276175196.98160,1339502,41796.609,2654190813.81180,0
1714910400000,63838.10,64644.30,63520.30,63988.00,102387.483,1714953599999,6558310556.51920,1500174,52591.827,3369103142.02380,0
