open_time,open,high,low,close,volume,close_time,quote_volume,count,taker_buy_volume,taker_buy_quote_volume,ignore
1715212800000,61157.90,61779.00,60550.00,61033.00,86054.538,1715255999999,5271429113.56960,1314241,42023.219,2574765715.05550,0
1715256000000,61033.00,63447.20,60846.70,63050.10,156396.764,1715299199999,9710357204.15960,2107577,80985.918,5028732987.84930,0
