open_time,open,high,low,close,volume,close_time,quote_volume,count,taker_buy_volume,taker_buy_quote_volume,ignore
1714694400000,59036.70,59976.90,58781.30,59269.30,92073.301,1714737599999,5464331269.55080,1420135,45595.281,2706303332.02620,0
1714737600000,59269.40,63333.00,58970.50,62853.70,261533.158,1714780799999,16099921839.96290,3423352,136076.520,8377613435.85560,0
