open_time,open,high,low,close,volume,close_time,quote_volume,count,taker_buy_volume,taker_buy_quote_volume,ignore
1714780800000,62853.70,64547.90,62520.00,63850.00,127671.219,1714823999999,8094157222.66000,1770648,66238.111,4200948024.53020,0
1714824000000,63850.00,64198.90,63278.10,63864.20,77533.980,1714867199999,4940544729.22150,1243894,38489.128,2452907296.29980,0
