open_time,open,high,low,close,volume,close_time,quote_volume,count,taker_buy_volume,taker_buy_quote_volume,ignore
1712275200000,68489.80,68787.10,66376.00,66907.40,73119.727,1712296799999,4937745820.78993,1019083,34444.303,2326360454.21388,0
1712296800000,66907.30,67700.00,66388.40,66502.80,71217.032,1712318399999,4768034814.10030,965387,35482.978,2376080470.89508,0
1712318400000,66502.80,68585.90,65966.00,67455.80,133773.526,1712339999999,9006077990.54728,1707422,67277.496,4530578291.52497,0
1712340000000,67455.80,68068.30,67326.60,67825.70,35437.008,1712361599999,2398306563.77180,554230,17877.965,1210097122.52270,0
