open_time,open,high,low,close,volume,close_time,quote_volume,count,taker_buy_volume,taker_buy_quote_volume,ignore
1714262400000,63420.90,64350.00,63420.90,63921.00,37217.969,1714283999999,2377415757.64380,576190,18988.551,1212898622.64660,0
1714284000000,63921.10,64041.40,63230.70,63459.10,27056.348,1714305599999,1722330286.18730,464979,12047.025,767050933.27160,0
1714305600000,63459.00,63832.00,63385.10,63730.10,25825.843,1714327199999,1642934527.90120,460008,13455.498,856067243.05500,0
1714327200000,63730.10,63973.90,62700.00,63088.30,35955.991,1714348799999,2273980910.44640,605879,17172.826,1086097246.43290,0
