open_time,open,high,low,close,volume,close_time,quote_volume,count,taker_buy_volume,taker_buy_quote_volume,ignore
1712016000000,69700.00,69731.60,65600.00,66794.00,151472.808,1712037599999,10196095608.57237,1874409,69320.288,4664329338.34197,0
1712037600000,66794.00,67157.00,65108.00,65684.20,122963.708,1712059199999,8124333188.71862,1551572,58495.921,3866128182.97922,0
1712059200000,65684.20,66289.00,64603.20,65650.30,165833.114,1712080799999,10845577940.00986,2060602,80544.592,5269246002.88355,0
1712080800000,65650.20,66225.20,65223.30,65505.30,58771.942,1712102399999,3867073311.47679,820369,28800.832,1895322034.67373,0
