open_time,open,high,low,close,volume,close_time,quote_volume,count,taker_buy_volume,taker_buy_quote_volume,ignore
1711929600000,71363.00,71388.00,69006.50,69212.20,61212.310,1711951199999,4298904234.28629,846006,27575.066,1936998907.50700,0
1711951200000,69212.20,69868.90,68895.50,69520.40,60677.557,1711972799999,4217059693.94562,816906,30925.096,2149609566.69752,0
1711972800000,69520.40,70145.00,68103.30,68784.80,111110.786,1711994399999,7663807898.36214,1496810,53937.624,3720259299.88138,0
1711994400000,68784.80,69949.00,68505.50,69700.00,49811.473,1712015999999,3458913736.51102,695470,24825.526,1723963481.91182,0
