open_time,open,high,low,close,volume,close_time,quote_volume,count,taker_buy_volume,taker_buy_quote_volume,ignore
1714003200000,64250.00,64713.60,63823.20,64190.70,40986.778,1714024799999,2634250425.61770,680391,20181.952,1297092362.47000,0
1714024800000,64190.70,64365.00,63300.00,63826.90,59284.336,1714046399999,3782988444.25650,958984,28624.048,1826647482.85050,0
1714046400000,63827.00,64850.00,62721.30,64674.90,126658.652,1714067999999,8073189727.49900,1855464,62658.566,3994804783.30780,0
1714068000000,64674.90,65270.60,64404.40,64478.80,48281.296,1714089599999,3125537480.47520,730549,24345.345,1576538907.11180,0
