open_time,open,high,low,close,volume,close_time,quote_volume,count,taker_buy_volume,taker_buy_quote_volume,ignore
1713744000000,64912.70,66390.00,64470.50,66342.80,80172.425,1713765599999,5242190618.27894,1269393,41866.487,2738238441.56870,0
1713765600000,66342.80,66449.00,65664.60,65856.20,41179.499,1713787199999,2719728059.71780,736751,19433.005,1283509290.96080,0
1713787200000,65856.10,66819.60,65600.70,66507.20,79381.910,1713808799999,5250862448.48520,1219597,40023.781,2648155271.84090,0
1713808800000,66507.20,67222.00,66094.60,66778.00,45534.577,1713830399999,3036274362.98010,747360,23939.519,1596605159.58430,0
