open_time,open,high,low,close,volume,close_time,quote_volume,count,taker_buy_volume,taker_buy_quote_volume,ignore
1713571200000,63787.40,64244.00,63045.10,64117.80,52004.011,1713592799999,3315518082.78104,873884,26379.598,1681967083.22084,0
1713592800000,64117.60,64190.00,63244.00,63688.70,43696.947,1713614399999,2783164802.48450,678070,21125.764,1345491130.76160,0
1713614400000,63688.70,65400.00,63537.30,65167.90,68505.269,1713635999999,4423457933.11563,1060795,35590.552,2298055199.50163,0
1713636000000,65167.90,65281.90,64513.10,64897.20,32936.035,1713657599999,2135272692.61184,591024,16317.145,1057924594.85180,0
