open_time,open,high,low,close,volume,close_time,quote_volume,count,taker_buy_volume,taker_buy_quote_volume,ignore
1713916800000,66386.20,67068.20,66347.20,66706.80,32995.319,1713938399999,2201248713.95370,594508,16258.200,1084723863.43580,0
1713938400000,66706.80,66856.00,66172.00,66550.70,33432.744,1713959999999,2222987133.13870,557788,16443.513,1093377265.57190,0
1713960000000,66550.70,66711.90,64315.90,64850.00,136793.652,1713981599999,8922768514.91780,1885601,65449.587,4268619155.18210,0
1713981600000,64850.00,64898.30,63575.00,64250.00,77323.346,1714003199999,4959878890.61600,1121564,37274.834,2391018550.53670,0
