open_time,open,high,low,close,volume,close_time,quote_volume,count,taker_buy_volume,taker_buy_quote_volume,ignore
1712102400000,65502.40,66550.00,64500.00,66112.70,78548.224,1712123999999,5156734010.84792,1035578,39620.027,2601920893.35371,0
1712124000000,66112.70,66696.50,65555.00,66094.30,60709.677,1712145599999,4019841040.09978,789334,29704.560,1967154464.13830,0
1712145600000,66094.20,66940.00,65661.00,65980.70,91552.550,1712167199999,6064820232.35326,1224079,45482.517,3013525245.35330,0
1712167200000,65980.70,66324.00,65451.10,65971.90,44230.779,1712188799999,2913532155.44740,667054,21579.682,1421549576.48420,0
