open_time,open,high,low,close,volume,close_time,quote_volume,count,taker_buy_volume,taker_buy_quote_volume,ignore
1712534400000,69362.70,69898.00,69040.40,69728.40,34257.919,1712555999999,2379908492.30852,699143,17204.687,1195334618.45372,0
1712556000000,69728.40,72753.60,69653.40,72472.60,143069.325,1712577599999,10239531698.28616,2295478,76818.431,5496430983.32286,0
1712577600000,72472.60,72890.40,71276.00,71740.00,91137.382,1712599199999,6558227614.94653,1665307,44104.752,3174447746.97890,0
1712599200000,71740.10,72171.60,71552.50,71678.40,28772.823,1712620799999,2067095162.49438,634565,14627.491,1050856423.53850,0
