open_time,open,high,low,close,volume,close_time,quote_volume,count,taker_buy_volume,taker_buy_quote_volume,ignore
1713052800000,63939.70,64449.20,62139.30,64370.20,115564.946,1713074399999,7340358492.49222,1610924,56800.672,3608359811.49712,0
1713074400000,64370.30,64891.60,63850.00,64150.20,63430.015,1713095999999,4084578878.51556,1075619,30732.835,1979326052.15234,0
1713096000000,64150.20,64846.10,62550.00,63849.80,127113.085,1713117599999,8121709625.17624,1706882,62296.358,3981731633.84842,0
1713117600000,63849.70,65822.10,63300.00,65615.90,89662.087,1713139199999,5791431897.39775,1302360,46200.195,2984487790.00621,0
