open_time,open,high,low,close,volume,close_time,quote_volume,count,taker_buy_volume,taker_buy_quote_volume,ignore
1714348800000,63088.40,63337.80,62020.70,62422.30,50638.797,1714370399999,3171913166.35970,850136,24443.691,1531257892.26850,0
1714370400000,62422.30,62658.70,61888.00,62222.90,46350.665,1714391999999,2886128358.16680,747776,22652.853,1410744341.29560,0
1714392000000,62222.60,63227.30,61726.20,63000.00,83178.751,1714413599999,5201920711.90100,1217288,41365.862,2587574512.16160,0
1714413600000,63000.00,64200.00,62511.10,63842.40,48242.950,1714435199999,3055472758.18630,761156,25055.634,1587459910.40610,0
