open_time,open,high,low,close,volume,close_time,quote_volume,count,taker_buy_volume,taker_buy_quote_volume,ignore
1713830400000,66777.90,67158.90,66142.60,66462.00,40306.600,1713851999999,2685054260.63910,691078,19463.694,1296718725.49770,0
1713852000000,66462.00,66627.60,65812.00,66023.50,37317.690,1713873599999,2468320728.54800,632493,18249.997,1207133032.31190,0
1713873600000,66023.50,67099.70,65750.00,66723.60,73170.682,1713895199999,4869633864.72360,1127562,36430.369,2424699142.99260,0
1713895200000,66723.60,66826.80,65924.70,66386.30,27870.592,1713916799999,1849115403.96540,511904,13510.814,896439278.45750,0
