open_time,open,high,low,close,volume,close_time,quote_volume,count,taker_buy_volume,taker_buy_quote_volume,ignore
1712448000000,68901.50,69800.00,68820.60,69399.90,40138.432,1712469599999,2783260975.50180,741275,20668.013,1433302527.55060,0
1712469600000,69399.90,69579.20,69125.30,69366.10,23351.053,1712491199999,1619581097.84360,440492,11111.718,770785817.73300,0
1712491200000,69366.20,70395.00,69215.10,69826.40,68476.252,1712512799999,4778807396.69665,1148981,36802.585,2568782242.20995,0
1712512800000,69826.40,69867.00,68881.30,69362.70,39817.699,1712534399999,2759576801.88970,763259,18931.126,1312176201.37710,0
