open_time,open,high,low,close,volume,close_time,quote_volume,count,taker_buy_volume,taker_buy_quote_volume,ignore
1712188800000,65971.80,66375.80,65100.00,65606.10,52269.829,1712210399999,3434073879.72027,717662,24923.518,1637844263.86490,0
1712210400000,65606.10,66500.00,65562.50,66361.50,41606.076,1712231999999,2752955926.34495,610332,21269.874,1407240289.00955,0
1712232000000,66361.50,68911.70,66336.60,68847.40,115320.839,1712253599999,7795724163.02195,1424693,60576.642,4096413517.55855,0
1712253600000,68847.00,69329.70,67291.30,68489.90,117188.594,1712275199999,8010414935.19176,1465530,58494.481,3997995953.03672,0
