open_time,open,high,low,close,volume,close_time,quote_volume,count,taker_buy_volume,taker_buy_quote_volume,ignore
1713657600000,64897.20,65678.70,64570.50,64992.90,41026.772,1713679199999,2671704354.68816,717934,20237.385,1318098727.25746,0
1713679200000,64992.90,65425.00,64728.30,65203.50,32779.894,1713700799999,2132219825.03050,569465,17103.586,1112698652.93570,0
1713700800000,65203.50,65362.30,64214.20,64793.00,53927.191,1713722399999,3492188017.94024,902475,26834.723,1737889487.27630,0
1713722400000,64793.00,65242.00,64322.70,64912.60,32800.091,1713743999999,2125043321.71410,583010,16219.221,1051011405.03930,0
