open_time,open,high,low,close,volume,close_time,quote_volume,count,taker_buy_volume,taker_buy_quote_volume,ignore
1713225600000,63392.80,63879.60,61651.80,62682.80,87753.600,1713247199999,5512345340.72220,1292447,42241.811,2654042218.25176,0
1713247200000,62682.70,63786.30,61521.00,63064.60,105292.212,1713268799999,6606470437.99798,1426092,52774.269,3312026661.74232,0
1713268800000,63064.60,63399.70,61680.00,62472.30,149296.621,1713290399999,9328599844.59942,2122262,74492.405,4654940375.85532,0
1713290400000,62472.20,64356.30,62405.40,63765.00,63589.006,1713311999999,4023946003.04660,975714,32894.502,2081748695.70860,0
