open_time,open,high,low,close,volume,close_time,quote_volume,count,taker_buy_volume,taker_buy_quote_volume,ignore
1712966400000,67136.40,67975.40,65754.60,67375.70,84425.364,1712987999999,5645703030.15374,1287981,41442.427,2772049402.59929,0
1712988000000,67375.70,67842.90,67116.90,67377.00,36306.434,1713009599999,2447886743.06800,622734,17523.441,1181564893.22910,0
1713009600000,67377.10,67954.00,66515.80,66755.50,67179.959,1713031199999,4522567582.56932,1103451,32741.419,2204659910.11550,0
1713031200000,66755.40,67279.50,59652.50,63939.70,327093.446,1713052799999,20751746123.88955,3665475,154105.616,9779212921.55153,0
