open_time,open,high,low,close,volume,close_time,quote_volume,count,taker_buy_volume,taker_buy_quote_volume,ignore
1712793600000,70681.80,71128.80,70340.00,70639.10,38008.787,1712815199999,2687024821.62504,760367,18489.720,1307142816.02216,0
1712815200000,70639.10,71387.40,69921.10,70043.30,66300.965,1712836799999,4691743369.02000,1056110,32431.283,2295703620.20856,0
1712836800000,70043.40,71160.00,69592.60,70244.70,119650.729,1712858399999,8401613528.84662,1918336,60344.681,4238053568.94574,0
1712858400000,70244.70,70806.40,69800.00,70055.70,32233.672,1712879999999,2266513806.06532,656705,15888.241,1117346879.86460,0
