open_time,open,high,low,close,volume,close_time,quote_volume,count,taker_buy_volume,taker_buy_quote_volume,ignore
1712880000000,70055.60,71297.00,70044.40,71009.80,41684.293,1712901599999,2951157152.52070,724067,22186.673,1570804091.07960,0
1712901600000,71009.80,71069.10,70552.90,70950.90,33572.636,1712923199999,2377790162.91490,640735,17795.668,1260492233.01650,0
1712923200000,70950.90,71028.00,67178.70,68191.30,178091.429,1712944799999,12305755769.51832,2240285,83175.737,5747784309.62996,0
1712944800000,68191.30,68435.90,65102.00,67136.40,162179.791,1712966399999,10831911463.67555,1984239,76441.520,5106503810.27228,0
