open_time,open,high,low,close,volume,close_time,quote_volume,count,taker_buy_volume,taker_buy_quote_volume,ignore
1714176000000,63748.70,63901.40,62332.80,62957.60,68955.308,1714197599999,4341807482.01320,1038088,31976.161,2013308470.52750,0
1714197600000,62957.70,63139.00,62650.00,62834.50,22495.797,1714219199999,1415374937.53270,451751,11266.259,708882475.22700,0
1714219200000,62834.40,63624.40,62700.20,63381.10,43660.261,1714240799999,2754938170.47250,725981,22048.772,1391339235.41090,0
1714240800000,63381.10,63576.30,62800.00,63421.00,32237.743,1714262399999,2039064583.93550,538132,15935.750,1008002119.35330,0
