open_time,open,high,low,close,volume,close_time,quote_volume,count,taker_buy_volume,taker_buy_quote_volume,ignore
1712620800000,71678.30,71820.60,70900.00,71110.50,46328.418,1712642399999,3303324768.99980,925305,22333.439,1592610574.02828,0
1712642400000,71110.50,71328.70,69536.80,70858.30,101806.072,1712663999999,7174538993.36563,1518883,49206.333,3468469430.89854,0
1712664000000,70858.20,71048.30,68216.00,68878.30,154115.519,1712685599999,10699467202.55482,2316254,73754.137,5121107513.08910,0
1712685600000,68878.20,69473.40,68686.90,69189.30,31809.394,1712707199999,2197934372.51850,671154,15264.898,1054849058.46650,0
