open_time,open,high,low,close,volume,close_time,quote_volume,count,taker_buy_volume,taker_buy_quote_volume,ignore
1713139200000,65615.90,65842.80,64649.20,65428.10,51286.945,1713160799999,3346118670.67320,908292,25372.173,1655469321.20276,0
1713160800000,65428.10,66874.90,65320.10,65848.60,78975.742,1713182399999,5232423792.34623,1162042,39600.774,2623821493.65115,0
1713182400000,65848.60,66369.70,63313.20,63887.70,145837.630,1713203999999,9440391359.48785,2033824,71304.118,4615598341.71678,0
1713204000000,63887.60,64036.90,62242.50,63392.70,105431.908,1713225599999,6658910135.87640,1437510,50625.261,3198533473.47058,0
