open_time,open,high,low,close,volume,close_time,quote_volume,count,taker_buy_volume,taker_buy_quote_volume,ignore
1713312000000,63764.90,64483.30,63541.70,63893.10,46371.638,1713333599999,2965178077.16132,802328,23314.754,1491020425.71602,0
1713333600000,63893.20,63975.00,62490.00,62576.90,59932.350,1713355199999,3788090871.05648,907472,28566.301,1805908180.74340,0
1713355200000,62576.80,62957.20,59625.00,61242.70,256590.000,1713376799999,15672974509.47540,3155523,125422.858,7662134650.01618,0
1713376800000,61242.80,61938.00,60700.00,61254.50,81139.004,1713398399999,4976101648.08498,1148094,40361.243,2475604534.74436,0
