open_time,open,high,low,close,volume,close_time,quote_volume,count,taker_buy_volume,taker_buy_quote_volume,ignore
1712361600000,67825.80,68240.10,67450.00,68028.50,28993.910,1712383199999,1966481354.26716,481931,14407.425,977354772.23256,0
1712383200000,68028.50,68185.30,67610.00,67655.00,22127.461,1712404799999,1502694887.76130,349764,10014.266,680098883.77760,0
1712404800000,67654.90,68490.10,67525.00,68290.00,33091.331,1712426399999,2250269049.92190,542004,17661.012,1201080168.50816,0
1712426400000,68290.00,69708.00,68158.50,68901.60,43131.024,1712447999999,2971609889.78918,670368,22838.132,1573757988.37198,0
