open_time,open,high,low,close,volume,close_time,quote_volume,count,taker_buy_volume,taker_buy_quote_volume,ignore
1713398400000,61254.50,62194.80,60900.00,61051.40,60928.634,1713419999999,3752343725.24844,945861,29439.756,1813558430.66462,0
1713420000000,61051.40,63049.90,60763.80,62563.00,84522.278,1713441599999,5221333036.30106,1258114,44719.808,2763153328.96776,0
1713441600000,62563.00,64100.00,61558.00,62755.20,153775.457,1713463199999,9685697367.03032,2084833,76227.599,4802537411.29040,0
1713463200000,62755.10,63815.60,62268.40,63445.00,64076.025,1713484799999,4049159626.43504,958696,32467.833,2051883878.72888,0
