open_time,open,high,low,close,volume,close_time,quote_volume,count,taker_buy_volume,taker_buy_quote_volume,ignore
1714435200000,63842.40,64700.00,63050.00,63295.90,66972.196,1714456799999,4271839827.81190,982471,33144.884,2114721474.27850,0
1714456800000,63296.00,63440.00,61000.00,61182.30,102014.862,1714478399999,6325368706.12730,1545985,48881.076,3031402548.66510,0
1714478400000,61182.30,61576.10,60042.40,60352.40,131569.808,1714499999999,7997435660.21870,1908122,64153.725,3900289355.85750,0
1714500000000,60352.40,61063.20,59150.00,60651.20,108190.837,1714521599999,6498247957.51010,1518798,52270.303,3141070561.52720,0
