open_time,open,high,low,close,volume,close_time,quote_volume,count,taker_buy_volume,taker_buy_quote_volume,ignore
1712707200000,69189.20,69650.00,68514.00,69300.10,49465.299,1712728799999,3416948527.47726,939784,23995.613,1657743598.50840,0
1712728800000,69300.00,69564.00,68662.70,69094.70,40920.360,1712750399999,2826546639.55368,784739,19587.637,1353104279.67660,0
1712750400000,69094.80,69989.00,67546.20,69395.60,170968.710,1712771999999,11720119749.04838,2414892,83491.931,5725024305.81952,0
1712772000000,69395.60,71412.20,69102.70,70681.70,76420.387,1712793599999,5362026597.74615,1236980,40166.355,2818190121.39915,0
