open_time,open,high,low,close,volume,close_time,quote_volume,count,taker_buy_volume,taker_buy_quote_volume,ignore
1714089600000,64478.80,64649.70,63844.00,64527.10,44409.776,1714111199999,2854689984.52050,714549,22307.174,1434059728.20940,0
1714111200000,64527.10,64590.30,64031.50,64213.60,30680.021,1714132799999,1972989803.17600,531615,14842.125,954531275.25560,0
1714132800000,64213.60,64783.10,63291.50,63984.00,104333.539,1714154399999,6673654266.27270,1494825,52837.635,3380153983.25530,0
1714154400000,63984.50,64156.00,63648.60,63748.80,22726.477,1714175999999,1452255091.94930,421798,11334.136,724350213.40130,0
