open_time,open,high,low,close,volume,close_time,quote_volume,count,taker_buy_volume,taker_buy_quote_volume,ignore
1714521600000,5.1638000,5.1800000,4.6415000,4.7399000,13108369.7,1714564799999,63384051.24568000,316240,5930925.1,28669787.69917000,0
1714564800000,4.7401000,4.9661000,4.5983000,4.8806000,12634715.2,1714607999999,60314590.51407000,323059,6145796.7,29353757.53686000,0
