open_time,open,high,low,close,volume,close_time,quote_volume,count,taker_buy_volume,taker_buy_quote_volume,ignore
1714608000000,4.8812000,4.9008000,4.6788000,4.8845000,5937557.3,1714651199999,28410697.61943000,180442,2981686.5,14266551.69882000,0
1714651200000,4.8846000,5.2716000,4.7782000,5.1302000,13182689.3,1714694399999,66330675.48688000,309340,6381717.5,32106193.00564000,0
