open_time,open,high,low,close,volume,close_time,quote_volume,count,taker_buy_volume,taker_buy_quote_volume,ignore
1715212800000,5.7577000,6.0899000,5.7564000,5.9874000,9292008.5,1715255999999,55465921.41233000,232682,4297300.3,25650615.03439000,0
1715256000000,5.9874000,6.4760000,5.9534000,6.4130000,22105086.4,1715299199999,138047255.58794000,482586,11267670.3,70400354.20790000,0
