open_time,open,high,low,close,volume,close_time,quote_volume,count,taker_buy_volume,taker_buy_quote_volume,ignore
1716854400000,6.4039000,6.5070000,6.2217000,6.4399000,5668400.1,1716897599999,36100830.14864000,158001,2625168.6,16739208.90579000,0
1716897600000,6.4398000,6.5100000,6.3551000,6.4718000,4286320.1,1716940799999,27628535.39606000,125189,2111642.0,13615319.01866000,0
