open_time,open,high,low,close,volume,close_time,quote_volume,count,taker_buy_volume,taker_buy_quote_volume,ignore
1717027200000,6.5058000,6.5670000,6.3247000,6.4737000,5700426.4,1717070399999,36873197.99566000,150026,2659074.5,17215986.32846000,0
1717070400000,6.4738000,6.5644000,6.4428000,6.4661000,3700815.1,1717113599999,24077773.40937000,120357,1738283.4,11312061.67053000,0
