open_time,open,high,low,close,volume,close_time,quote_volume,count,taker_buy_volume,taker_buy_quote_volume,ignore
1716681600000,6.3852000,6.4420000,6.3001000,6.3206000,3202618.2,1716724799999,20392026.38330000,91874,1505790.2,9590695.21269000,0
1716724800000,6.3207000,6.3699000,6.2686000,6.3174000,2666833.8,1716767999999,16853354.92487000,80944,1299381.5,8213923.08875000,0
