open_time,open,high,low,close,volume,close_time,quote_volume,count,taker_buy_volume,taker_buy_quote_volume,ignore
1714953600000,5.9684000,6.2083000,5.8709000,6.0463000,9649681.8,1714996799999,58132819.22163000,264339,4692600.6,28280456.74829000,0
1714996800000,6.0464000,6.0464000,5.7317000,5.7792000,7060171.8,1715039999999,41539367.70707000,206811,3324080.9,19566513.92982000,0
