open_time,open,high,low,close,volume,close_time,quote_volume,count,taker_buy_volume,taker_buy_quote_volume,ignore
1716595200000,6.3873000,6.4590000,6.2923000,6.3777000,5129443.6,1716638399999,32655109.20110000,147104,2611284.7,16629449.55773000,0
1716638400000,6.3778000,6.4957000,6.3686000,6.3849000,3892398.9,1716681599999,25005703.50766000,108570,1822129.9,11706057.40476000,0
