open_time,open,high,low,close,volume,close_time,quote_volume,count,taker_buy_volume,taker_buy_quote_volume,ignore
1716163200000,6.2593000,6.4413000,6.2071000,6.3665000,5432898.6,1716206399999,34479191.47450000,171940,2613068.0,16585898.81326000,0
1716206400000,6.3665000,6.6423000,6.3479000,6.5523000,10311338.5,1716249599999,67293193.83704000,304533,5254074.8,34284671.35204000,0
