open_time,open,high,low,close,volume,close_time,quote_volume,count,taker_buy_volume,taker_buy_quote_volume,ignore
1716422400000,6.5425000,6.7330000,6.4027000,6.4880000,9437214.6,1716465599999,61785947.79574000,243681,4427893.9,28984705.42841000,0
1716465600000,6.4879000,6.4967000,5.9777000,6.2098000,11772906.5,1716508799999,73382461.95990000,311235,5375733.9,33503999.87488000,0
