open_time,open,high,low,close,volume,close_time,quote_volume,count,taker_buy_volume,taker_buy_quote_volume,ignore
1715904000000,6.7839000,6.7889000,6.6028000,6.6419000,8964884.8,1715947199999,60010912.73857000,319847,4639933.8,31055976.02179000,0
1715947200000,6.6422000,6.7200000,6.5405000,6.6291000,8993716.0,1715990399999,59718526.77728000,316373,4313028.8,28640667.51004000,0
