open_time,open,high,low,close,volume,close_time,quote_volume,count,taker_buy_volume,taker_buy_quote_volume,ignore
1715990400000,6.6291000,6.6694000,6.4077000,6.5138000,8321135.3,1716033599999,54064544.90993000,268417,4233224.3,27504149.49791000,0
1716033600000,6.5138000,6.5180000,6.3512000,6.3989000,6479993.5,1716076799999,41717877.39062000,209053,3211940.4,20686212.47532000,0
