open_time,open,high,low,close,volume,close_time,quote_volume,count,taker_buy_volume,taker_buy_quote_volume,ignore
1715558400000,6.9508000,7.4500000,6.7550000,7.3504000,39370014.7,1715601599999,282378363.84536000,1076224,19567036.4,140387866.26439000,0
1715601600000,7.3505000,7.3649000,7.0001000,7.0106000,19792419.4,1715644799999,142913740.25888000,632545,9607127.2,69425666.88011000,0
