open_time,open,high,low,close,volume,close_time,quote_volume,count,taker_buy_volume,taker_buy_quote_volume,ignore
1715126400000,5.6498000,5.8257000,5.6007000,5.6964000,6148920.1,1715169599999,35015648.56727000,172217,3048107.8,17351597.88982000,0
1715169600000,5.6968000,5.9294000,5.6820000,5.7593000,6709266.2,1715212799999,38829760.56004000,186493,3196433.1,18505546.53659000,0
