open_time,open,high,low,close,volume,close_time,quote_volume,count,taker_buy_volume,taker_buy_quote_volume,ignore
1715731200000,6.8433000,7.0555000,6.8125000,6.8667000,9377816.2,1715774399999,64977291.42944000,331985,4598676.9,31871959.71465000,0
1715774400000,6.8671000,7.1464000,6.8596000,6.9926000,13726524.7,1715817599999,95804117.94619000,485750,6848649.8,47824613.47655000,0
