open_time,open,high,low,close,volume,close_time,quote_volume,count,taker_buy_volume,taker_buy_quote_volume,ignore
1714694400000,5.1312000,5.4094000,5.1014000,5.2625000,9663162.8,1714737599999,51260162.14367000,269590,4608882.9,24448988.73191000,0
1714737600000,5.2627000,5.7999000,5.2500000,5.6884000,15388734.6,1714780799999,85873641.13153000,381894,7623656.3,42538076.15144000,0
