open_time,open,high,low,close,volume,close_time,quote_volume,count,taker_buy_volume,taker_buy_quote_volume,ignore
1715644800000,7.0108000,7.2232000,6.8000000,6.8438000,16288366.8,1715687999999,114091718.20852000,544447,7768478.2,54466922.56273000,0
1715688000000,6.8436000,7.0784000,6.5663000,6.8430000,20500558.8,1715731199999,139666281.92111000,638365,10060606.3,68574538.68221000,0
