open_time,open,high,low,close,volume,close_time,quote_volume,count,taker_buy_volume,taker_buy_quote_volume,ignore
1714780800000,5.6874000,5.8469000,5.6501000,5.7136000,7127515.6,1714823999999,41057114.98555000,165418,3449272.5,19875269.75622000,0
1714824000000,5.7141000,5.7878000,5.6600000,5.7496000,4637927.6,1714867199999,26542460.71249000,132394,2278205.7,13040025.83243000,0
