open_time,open,high,low,close,volume,close_time,quote_volume,count,taker_buy_volume,taker_buy_quote_volume,ignore
1715472000000,6.8942000,7.0447000,6.8096000,7.0251000,11769017.0,1715515199999,81541593.47964000,359819,5654459.8,39175847.99264000,0
1715515200000,7.0248000,7.1000000,6.8700000,6.9508000,13541057.1,1715558399999,94645815.63559000,422015,6470058.1,45220206.23331000,0
