open_time,open,high,low,close,volume,close_time,quote_volume,count,taker_buy_volume,taker_buy_quote_volume,ignore
1716940800000,6.4718000,6.6174000,6.4260000,6.4836000,5219613.2,1716983999999,34013579.73875000,135044,2446452.7,15947505.77347000,0
1716984000000,6.4844000,6.5801000,6.4113000,6.5064000,5618631.3,1717027199999,36512746.57965000,143866,2769760.7,18005898.83251000,0
