open_time,open,high,low,close,volume,close_time,quote_volume,count,taker_buy_volume,taker_buy_quote_volume,ignore
1717113600000,6.4661000,6.4938000,6.3765000,6.4074000,3174196.5,1717156799999,20402487.80536000,98575,1419113.9,9122774.04802000,0
1717156800000,6.4080000,6.4424000,6.3262000,6.3384000,3846621.5,1717199999999,24553076.40674000,117913,1853993.7,11837887.65333000,0
