open_time,open,high,low,close,volume,close_time,quote_volume,count,taker_buy_volume,taker_buy_quote_volume,ignore
1716336000000,6.3200000,6.3713000,6.2101000,6.2650000,4909225.6,1716379199999,30924747.99867000,140585,2479974.1,15626563.36255000,0
1716379200000,6.2665000,6.6282000,6.1435000,6.5426000,16032166.1,1716422399999,103858065.76839000,359391,7737373.1,50151126.47984000,0
