open_time,open,high,low,close,volume,close_time,quote_volume,count,taker_buy_volume,taker_buy_quote_volume,ignore
1714867200000,5.7501000,5.7895000,5.5684000,5.7628000,5602372.8,1714910399999,31857797.24917000,150336,2737866.5,15571407.78318000,0
1714910400000,5.7628000,5.9881000,5.7353000,5.9684000,7756222.7,1714953599999,45564895.79409000,215392,4054046.3,23806717.85719000,0
