open_time,open,high,low,close,volume,close_time,quote_volume,count,taker_buy_volume,taker_buy_quote_volume,ignore
1715817600000,6.9926000,7.0733000,6.4839000,6.6042000,19011691.3,1715860799999,127845577.08305000,540671,9190043.6,61800758.72057000,0
1715860800000,6.6040000,6.7994000,6.3334000,6.7855000,25859969.0,1715903999999,171316550.60924000,748267,13008640.1,86212969.84280000,0
