open_time,open,high,low,close,volume,close_time,quote_volume,count,taker_buy_volume,taker_buy_quote_volume,ignore
1716076800000,6.3989000,6.5739000,6.3855000,6.4584000,5780330.9,1716119999999,37449585.61568000,170527,2847837.5,18451463.51667000,0
1716120000000,6.4584000,6.4836000,6.2275000,6.2592000,6624770.3,1716163199999,42147759.64516000,190133,3200342.6,20374535.15577000,0
