open_time,open,high,low,close,volume,close_time,quote_volume,count,taker_buy_volume,taker_buy_quote_volume,ignore
1715385600000,6.7693000,7.0054000,6.6115000,6.6409000,20770881.4,1715428799999,141154882.13453000,579499,9885853.8,67215426.55294000,0
1715428800000,6.6410000,6.9313000,6.6347000,6.8929000,10297211.6,1715471999999,70148999.03634000,383075,5135670.3,34991740.60699000,0
