open_time,open,high,low,close,volume,close_time,quote_volume,count,taker_buy_volume,taker_buy_quote_volume,ignore
1715299200000,6.4132000,7.0077000,6.3083000,6.9865000,22382017.0,1715342399999,151500654.49820000,625442,10994132.0,74458133.28056000,0
1715342400000,6.9865000,7.2000000,6.5615000,6.7684000,44486702.2,1715385599999,303824115.74610000,1075138,21334133.0,145760590.72385000,0
