open_time,open,high,low,close,volume,close_time,quote_volume,count,taker_buy_volume,taker_buy_quote_volume,ignore
1716768000000,6.3175000,6.4892000,6.2970000,6.4396000,5837040.4,1716811199999,37343524.67341000,144286,2877944.6,18420447.98357000,0
1716811200000,6.4395000,6.5257000,6.3286000,6.4039000,5077470.0,1716854399999,32705547.08861000,131072,2437351.0,15703610.76677000,0
