open_time,open,high,low,close,volume,close_time,quote_volume,count,taker_buy_volume,taker_buy_quote_volume,ignore
1716249600000,6.5530000,6.7310000,6.4740000,6.5300000,8177231.5,1716292799999,54027352.06309000,227448,3912658.1,25864334.99629000,0
1716292800000,6.5299000,6.5332000,6.3000000,6.3212000,8802432.6,1716335999999,56273328.59561000,244267,4161697.1,26611437.52346000,0
