open_time,open,high,low,close,volume,close_time,quote_volume,count,taker_buy_volume,taker_buy_quote_volume,ignore
1716508800000,6.2098000,6.2961000,6.0547000,6.1810000,5008485.4,1716551999999,30965956.80277000,138212,2453902.5,15175874.50770000,0
1716552000000,6.1819000,6.4117000,6.1510000,6.3874000,4438299.2,1716595199999,27874342.11848000,131806,2328453.3,14635529.47933000,0
