open_time,open,high,low,close,volume,close_time,quote_volume,count,taker_buy_volume,taker_buy_quote_volume,ignore
1715040000000,5.7790000,6.0161000,5.7414000,5.8605000,4957290.1,1715083199999,29093444.02296000,145590,2429989.6,14265120.94647000,0
1715083200000,5.8604000,5.9540000,5.6383000,5.6493000,4675822.0,1715126399999,27212868.18689000,133123,2147194.4,12509099.74536000,0
