open_time,open,high,low,close,volume,close_time,quote_volume,count,taker_buy_volume,taker_buy_quote_volume,ignore
1714867200000,0.5299,0.5318,0.5236,0.5291,211526359.0,1714910399999,111663961.60285,168649,104009530.7,54911430.02397,0
1714910400000,0.5291,0.5333,0.5259,0.5292,181181092.6,1714953599999,95927609.68092,159639,90254305.4,47792514.30261,0
