open_time,open,high,low,close,volume,close_time,quote_volume,count,taker_buy_volume,taker_buy_quote_volume,ignore
1714694400000,0.5177,0.5264,0.5143,0.5160,354755853.0,1714737599999,184335953.98190,258659,180846028.4,93965481.82681,0
1714737600000,0.5160,0.5364,0.5152,0.5312,386043161.6,1714780799999,203264737.92115,285130,197825276.6,104121578.46747,0
