open_time,open,high,low,close,volume,close_time,quote_volume,count,taker_buy_volume,taker_buy_quote_volume,ignore
1714780800000,0.5313,0.5374,0.5268,0.5343,262908196.0,1714823999999,139623401.60531,182813,128029092.9,68007618.23907,0
1714824000000,0.5343,0.5408,0.5284,0.5299,254963021.8,1714867199999,136275382.76421,203300,122746176.5,65620772.28436,0
