open_time,open,high,low,close,volume,close_time,quote_volume,count,taker_buy_volume,taker_buy_quote_volume,ignore
1715126400000,0.5242,0.5267,0.5169,0.5194,381594006.4,1715169599999,199059184.25771,276783,181729079.9,94799810.07887,0
1715169600000,0.5195,0.5295,0.5149,0.5168,409789603.5,1715212799999,214169144.59691,291251,203224738.9,106263368.91261,0
