open_time,open,high,low,close,volume,close_time,quote_volume,count,taker_buy_volume,taker_buy_quote_volume,ignore
1714953600000,0.5293,0.5475,0.5280,0.5349,444608047.6,1714996799999,238889534.28453,307422,223973022.4,120357141.78276,0
1714996800000,0.5348,0.5700,0.5244,0.5398,1259399457.2,1715039999999,689642337.87643,763230,617853519.8,338385675.41758,0
