open_time,open,high,low,close,volume,close_time,quote_volume,count,taker_buy_volume,taker_buy_quote_volume,ignore
1715040000000,0.5398,0.5441,0.5308,0.5344,512427121.9,1715083199999,275959254.69882,348583,249108856.3,134173479.70708,0
1715083200000,0.5344,0.5425,0.5213,0.5242,462545937.3,1715126399999,247465451.89097,306791,222497547.4,119083656.84032,0
