open_time,open,high,low,close,volume,close_time,quote_volume,count,taker_buy_volume,taker_buy_quote_volume,ignore
1714521600000,0.5003,0.5045,0.4772,0.4940,731036212.4,1714564799999,359554605.13511,483949,359289728.2,176732474.53585,0
1714564800000,0.4940,0.5213,0.4922,0.5173,789008141.5,1714607999999,401041412.24775,540800,404761451.2,205744707.98456,0
