open_time,open,high,low,close,volume,close_time,quote_volume,count,taker_buy_volume,taker_buy_quote_volume,ignore
1715212800000,0.5169,0.5234,0.5086,0.5136,308204598.0,1715255999999,159363153.47245,236599,151102767.1,78141528.78124,0
1715256000000,0.5136,0.5216,0.5083,0.5206,330780396.9,1715299199999,170719075.10632,244515,164748401.3,85016910.66716,0
