open_time,open,high,low,close,volume,close_time,quote_volume,count,taker_buy_volume,taker_buy_quote_volume,ignore
1714608000000,0.5174,0.5199,0.5065,0.5174,448743384.0,1714651199999,230315315.26244,320114,224324689.8,115130179.07899,0
1714651200000,0.5173,0.5242,0.5126,0.5178,375740775.6,1714694399999,195128498.50227,278169,181923949.2,94466562.82337,0
