open_time,open,high,low,close,volume,close_time,quote_volume,count,taker_buy_volume,taker_buy_quote_volume,ignore
1710201600000,3.2926000,3.9493000,3.2634000,3.6749000,29063687.9,1710230399999,105770888.85521000,526874,14638890.5,53319442.03878000,0
1710230400000,3.6738000,3.7991000,3.5030000,3.6501000,17904928.1,1710259199999,64911831.06388000,336208,8771097.0,31812278.06868000,0
1710259200000,3.6513000,4.2457000,3.4620000,4.0718000,13585835.9,1710287999999,51885439.90483000,310718,6658414.3,25469516.64415000,0
