open_time,open,high,low,close,volume,close_time,quote_volume,count,taker_buy_volume,taker_buy_quote_volume,ignore
1710288000000,4.0697000,4.5406000,4.0141000,4.4112000,20081096.0,1710316799999,86778290.76990000,471559,10018620.0,43301321.10931000,0
1710316800000,4.4076000,4.5961000,4.2400000,4.5930000,18064691.7,1710345599999,79136107.20531000,389598,9039533.9,39623424.43185000,0
1710345600000,4.5932000,4.6265000,4.2743000,4.3177000,7909260.6,1710374399999,35008845.15173000,200617,3835145.3,16982552.36593000,0
