open_time,open,high,low,close,volume,close_time,quote_volume,count,taker_buy_volume,taker_buy_quote_volume,ignore
1711756800000,5.0259000,5.1215000,4.9769000,5.0580000,2414867.0,1711785599999,12186496.63651000,74085,1067825.7,5392255.98683000,0
1711785600000,5.0570000,5.3579000,5.0385000,5.3112000,8841357.3,1711814399999,46446329.70517000,207541,4332432.4,22757685.03865000,0
1711814400000,5.3125000,5.3741000,5.2212000,5.2687000,3253707.8,1711843199999,17220755.54828000,96416,1572614.2,8327026.58900000,0
