open_time,open,high,low,close,volume,close_time,quote_volume,count,taker_buy_volume,taker_buy_quote_volume,ignore
1709942400000,2.8358000,2.8863000,2.7765000,2.8642000,1665312.3,1709971199999,4716987.95275000,42562,764614.8,2169048.55040000,0
1709971200000,2.8644000,2.9200000,2.8191000,2.8796000,1964615.4,1709999999999,5654060.94103000,53358,900663.9,2594718.21667000,0
1710000000000,2.8796000,2.8848000,2.8256000,2.8813000,948261.7,1710028799999,2703520.78760000,31025,443023.3,1264541.34203000,0
