open_time,open,high,low,close,volume,close_time,quote_volume,count,taker_buy_volume,taker_buy_quote_volume,ignore
1710806400000,3.8232000,3.9858000,3.5500000,3.8302000,8377661.1,1710835199999,31338207.46356000,233450,4095196.6,15335405.10098000,0
1710835200000,3.8305000,4.0049000,3.6081000,3.9982000,9632716.0,1710863999999,36700821.07598000,251764,4669404.2,17800229.38823000,0
1710864000000,3.9972000,4.0261000,3.7081000,3.7893000,5443657.3,1710892799999,21223780.21341000,161741,2519368.4,9830984.20892000,0
