open_time,open,high,low,close,volume,close_time,quote_volume,count,taker_buy_volume,taker_buy_quote_volume,ignore
1711411200000,5.3532000,5.4364000,5.2758000,5.3266000,4605627.2,1711439999999,24684293.06479000,132610,2101510.4,11268698.50523000,0
1711440000000,5.3266000,5.3705000,5.0324000,5.1350000,8798543.3,1711468799999,45637334.17969000,224628,3996394.3,20737799.25807000,0
1711468800000,5.1351000,5.1645000,4.9949000,5.0601000,4530340.3,1711497599999,22916661.16633000,121960,2283051.4,11555405.70353000,0
