open_time,open,high,low,close,volume,close_time,quote_volume,count,taker_buy_volume,taker_buy_quote_volume,ignore
1711584000000,4.9721000,5.0158000,4.8001000,4.9461000,3025203.7,1711612799999,14752130.97524000,83569,1418224.3,6918395.69670000,0
1711612800000,4.9483000,5.1405000,4.8900000,5.0457000,5519260.6,1711641599999,27690010.58256000,142373,2640855.2,13252231.58019000,0
1711641600000,5.0458000,5.0664000,4.8600000,4.9022000,3639704.3,1711670399999,18000657.82721000,81174,1672043.8,8271091.41312000,0
