open_time,open,high,low,close,volume,close_time,quote_volume,count,taker_buy_volume,taker_buy_quote_volume,ignore
1709510400000,2.6767000,2.7200000,2.6443000,2.7065000,1376061.0,1709539199999,3686024.64493000,42266,609252.7,1632991.59707000,0
1709539200000,2.7064000,2.7876000,2.6646000,2.7520000,3179060.1,1709567999999,8653358.28916000,63853,1423633.7,3878663.99658000,0
1709568000000,2.7527000,2.7617000,2.6694000,2.7328000,2198222.2,1709596799999,5989744.76311000,48879,1002532.0,2731912.89148000,0
