open_time,open,high,low,close,volume,close_time,quote_volume,count,taker_buy_volume,taker_buy_quote_volume,ignore
1711152000000,4.4498000,4.9763000,4.3859000,4.9461000,20456791.1,1711180799999,95927397.87491000,440636,10243538.4,48087775.18271000,0
1711180800000,4.9454000,5.1839000,4.7381000,4.9897000,27014105.2,1711209599999,133876023.68702000,548764,12997542.2,64440065.40231000,0
1711209600000,4.9898000,5.3000000,4.8126000,4.8234000,13204331.2,1711238399999,67013715.77354000,361342,6447834.0,32763994.52257000,0
