open_time,open,high,low,close,volume,close_time,quote_volume,count,taker_buy_volume,taker_buy_quote_volume,ignore
1710374400000,4.3177000,4.3625000,4.0348000,4.2329000,7020972.1,1710403199999,29163166.69337000,164783,3303363.6,13714082.71412000,0
1710403200000,4.2312000,4.3470000,4.0531000,4.0798000,7647227.9,1710431999999,32244139.41289000,215115,3682841.5,15537702.20752000,0
1710432000000,4.0815000,4.1611000,3.7697000,4.0403000,7241826.2,1710460799999,28878819.61912000,166886,3392571.2,13538630.75633000,0
