open_time,open,high,low,close,volume,close_time,quote_volume,count,taker_buy_volume,taker_buy_quote_volume,ignore
1709596800000,2.7333000,2.7629000,2.6538000,2.6977000,2133829.4,1709625599999,5797984.78803000,52439,1003417.0,2727741.00317000,0
1709625600000,2.6977000,2.7489000,2.6300000,2.6888000,2392402.4,1709654399999,6466993.33565000,54394,1148325.7,3105785.93610000,0
1709654400000,2.6905000,2.7027000,2.1612000,2.5951000,5016088.4,1709683199999,12696684.60734000,86498,2288307.8,5813162.35967000,0
