open_time,open,high,low,close,volume,close_time,quote_volume,count,taker_buy_volume,taker_buy_quote_volume,ignore
1711238400000,4.8234000,5.1581000,4.8044000,4.9820000,9127972.3,1711267199999,45509827.11116000,299908,4459563.0,22237829.69013000,0
1711267200000,4.9812000,4.9994000,4.8277000,4.9432000,6586507.6,1711295999999,32430272.41332000,206057,3123092.5,15380216.79348000,0
1711296000000,4.9428000,5.0293000,4.8700000,4.9841000,3898894.1,1711324799999,19311574.10481000,127091,1852676.9,9180148.92222000,0
