open_time,open,high,low,close,volume,close_time,quote_volume,count,taker_buy_volume,taker_buy_quote_volume,ignore
1709337600000,2.7134000,2.7610000,2.6267000,2.7295000,3147515.2,1709366399999,8540445.41704000,46221,1432340.3,3891630.55474000,0
1709366400000,2.7254000,2.7479000,2.6705000,2.7098000,2505589.8,1709395199999,6771262.05408000,47635,1187404.9,3209772.20385000,0
1709395200000,2.7092000,2.7417000,2.6804000,2.7198000,1420526.0,1709423999999,3850622.74689000,30392,725059.5,1965408.83451000,0
