open_time,open,high,low,close,volume,close_time,quote_volume,count,taker_buy_volume,taker_buy_quote_volume,ignore
1709856000000,2.7556000,2.8042000,2.7162000,2.7722000,1286431.6,1709884799999,3555044.88733000,31894,539257.7,1491597.57306000,0
1709884800000,2.7719000,2.8120000,2.6983000,2.7236000,2205622.8,1709913599999,6092882.35344000,42696,943157.2,2606777.74394000,0
1709913600000,2.7233000,2.8499000,2.6806000,2.8370000,1641867.1,1709942399999,4556398.67892000,47914,808574.0,2248256.15838000,0
