open_time,open,high,low,close,volume,close_time,quote_volume,count,taker_buy_volume,taker_buy_quote_volume,ignore
1710979200000,4.2337000,4.3682000,4.1251000,4.1552000,4969699.6,1711007999999,21037206.53116000,197219,2535196.1,10736946.81227000,0
1711008000000,4.1549000,4.2210000,4.0812000,4.1446000,3559828.6,1711036799999,14754941.93361000,129208,1762060.8,7307032.70192000,0
1711036800000,4.1441000,4.1624000,4.0398000,4.0655000,2566005.2,1711065599999,10495465.22798000,104841,1210824.2,4954651.44513000,0
