open_time,open,high,low,close,volume,close_time,quote_volume,count,taker_buy_volume,taker_buy_quote_volume,ignore
1709769600000,2.6846000,2.7454000,2.6749000,2.6861000,1552441.6,1709798399999,4214289.71769000,39576,789102.9,2142596.33178000,0
1709798400000,2.6861000,2.7373000,2.6586000,2.7166000,1939953.5,1709827199999,5231806.58144000,38720,983487.1,2651326.26144000,0
1709827200000,2.7164000,2.7687000,2.6964000,2.7557000,1026993.4,1709855999999,2809197.17194000,27152,486804.9,1333131.58607000,0
