open_time,open,high,low,close,volume,close_time,quote_volume,count,taker_buy_volume,taker_buy_quote_volume,ignore
1709683200000,2.5952000,2.7018000,2.5589000,2.6976000,1786619.9,1709711999999,4688136.50679000,36698,817889.0,2147778.92909000,0
1709712000000,2.6991000,2.8303000,2.6190000,2.7015000,5243026.6,1709740799999,14234249.66734000,81691,2502283.0,6803064.14280000,0
1709740800000,2.7011000,2.7208000,2.6585000,2.6841000,1510340.3,1709769599999,4073194.78229000,37295,750656.6,2025189.90484000,0
