open_time,open,high,low,close,volume,close_time,quote_volume,count,taker_buy_volume,taker_buy_quote_volume,ignore
1709280000000,2.9950000,2.9950000,2.6687000,2.6765000,5030344.9,1709308799999,13800675.54178000,50786,2366480.5,6497978.31513000,0
1709308800000,2.6765000,2.7846000,2.6650000,2.7120000,3868798.3,1709337599999,10549553.60432000,57996,1805107.2,4923768.24889000,0
