open_time,open,high,low,close,volume,close_time,quote_volume,count,taker_buy_volume,taker_buy_quote_volume,ignore
1710720000000,3.8655000,4.0619000,3.7330000,4.0303000,4739677.1,1710748799999,18692448.93441000,130162,2335984.4,9228503.93261000,0
1710748800000,4.0317000,4.0335000,3.6300000,3.7353000,6491245.9,1710777599999,24852956.78024000,148697,2923373.5,11195815.29399000,0
1710777600000,3.7358000,3.9875000,3.6594000,3.8261000,6126131.8,1710806399999,23428843.09617000,149610,2941452.1,11251826.57018000,0
