open_time,open,high,low,close,volume,close_time,quote_volume,count,taker_buy_volume,taker_buy_quote_volume,ignore
1709424000000,2.7188000,2.7454000,2.5000000,2.6046000,3130418.3,1709452799999,8297429.89002000,51118,1316403.3,3496914.53565000,0
1709452800000,2.6040000,2.6754000,2.5863000,2.6496000,2149188.1,1709481599999,5681835.98013000,52407,1152420.5,3048546.42906000,0
1709481600000,2.6505000,2.6932000,2.6378000,2.6767000,1264433.1,1709510399999,3372419.86366000,35844,603464.7,1610214.46311000,0
