open_time,open,high,low,close,volume,close_time,quote_volume,count,taker_buy_volume,taker_buy_quote_volume,ignore
1710460800000,4.0408000,4.0968000,3.6342000,3.9023000,5821576.2,1710489599999,22432296.63646000,145264,2747417.8,10585954.95794000,0
1710489600000,3.9017000,3.9441000,3.5182000,3.8598000,7227262.1,1710518399999,26960123.94270000,174155,3363016.1,12559857.41048000,0
1710518400000,3.8609000,4.1670000,3.7903000,3.8902000,5937032.7,1710547199999,23427529.51272000,155294,2776329.4,10955680.77557000,0
