open_time,open,high,low,close,volume,close_time,quote_volume,count,taker_buy_volume,taker_buy_quote_volume,ignore
1710633600000,3.5280000,3.5900000,3.3213000,3.4399000,2609065.6,1710662399999,9045877.08536000,72916,1214619.3,4217794.47616000,0
1710662400000,3.4406000,3.9295000,3.4347000,3.8736000,5474764.3,1710691199999,20289897.36476000,121968,2840067.0,10538909.05225000,0
1710691200000,3.8739000,4.0759000,3.8229000,3.8647000,5727148.2,1710719999999,22531530.84187000,130407,2736389.1,10774849.35520000,0
