open_time,open,high,low,close,volume,close_time,quote_volume,count,taker_buy_volume,taker_buy_quote_volume,ignore
1711670400000,4.9035000,4.9620000,4.7690000,4.7956000,2617848.5,1711699199999,12754396.03109000,69433,1102242.7,5378951.65603000,0
1711699200000,4.7956000,5.1724000,4.7940000,5.0151000,6180471.0,1711727999999,30879548.52182000,159720,2934903.6,14665852.75453000,0
1711728000000,5.0146000,5.1663000,5.0033000,5.0262000,3347511.7,1711756799999,17030723.40831000,91302,1678154.1,8540606.66576000,0
