open_time,open,high,low,close,volume,close_time,quote_volume,count,taker_buy_volume,taker_buy_quote_volume,ignore
1710892800000,3.7894000,3.9326000,3.7003000,3.9178000,5141743.5,1710921599999,19683789.68959000,175844,2417681.3,9256489.37360000,0
1710921600000,3.9187000,4.4220000,3.8915000,4.2476000,19349948.9,1710950399999,80930473.01378000,466482,9809350.8,41074921.30197000,0
1710950400000,4.2492000,4.2855000,4.0593000,4.2337000,7334893.1,1710979199999,30727803.63106000,228145,3441114.8,14420950.57408000,0
