open_time,open,high,low,close,volume,close_time,quote_volume,count,taker_buy_volume,taker_buy_quote_volume,ignore
1711324800000,4.9841000,5.5675000,4.9307000,5.3223000,13156318.5,1711353599999,70102830.78727000,306041,6406852.1,34115570.61631000,0
1711353600000,5.3227000,5.6938000,5.2733000,5.4701000,12413554.2,1711382399999,68299817.85023000,303510,5920300.6,32558685.91954000,0
1711382400000,5.4723000,5.6026000,5.3466000,5.3535000,5643950.6,1711411199999,30839088.49385000,163151,2732025.0,14936480.10586000,0
