open_time,open,high,low,close,volume,close_time,quote_volume,count,taker_buy_volume,taker_buy_quote_volume,ignore
1710028800000,2.8809000,2.8876000,2.8250000,2.8673000,912852.0,1710057599999,2601760.19953000,23069,422192.9,1203254.07316000,0
1710057600000,2.8673000,2.8838000,2.7656000,2.7961000,1138121.0,1710086399999,3214965.72559000,33959,539001.5,1523788.63361000,0
1710086400000,2.7961000,2.8515000,2.7660000,2.8216000,1535581.5,1710115199999,4323263.45640000,39025,787989.4,2219907.05903000,0
