open_time,open,high,low,close,volume,close_time,quote_volume,count,taker_buy_volume,taker_buy_quote_volume,ignore
1711497600000,5.0601000,5.0909000,4.8506000,4.9430000,5895043.2,1711526399999,29152179.21915000,138632,2755956.9,13632596.14534000,0
1711526400000,4.9449000,5.2854000,4.8100000,4.9446000,11299949.5,1711555199999,56369714.91111000,242830,5377109.4,26870095.08012000,0
1711555200000,4.9444000,5.0730000,4.9200000,4.9735000,3088212.1,1711583999999,15416467.43445000,93172,1493730.7,7460353.13045000,0
