open_time,open,high,low,close,volume,close_time,quote_volume,count,taker_buy_volume,taker_buy_quote_volume,ignore
1711065600000,4.0640000,4.4959000,4.0379000,4.4612000,5325325.4,1711094399999,22945363.37830000,176055,2675443.5,11519984.10675000,0
1711094400000,4.4621000,4.4917000,4.1510000,4.2634000,7401387.9,1711123199999,32006062.01473000,223207,3413724.1,14768420.26834000,0
1711123200000,4.2633000,4.4874000,4.1861000,4.4494000,7203564.1,1711151999999,31506993.58579000,229780,3581326.4,15679642.98888000,0
