open_time,open,high,low,close,volume,close_time,quote_volume,count,taker_buy_volume,taker_buy_quote_volume,ignore
1710547200000,3.8898000,3.9232000,3.6930000,3.8377000,2883389.0,1710575999999,10962168.19265000,88940,1278160.1,4862208.23001000,0
1710576000000,3.8346000,3.8510000,3.5902000,3.7075000,3013886.4,1710604799999,11201704.36334000,82064,1339975.2,4984234.48633000,0
1710604800000,3.7072000,3.7394000,3.4696000,3.5279000,3674929.4,1710633599999,13167699.48879000,99365,1805896.7,6474605.63117000,0
