open_time,open,high,low,close,volume,close_time,quote_volume,count,taker_buy_volume,taker_buy_quote_volume,ignore
1710115200000,2.8214000,2.8545000,2.7227000,2.8473000,1598676.5,1710143999999,4450106.93889000,39292,636199.9,1771085.40961000,0
1710144000000,2.8458000,3.2572000,2.8385000,3.0527000,17876159.2,1710172799999,55173451.64711000,242455,8879385.2,27405776.35144000,0
1710172800000,3.0530000,3.3582000,3.0431000,3.2925000,9918988.6,1710201599999,32196491.55352000,207584,4643450.6,15068760.71210000,0
