open_time,open,high,low,close,volume,close_time,quote_volume,count,taker_buy_volume,taker_buy_quote_volume,ignore
1711843200000,5.2692000,5.2782000,5.0906000,5.1698000,3357286.2,1711871999999,17387622.26750000,90952,1449708.9,7509115.20602000,0
1711872000000,5.1694000,5.2347000,5.1449000,5.2218000,1626654.9,1711900799999,8435831.91256000,61032,807235.8,4187721.84416000,0
1711900800000,5.2194000,5.4511000,5.1706000,5.4280000,3602348.4,1711929599999,19258605.96556000,136627,1753755.2,9380618.00921000,0
