open_time,open,high,low,close,volume,close_time,quote_volume,count,taker_buy_volume,taker_buy_quote_volume,ignore
1709294400000,2.9950000,2.9950000,2.6880000,2.7807000,2981093.7,1709301599999,8202680.88893000,27820,1470915.9,4050248.05379000,0
1709301600000,2.7816000,2.7976000,2.6687000,2.6765000,2049251.2,1709308799999,5597994.65285000,22966,895564.6,2447730.26134000,0
1709308800000,2.6765000,2.7497000,2.6650000,2.7210000,1693889.0,1709315999999,4590922.07062000,22323,821857.5,2228563.46859000,0
1709316000000,2.7210000,2.7846000,2.7137000,2.7468000,805655.5,1709323199999,2215886.33082000,12413,364091.3,1002200.93117000,0
1709323200000,2.7470000,2.7788000,2.7278000,2.7732000,536263.9,1709330399999,1473817.83915000,11087,242322.0,666391.98899000,0
1709330400000,2.7716000,2.7716000,2.7009000,2.7120000,832989.9,1709337599999,2268927.36373000,12173,376836.4,1026611.86014000,0
