open_time,open,high,low,close,volume,close_time,quote_volume,count,taker_buy_volume,taker_buy_quote_volume,ignore
1713916800000,5.7098000,5.8355000,5.6865000,5.7861000,3311213.3,1713931199999,19074183.20282000,116209,1665385.4,9596296.62907000,0
1713931200000,5.7861000,5.9820000,5.7793000,5.8694000,4416857.4,1713945599999,26084600.42384000,153486,2079813.4,12284963.68163000,0
1713945600000,5.8697000,5.8797000,5.7352000,5.7841000,3299436.5,1713959999999,19162889.46130000,112594,1544434.5,8970049.94684000,0
1713960000000,5.7836000,5.7914000,5.4546000,5.5171000,7816704.8,1713974399999,43773571.07322000,196273,3491366.1,19555597.66083000,0
1713974400000,5.5155000,5.6754000,5.4559000,5.6158000,4537430.5,1713988799999,25353138.99486000,137670,2184909.8,12215835.72224000,0
1713988800000,5.6161000,5.6571000,5.4945000,5.5530000,2072831.8,1714003199999,11551799.99453000,90839,988512.6,5510678.73342000,0
