open_time,open,high,low,close,volume,close_time,quote_volume,count,taker_buy_volume,taker_buy_quote_volume,ignore
1712102400000,4.8579000,4.9900000,4.7265000,4.9686000,2121909.3,1712116799999,10347617.04135000,58649,977944.3,4781121.89346000,0
1712116800000,4.9683000,5.1777000,4.9383000,5.0933000,1616963.5,1712131199999,8187194.10471000,49555,815188.2,4122528.94133000,0
1712131200000,5.0942000,5.2261000,5.0424000,5.0837000,2574829.4,1712145599999,13243058.30551000,74050,1220113.1,6272572.15576000,0
1712145600000,5.0837000,5.1264000,4.9901000,5.0043000,1893446.4,1712159999999,9582410.32962000,60975,895614.9,4533865.27180000,0
1712160000000,5.0043000,5.0796000,4.9510000,4.9819000,1117927.7,1712174399999,5593439.07271000,35349,513256.0,2570326.48051000,0
1712174400000,4.9819000,5.0510000,4.9023000,4.9544000,887983.4,1712188799999,4422167.92887000,28486,407498.8,2028860.06682000,0
