open_time,open,high,low,close,volume,close_time,quote_volume,count,taker_buy_volume,taker_buy_quote_volume,ignore
1712534400000,5.3584000,5.4590000,5.3300000,5.4141000,1076069.4,1712548799999,5805843.26595000,34723,566365.5,3057276.14960000,0
1712548800000,5.4136000,5.5506000,5.3844000,5.4926000,1659506.0,1712563199999,9100968.18255000,54620,835178.8,4581871.28579000,0
1712563200000,5.4923000,5.9622000,5.4859000,5.8460000,7447601.4,1712577599999,42949244.21302000,187095,3715395.8,21427603.88661000,0
1712577600000,5.8461000,6.0460000,5.7835000,6.0057000,5292168.3,1712591999999,31203795.08298000,138650,2636476.8,15553654.60286000,0
1712592000000,6.0054000,6.3065000,6.0007000,6.2522000,10497523.7,1712606399999,64792853.86944000,263811,5215943.1,32204577.62133000,0
1712606400000,6.2524000,6.5249000,6.2445000,6.3470000,6874742.9,1712620799999,43880425.72720000,178355,3352873.2,21405089.51126000,0
