open_time,open,high,low,close,volume,close_time,quote_volume,count,taker_buy_volume,taker_buy_quote_volume,ignore
1712275200000,5.0979000,5.2419000,5.0897000,5.2126000,1988091.5,1712289599999,10260732.00981000,68332,989098.0,5107658.93847000,0
1712289600000,5.2123000,5.2361000,5.0459000,5.1846000,1545536.5,1712303999999,7930718.43075000,53364,715615.9,3673786.21293000,0
1712304000000,5.1825000,5.2593000,5.1430000,5.1872000,2525906.2,1712318399999,13134643.52106000,83112,1219098.5,6341360.72765000,0
1712318400000,5.1879000,5.4988000,5.1302000,5.3946000,7120639.7,1712332799999,38127367.62328000,199575,3496440.2,18724904.28147000,0
1712332800000,5.3951000,5.4634000,5.3392000,5.4428000,2759203.3,1712347199999,14907019.27983000,88984,1329209.5,7183915.50379000,0
1712347200000,5.4428000,5.5115000,5.3100000,5.3252000,2499177.0,1712361599999,13547360.53424000,78652,1181032.5,6405158.20145000,0
