open_time,open,high,low,close,volume,close_time,quote_volume,count,taker_buy_volume,taker_buy_quote_volume,ignore
1712016000000,5.3526000,5.3886000,4.9851000,5.0825000,3250988.6,1712030399999,16739441.59787000,94694,1422960.2,7324808.31915000,0
1712030400000,5.0825000,5.2568000,5.0052000,5.1688000,2466641.1,1712044799999,12659497.27887000,79265,1180627.1,6059551.07968000,0
1712044800000,5.1703000,5.2020000,5.0000000,5.0372000,3099620.2,1712059199999,15702085.15202000,87280,1483596.1,7522519.02548000,0
1712059200000,5.0372000,5.1084000,4.8556000,4.9094000,3991324.6,1712073599999,19904651.61329000,96717,1800335.1,8986005.67666000,0
1712073600000,4.9093000,4.9881000,4.8790000,4.9092000,1443263.9,1712087999999,7117190.08571000,41729,708748.3,3496345.51778000,0
1712088000000,4.9091000,4.9378000,4.8518000,4.8562000,854223.2,1712102399999,4178022.87347000,32231,337662.2,1652378.41924000,0
