open_time,open,high,low,close,volume,close_time,quote_volume,count,taker_buy_volume,taker_buy_quote_volume,ignore
1713657600000,6.2110000,6.3025000,6.1229000,6.2016000,3456029.3,1713671999999,21508614.07028000,137076,1642830.1,10225330.59666000,0
1713672000000,6.2016000,6.2601000,6.1768000,6.2441000,2777963.4,1713686399999,17273992.32216000,110266,1260947.8,7842354.46590000,0
1713686400000,6.2439000,6.2750000,6.1542000,6.2146000,3592508.8,1713700799999,22360631.27376000,123357,1779748.0,11078004.19014000,0
1713700800000,6.2149000,6.2280000,6.0750000,6.1072000,3397946.9,1713715199999,20834350.68953000,123646,1510301.8,9262281.40234000,0
1713715200000,6.1072000,6.1316000,5.9625000,6.0916000,3774207.2,1713729599999,22875425.97119000,131594,1725276.6,10462983.07991000,0
1713729600000,6.0907000,6.1687000,6.0544000,6.1334000,1774489.9,1713743999999,10879792.25033000,83384,853660.1,5234518.74361000,0
