open_time,open,high,low,close,volume,close_time,quote_volume,count,taker_buy_volume,taker_buy_quote_volume,ignore
1713571200000,6.0612000,6.1364000,5.9049000,6.0643000,4796981.5,1713585599999,28906328.19888000,196439,2292287.5,13813922.40014000,0
1713585600000,6.0645000,6.2274000,6.0375000,6.2240000,3585963.2,1713599999999,21955432.77644000,136836,1792114.5,10977551.35772000,0
1713600000000,6.2245000,6.3621000,6.1116000,6.1571000,6926959.4,1713614399999,43202658.54221000,253116,3314855.6,20687830.20243000,0
1713614400000,6.1572000,6.2149000,6.0508000,6.1700000,3838317.2,1713628799999,23584555.14472000,154331,1824398.8,11214587.80675000,0
1713628800000,6.1700000,6.2772000,6.0609000,6.1779000,5530798.6,1713643199999,34092553.62060000,198798,2616095.3,16129074.16111000,0
1713643200000,6.1779000,6.2226000,6.1251000,6.2110000,2390441.2,1713657599999,14779740.78966000,99466,1123068.7,6946062.73670000,0
