open_time,open,high,low,close,volume,close_time,quote_volume,count,taker_buy_volume,taker_buy_quote_volume,ignore
1713312000000,6.3411000,6.6091000,6.2675000,6.4200000,4846056.6,1713326399999,31348504.15369000,158906,2412394.3,15604128.08135000,0
1713326400000,6.4185000,6.6920000,6.3340000,6.3723000,3911987.4,1713340799999,25399747.22881000,139289,1890683.5,12281880.23878000,0
1713340800000,6.3723000,6.4567000,6.1320000,6.1622000,3957984.7,1713355199999,24993373.70061000,126456,1829670.3,11559359.05962000,0
1713355200000,6.1627000,6.2664000,6.0204000,6.0891000,6303156.3,1713369599999,38697366.75794000,183478,3179754.7,19531115.88006000,0
1713369600000,6.0875000,6.2424000,6.0122000,6.0980000,5887061.7,1713383999999,36092721.37478000,170316,2741955.6,16808106.37590000,0
1713384000000,6.0989000,6.2493000,6.0650000,6.0836000,2726553.5,1713398399999,16745302.69769000,92027,1345892.0,8268149.43931000,0
