open_time,open,high,low,close,volume,close_time,quote_volume,count,taker_buy_volume,taker_buy_quote_volume,ignore
1712361600000,5.3261000,5.4312000,5.2891000,5.4194000,1662098.3,1712375999999,8905669.00917000,52976,867172.2,4649788.07354000,0
1712376000000,5.4204000,5.4465000,5.3272000,5.4093000,1351872.6,1712390399999,7269405.67364000,43117,661167.4,3556572.93151000,0
1712390400000,5.4094000,5.5000000,5.3890000,5.4942000,2195210.6,1712404799999,11963790.33394000,55773,965869.9,5265552.62604000,0
1712404800000,5.4942000,5.5653000,5.3570000,5.4010000,2862223.4,1712419199999,15632692.00281000,85997,1441188.1,7871882.08141000,0
1712419200000,5.4003000,5.4901000,5.3807000,5.4684000,1134129.8,1712433599999,6173475.58513000,40721,566980.1,3086973.02972000,0
1712433600000,5.4684000,5.5600000,5.4437000,5.4907000,1221552.2,1712447999999,6729587.91015000,38605,563357.4,3102846.29374000,0
