open_time,open,high,low,close,volume,close_time,quote_volume,count,taker_buy_volume,taker_buy_quote_volume,ignore
1714176000000,5.3261000,5.4192000,5.1298000,5.3144000,3831425.1,1714190399999,20198385.61447000,120811,1809528.4,9543414.67535000,0
1714190400000,5.3133000,5.3245000,5.1734000,5.2430000,2032488.0,1714204799999,10644188.53523000,61941,980891.0,5136195.27040000,0
1714204800000,5.2430000,5.3200000,5.1852000,5.2149000,1482571.7,1714219199999,7794141.95839000,55714,734008.4,3858957.66570000,0
1714219200000,5.2159000,5.3160000,5.2003000,5.2796000,1659644.2,1714233599999,8753515.46215000,56708,837622.8,4419243.46226000,0
1714233600000,5.2795000,5.4527000,5.2777000,5.3520000,2550584.1,1714247999999,13649830.40882000,74040,1282437.3,6864557.56974000,0
1714248000000,5.3520000,5.4232000,5.3316000,5.3999000,1326032.9,1714262399999,7148889.93397000,39041,669114.7,3607048.39035000,0
