open_time,open,high,low,close,volume,close_time,quote_volume,count,taker_buy_volume,taker_buy_quote_volume,ignore
1714003200000,5.5525000,5.6388000,5.4439000,5.5275000,2601853.6,1714017599999,14400097.06047000,98149,1267994.2,7015551.03578000,0
1714017600000,5.5275000,5.5600000,5.4219000,5.4639000,2220733.4,1714031999999,12201801.29225000,83194,1050832.1,5775191.52128000,0
1714032000000,5.4645000,5.4972000,5.1285000,5.2156000,7102683.5,1714046399999,37538119.96750000,166720,3246244.7,17142669.01894000,0
1714046400000,5.2156000,5.4330000,5.1570000,5.4054000,4322399.9,1714060799999,22787648.99837000,132670,2191605.3,11559225.91167000,0
1714060800000,5.4052000,5.5425000,5.3900000,5.5292000,2881367.1,1714075199999,15773794.84766000,100228,1441841.7,7896678.02194000,0
1714075200000,5.5304000,5.5487000,5.3801000,5.3967000,1547536.7,1714089599999,8479773.02723000,58726,651493.1,3575218.48084000,0
