open_time,open,high,low,close,volume,close_time,quote_volume,count,taker_buy_volume,taker_buy_quote_volume,ignore
1714089600000,5.3971000,5.4142000,5.2651000,5.3580000,2189952.4,1714103999999,11730956.33434000,79769,1101802.2,5903424.17189000,0
1714104000000,5.3581000,5.4711000,5.2982000,5.3554000,1907267.0,1714118399999,10271652.72458000,66022,868819.5,4680501.58551000,0
1714118400000,5.3554000,5.4471000,5.3389000,5.3962000,1550568.5,1714132799999,8364355.70875000,63696,790323.5,4262997.94784000,0
1714132800000,5.3961000,5.4475000,5.2895000,5.3493000,3313015.4,1714147199999,17790630.79326000,110508,1727713.3,9280147.78689000,0
1714147200000,5.3490000,5.4220000,5.3210000,5.3735000,1512224.0,1714161599999,8128776.23269000,58626,712146.2,3827477.19743000,0
1714161600000,5.3717000,5.4141000,5.3018000,5.3258000,1199364.9,1714175999999,6435329.73233000,47422,614396.7,3296230.69002000,0
