open_time,open,high,low,close,volume,close_time,quote_volume,count,taker_buy_volume,taker_buy_quote_volume,ignore
1713398400000,6.0830000,6.1911000,5.9198000,6.0869000,3371922.9,1713412799999,20496147.09519000,113890,1674460.1,10180424.45970000,0
1713412800000,6.0869000,6.1158000,5.8062000,5.9160000,3942237.7,1713427199999,23366407.98605000,120598,1835819.1,10880154.24931000,0
1713427200000,5.9162000,6.3676000,5.8998000,6.1221000,6017365.7,1713441599999,36997194.18855000,168926,2999422.8,18447345.23322000,0
1713441600000,6.1212000,6.3130000,6.0190000,6.2243000,7263410.9,1713455999999,44802207.69447000,182153,3499125.5,21587411.06868000,0
1713456000000,6.2243000,6.4883000,6.1762000,6.4791000,4839782.0,1713470399999,30487858.29104000,141977,2426850.9,15292280.06432000,0
1713470400000,6.4788000,6.6087000,6.4569000,6.5165000,3482940.0,1713484799999,22736673.27773000,108303,1758872.9,11484028.01874000,0
