open_time,open,high,low,close,volume,close_time,quote_volume,count,taker_buy_volume,taker_buy_quote_volume,ignore
1713225600000,6.5667000,6.6949000,6.3917000,6.4862000,4110490.8,1713239999999,26817487.17016000,158752,1992549.7,13015899.48680000,0
1713240000000,6.4861000,6.5277000,6.2666000,6.3658000,4421081.0,1713254399999,28133555.41333000,181837,2120554.6,13497095.71114000,0
1713254400000,6.3658000,6.3730000,6.0272000,6.2630000,6763489.7,1713268799999,41888310.83980000,221556,3241156.2,20081324.91390000,0
1713268800000,6.2639000,6.3140000,5.9176000,5.9387000,5953508.4,1713283199999,36265624.60177000,172870,2866648.7,17478337.75056000,0
1713283200000,5.9386000,6.2694000,5.9116000,6.0868000,6236721.1,1713297599999,38241255.41279000,192596,3155548.3,19356751.02979000,0
1713297600000,6.0854000,6.4488000,6.0245000,6.3403000,4117919.2,1713311999999,25580968.77191000,125867,2121643.7,13190379.64891000,0
