open_time,open,high,low,close,volume,close_time,quote_volume,count,taker_buy_volume,taker_buy_quote_volume,ignore
1713484800000,6.5165000,6.8781000,6.2100000,6.7978000,11802878.1,1713499199999,76561640.86335000,293686,5968768.8,38787710.74648000,0
1713499200000,6.7966000,7.0125000,6.6364000,6.9071000,10887314.4,1713513599999,74559997.51150000,310289,5538710.6,37933329.74252000,0
1713513600000,6.9085000,7.2755000,6.5720000,6.8091000,24971579.0,1713527999999,175915715.54872000,627721,12155728.8,85691556.24473000,0
1713528000000,6.8082000,6.9030000,6.2000000,6.3622000,40038007.6,1713542399999,259857976.69060000,917560,19448588.7,126278952.96072000,0
1713542400000,6.3646000,6.3889000,6.0500000,6.1799000,11384712.2,1713556799999,70582296.08104000,341199,5566283.9,34513290.86392000,0
1713556800000,6.1800000,6.2170000,5.9560000,6.0613000,5310998.2,1713571199999,32344775.54814000,196040,2397595.1,14610908.26395000,0
