open_time,open,high,low,close,volume,close_time,quote_volume,count,taker_buy_volume,taker_buy_quote_volume,ignore
1714348800000,5.4214000,5.4918000,5.3000000,5.3304000,1468437.3,1714363199999,7931072.09082000,51324,643296.2,3478353.65965000,0
1714363200000,5.3310000,5.3840000,5.1974000,5.2746000,2176228.8,1714377599999,11495419.42934000,58164,1061635.4,5607567.33456000,0
1714377600000,5.2743000,5.3067000,5.2000000,5.2579000,1445794.2,1714391999999,7595986.40166000,46683,708786.3,3725191.87714000,0
1714392000000,5.2567000,5.3141000,5.2022000,5.2931000,2059871.0,1714406399999,10841589.93626000,60537,1047359.9,5515046.48393000,0
1714406400000,5.2931000,5.3100000,5.1921000,5.2448000,1360084.6,1714420799999,7132921.40517000,45719,641274.5,3364400.36274000,0
1714420800000,5.2446000,5.3611000,5.1750000,5.3138000,1481558.6,1714435199999,7810373.86823000,46912,741622.9,3911932.91013000,0
