open_time,open,high,low,close,volume,close_time,quote_volume,count,taker_buy_volume,taker_buy_quote_volume,ignore
1712188800000,4.9553000,5.0597000,4.9069000,4.9181000,801737.3,1712203199999,3993045.88163000,32284,380086.3,1895223.70686000,0
1712203200000,4.9198000,5.0534000,4.8937000,5.0290000,887862.3,1712217599999,4412675.60131000,33271,432115.2,2149362.70399000,0
1712217600000,5.0290000,5.0804000,5.0157000,5.0613000,860112.2,1712231999999,4342597.93956000,32218,398728.6,2013402.92231000,0
1712232000000,5.0619000,5.1551000,5.0602000,5.1217000,1573537.2,1712246399999,8045865.10374000,51854,839659.1,4292798.01579000,0
1712246400000,5.1217000,5.1526000,5.0702000,5.0763000,1010887.8,1712260799999,5172554.97137000,33204,473508.6,2424132.48309000,0
1712260800000,5.0764000,5.1040000,4.9768000,5.0986000,1055357.5,1712275199999,5318003.13866000,34838,477830.2,2407782.50635000,0
