open_time,open,high,low,close,volume,close_time,quote_volume,count,taker_buy_volume,taker_buy_quote_volume,ignore
1711929600000,5.4279000,5.5117000,5.2551000,5.2939000,2131444.0,1711943999999,11494809.49715000,73020,911832.1,4927731.80850000,0
1711944000000,5.2936000,5.3433000,5.0000000,5.2361000,3925726.5,1711958399999,20461542.88344000,105452,1861957.7,9718063.56080000,0
1711958400000,5.2369000,5.4414000,5.1904000,5.4413000,2756285.6,1711972799999,14677769.90407000,85715,1379890.6,7353762.96765000,0
1711972800000,5.4400000,5.5479000,5.2728000,5.3347000,5995465.5,1711987199999,32462772.30886000,167656,2824744.3,15311037.43634000,0
1711987200000,5.3346000,5.3721000,5.2330000,5.2849000,2729923.3,1712001599999,14485859.26531000,80126,1330534.3,7060855.17655000,0
1712001600000,5.2848000,5.3840000,5.2371000,5.3517000,1172999.8,1712015999999,6235153.75026000,44333,571687.1,3038345.88466000,0
