open_time,open,high,low,close,volume,close_time,quote_volume,count,taker_buy_volume,taker_buy_quote_volume,ignore
1712966400000,6.6198000,6.8900000,6.1678000,6.8256000,8342865.5,1712980799999,54289342.56241000,282070,4123963.6,26882950.12780000,0
1712980800000,6.8256000,6.9650000,6.6525000,6.8304000,6513425.1,1712995199999,44354239.38713000,227902,3207090.4,21851126.06969000,0
1712995200000,6.8306000,6.8320000,6.5631000,6.6182000,5268387.9,1713009599999,35201517.24856000,195434,2549014.5,17038533.44998000,0
1713009600000,6.6179000,6.9534000,6.5892000,6.6371000,6831224.1,1713023999999,46176678.00210000,234324,3511955.6,23732874.19001000,0
1713024000000,6.6379000,6.7622000,5.4900000,5.9172000,19023929.9,1713038399999,120291327.84926000,510046,8955730.8,56869676.02512000,0
1713038400000,5.9099000,6.2756000,5.0000000,5.9577000,25265576.6,1713052799999,145770008.94259000,719270,12086111.7,70000326.75054000,0
