open_time,open,high,low,close,volume,close_time,quote_volume,count,taker_buy_volume,taker_buy_quote_volume,ignore
1714262400000,5.3995000,5.5058000,5.3859000,5.4951000,1633899.1,1714276799999,8907770.34331000,54218,848725.3,4629345.19087000,0
1714276800000,5.4948000,5.5962000,5.4373000,5.5498000,1855596.8,1714291199999,10248853.35363000,56917,994298.7,5493109.43738000,0
1714291200000,5.5494000,5.5921000,5.3859000,5.4446000,2742338.9,1714305599999,15044529.20383000,70052,1212967.2,6658079.41056000,0
1714305600000,5.4442000,5.5230000,5.4119000,5.5030000,1383954.5,1714319999999,7575864.00757000,45717,676311.2,3703130.03524000,0
1714320000000,5.5040000,5.6000000,5.4841000,5.5603000,1305989.9,1714334399999,7238804.22722000,43888,647845.5,3590460.91704000,0
1714334400000,5.5601000,5.5732000,5.3990000,5.4199000,1456016.9,1714348799999,7987743.89305000,46827,638027.2,3501910.77412000,0
