open_time,open,high,low,close,volume,close_time,quote_volume,count,taker_buy_volume,taker_buy_quote_volume,ignore
1712880000000,7.2564000,7.4900000,7.1068000,7.1916000,5095654.7,1712894399999,37053387.59780000,180101,2451063.4,17831337.16621000,0
1712894400000,7.1915000,7.2709000,6.9899000,7.0312000,4043940.2,1712908799999,28843635.95403000,136869,1961301.8,13995827.17263000,0
1712908800000,7.0311000,7.2733000,7.0285000,7.2568000,3968020.0,1712923199999,28424661.14838000,115080,2032649.6,14555898.04269000,0
1712923200000,7.2558000,7.2626000,7.0010000,7.0596000,5150756.9,1712937599999,36662280.99617000,153513,2488245.5,17698771.89797000,0
1712937600000,7.0605000,7.0716000,4.9354000,6.2613000,27149349.9,1712951999999,170796285.90782000,611084,12397868.6,78194184.07432000,0
1712952000000,6.2619000,6.7382000,6.2500000,6.6201000,9566695.0,1712966399999,62317375.63882000,309473,4969443.7,32381063.78754000,0
