open_time,open,high,low,close,volume,close_time,quote_volume,count,taker_buy_volume,taker_buy_quote_volume,ignore
1713052800000,5.9578000,6.0094000,5.7116000,5.9445000,7154853.1,1713067199999,41688905.98974000,247544,3640985.5,21223603.99568000,0
1713067200000,5.9445000,6.6000000,5.8966000,6.4992000,7523324.4,1713081599999,47416477.65207000,260756,3790103.8,23898923.35227000,0
1713081600000,6.4988000,6.6822000,6.2738000,6.3561000,6750380.2,1713095999999,43757326.73250000,230915,3252095.3,21102056.44580000,0
1713096000000,6.3558000,6.5816000,6.2303000,6.4319000,7705934.5,1713110399999,49488509.58237000,267484,3975823.3,25539014.32929000,0
1713110400000,6.4329000,6.6485000,6.2222000,6.5752000,8374072.8,1713124799999,54188461.05983000,269926,4158140.6,26914917.77069000,0
1713124800000,6.5752000,6.7990000,6.4093000,6.7792000,4148472.4,1713139199999,27550886.95996000,167464,2125954.3,14119983.04954000,0
