open_time,open,high,low,close,volume,close_time,quote_volume,count,taker_buy_volume,taker_buy_quote_volume,ignore
1712793600000,6.7761000,7.4100000,6.6920000,7.3325000,8682737.8,1712807999999,61790179.77363000,273286,4518940.6,32159669.22751000,0
1712808000000,7.3324000,7.6750000,7.1804000,7.4903000,15625152.1,1712822399999,116425941.79223000,415186,7734373.9,57645472.19561000,0
1712822400000,7.4904000,7.5463000,7.3187000,7.4467000,6506212.2,1712836799999,48413977.52817000,232488,3258989.3,24260430.97827000,0
1712836800000,7.4467000,7.4715000,7.1804000,7.3081000,7316618.1,1712851199999,53523661.01774000,244437,3412573.0,24973143.57418000,0
1712851200000,7.3082000,7.3118000,7.1453000,7.2449000,3667454.9,1712865599999,26499921.42629000,141318,1773028.4,12815455.76187000,0
1712865600000,7.2448000,7.3372000,7.1726000,7.2565000,3637737.5,1712879999999,26348964.42870000,142822,1754653.1,12712723.01427000,0
