open_time,open,high,low,close,volume,close_time,quote_volume,count,taker_buy_volume,taker_buy_quote_volume,ignore
1712448000000,5.4907000,5.5054000,5.3800000,5.3971000,1373979.6,1712462399999,7455671.26538000,44557,631159.6,3426216.30822000,0
1712462400000,5.3975000,5.4569000,5.3884000,5.4405000,871489.6,1712476799999,4723853.20673000,31412,437232.0,2370479.20841000,0
1712476800000,5.4404000,5.4499000,5.3989000,5.4274000,998354.7,1712491199999,5412758.36670000,25399,476549.6,2583529.45823000,0
1712491200000,5.4274000,5.4274000,5.3356000,5.3413000,1102242.1,1712505599999,5930835.37672000,39533,471494.6,2538186.91141000,0
1712505600000,5.3414000,5.4106000,5.3303000,5.3454000,562063.9,1712519999999,3015557.78547000,27347,309070.3,1658860.28387000,0
1712520000000,5.3454000,5.4049000,5.3407000,5.3584000,575356.7,1712534399999,3091438.15812000,25154,281329.9,1511769.62456000,0
