open_time,open,high,low,close,volume,close_time,quote_volume,count,taker_buy_volume,taker_buy_quote_volume,ignore
1713830400000,5.9302000,6.0700000,5.8667000,5.8714000,3675974.3,1713844799999,22013812.90752000,137748,1685870.4,10106121.07344000,0
1713844800000,5.8713000,5.9050000,5.4954000,5.5425000,10341896.6,1713859199999,58419062.73626000,226440,4465972.6,25220058.70759000,0
1713859200000,5.5430000,5.7193000,5.4114000,5.6687000,8453015.0,1713873599999,47304583.50993000,212754,3975762.8,22269799.66491000,0
1713873600000,5.6682000,5.7305000,5.6000000,5.6742000,5353421.5,1713887999999,30309882.19185000,179947,2627777.2,14881304.30167000,0
1713888000000,5.6745000,5.7654000,5.6595000,5.6997000,3702937.9,1713902399999,21148347.60171000,131042,1878260.2,10730044.48457000,0
1713902400000,5.6996000,5.7344000,5.6134000,5.7098000,2001034.5,1713916799999,11355948.60234000,87249,974386.6,5531477.42735000,0
