open_time,open,high,low,close,volume,close_time,quote_volume,count,taker_buy_volume,taker_buy_quote_volume,ignore
1712620800000,6.3469000,6.5780000,6.2892000,6.5590000,7465396.9,1712635199999,48094919.17358000,197946,3664253.3,23615636.58994000,0
1712635200000,6.5592000,7.0345000,6.5143000,6.8005000,21790960.8,1712649599999,149241889.20230000,467743,10958162.3,75063000.55224000,0
1712649600000,6.7994000,7.1298000,6.5761000,6.8999000,20710532.6,1712663999999,142127153.20893000,479194,10471923.0,71888896.91101000,0
1712664000000,6.8996000,6.9096000,6.5000000,6.7173000,14747903.1,1712678399999,98171846.93214000,375638,7299610.9,48607896.10378000,0
1712678400000,6.7166000,6.7687000,6.5316000,6.7071000,5844650.6,1712692799999,38884252.89455000,196418,2959207.7,19691536.72158000,0
1712692800000,6.7071000,6.8114000,6.6320000,6.7231000,4326457.0,1712707199999,29157879.93491000,152459,2190378.0,14766312.78453000,0
