open_time,open,high,low,close,volume,close_time,quote_volume,count,taker_buy_volume,taker_buy_quote_volume,ignore
1714435200000,5.3140000,5.4301000,5.2769000,5.3742000,2285531.6,1714449599999,12273337.16351000,60353,1149950.9,6175538.77665000,0
1714449600000,5.3746000,5.4000000,5.2908000,5.3806000,1250541.6,1714463999999,6689846.56215000,39622,609376.5,3260364.51700000,0
1714464000000,5.3809000,5.3843000,5.1700000,5.1842000,5147729.5,1714478399999,27170775.06224000,130587,2461108.4,12992509.49810000,0
1714478400000,5.1840000,5.3233000,5.0337000,5.1780000,6673278.4,1714492799999,34596721.50686000,157410,3063368.7,15887140.76979000,0
1714492800000,5.1770000,5.1815000,4.9795000,5.0142000,6275625.4,1714507199999,31784681.64000000,148761,3005910.6,15231876.97521000,0
1714507200000,5.0173000,5.2340000,5.0164000,5.1640000,2312623.2,1714521599999,11849621.02908000,62492,1133340.9,5805947.43903000,0
