open_time,open,high,low,close,volume,close_time,quote_volume,count,taker_buy_volume,taker_buy_quote_volume,ignore
1713744000000,6.1331000,6.2407000,6.1002000,6.1701000,3363594.8,1713758399999,20766856.50063000,134573,1681065.7,10380323.74205000,0
1713758400000,6.1696000,6.2196000,6.1214000,6.1406000,3224946.4,1713772799999,19913663.04856000,110241,1519504.9,9386695.88546000,0
1713772800000,6.1406000,6.1911000,6.0400000,6.0629000,2827959.9,1713787199999,17317269.41468000,95671,1259242.8,7713341.80112000,0
1713787200000,6.0629000,6.1351000,6.0445000,6.0558000,2880272.5,1713801599999,17517382.20480000,101322,1390239.6,8456741.24283000,0
1713801600000,6.0559000,6.0799000,5.9065000,5.9637000,4267844.7,1713815999999,25578710.76451000,131654,1915479.5,11486455.53357000,0
1713816000000,5.9649000,5.9995000,5.8087000,5.9302000,5042638.0,1713830399999,29741948.38993000,151491,2396666.0,14146907.25718000,0
