open_time,open,high,low,close,volume,close_time,quote_volume,count,taker_buy_volume,taker_buy_quote_volume,ignore
1712707200000,6.7240000,6.8999000,6.3606000,6.4878000,11029874.6,1712721599999,73079452.52835000,313584,5343233.2,35465740.49341000,0
1712721600000,6.4866000,6.8417000,6.4669000,6.7860000,6656056.5,1712735999999,44744472.12898000,210984,3367659.7,22637993.59612000,0
1712736000000,6.7860000,6.9733000,6.7312000,6.8038000,6979058.6,1712750399999,47753539.85303000,244329,3465152.8,23719733.12870000,0
1712750400000,6.8025000,6.8960000,6.5601000,6.8317000,8894859.1,1712764799999,60008306.57918000,285733,4337336.4,29265944.78683000,0
1712764800000,6.8329000,6.8629000,6.6069000,6.6760000,4134059.4,1712779199999,27718122.60298000,159865,2128351.9,14269802.00329000,0
1712779200000,6.6767000,6.8011000,6.6610000,6.7754000,1994604.5,1712793599999,13422958.63681000,83686,1032704.3,6949825.34131000,0
