open_time,open,high,low,close,volume,close_time,quote_volume,count,taker_buy_volume,taker_buy_quote_volume,ignore
1713139200000,6.7775000,7.0039000,6.7028000,6.9983000,5514693.1,1713153599999,37839777.57713000,208549,2863563.9,19659901.83562000,0
1713153600000,6.9986000,7.2442000,6.8502000,7.0855000,8038471.3,1713167999999,56943496.53915000,255340,3958890.4,28051125.01489000,0
1713168000000,7.0846000,7.1613000,7.0136000,7.0470000,4594427.9,1713182399999,32564704.90770000,163123,2284415.5,16191990.95810000,0
1713182400000,7.0460000,7.1031000,6.5863000,6.7874000,8314837.0,1713196799999,56999504.61924000,237185,3912517.2,26823801.32063000,0
1713196800000,6.7880000,6.9112000,6.5000000,6.7646000,8940262.6,1713211199999,60157544.75205000,291511,4361972.2,29371700.53449000,0
1713211200000,6.7645000,6.7786000,6.5262000,6.5662000,2902722.6,1713225599999,19253360.03083000,118924,1409399.9,9349306.75967000,0
