open_time,open,high,low,close,volume,close_time,quote_volume,count,taker_buy_volume,taker_buy_quote_volume,ignore
1713830400000,0.5558,0.5573,0.5446,0.5506,205191250.4,1713851999999,113087852.11973,154970,92263639.7,50853110.56780,0
1713852000000,0.5507,0.5513,0.5413,0.5435,245044577.0,1713873599999,133987709.33660,172872,120490544.7,65889780.41990,0
1713873600000,0.5435,0.5532,0.5416,0.5516,261439227.2,1713895199999,143048625.52950,189759,139959274.5,76593134.39289,0
1713895200000,0.5515,0.5547,0.5429,0.5443,224513610.9,1713916799999,123417601.36323,162210,100516904.8,55268233.68853,0
