open_time,open,high,low,close,volume,close_time,quote_volume,count,taker_buy_volume,taker_buy_quote_volume,ignore
1714089600000,0.5251,0.5358,0.5166,0.5340,228654361.6,1714111199999,120121204.92283,175046,114151253.2,59993240.51859,0
1714111200000,0.5341,0.5346,0.5205,0.5225,223034017.3,1714132799999,117465912.63076,151563,107399596.0,56537746.63952,0
1714132800000,0.5224,0.5261,0.5139,0.5239,261067080.6,1714154399999,136020792.05870,200431,135203641.6,70456150.17325,0
1714154400000,0.5240,0.5296,0.5223,0.5257,141747044.3,1714175999999,74559560.90821,111983,65800034.0,34607642.72541,0
