open_time,open,high,low,close,volume,close_time,quote_volume,count,taker_buy_volume,taker_buy_quote_volume,ignore
1712275200000,0.5938,0.5944,0.5767,0.5806,292365770.7,1712296799999,170972567.02533,261672,136908146.0,80063276.90180,0
1712296800000,0.5806,0.5881,0.5721,0.5726,351193695.4,1712318399999,203411830.27747,258334,171550683.0,99375525.44726,0
1712318400000,0.5727,0.5858,0.5687,0.5843,303940446.9,1712339999999,175825989.46093,255657,152520008.9,88255406.94141,0
1712340000000,0.5843,0.5916,0.5840,0.5872,145706852.4,1712361599999,85749490.16673,137186,65488380.7,38536887.89573,0
