open_time,open,high,low,close,volume,close_time,quote_volume,count,taker_buy_volume,taker_buy_quote_volume,ignore
1713657600000,0.5285,0.5299,0.5213,0.5283,168699549.8,1713679199999,88780148.05653,139183,81374993.2,42822417.78147,0
1713679200000,0.5282,0.5366,0.5272,0.5300,210560838.2,1713700799999,111943566.91180,163830,104275920.7,55443317.02171,0
1713700800000,0.5299,0.5307,0.5180,0.5240,286129853.1,1713722399999,150048073.53140,204756,140436813.0,73639694.16424,0
1713722400000,0.5240,0.5292,0.5209,0.5243,144566413.7,1713743999999,75911519.29011,107451,70275760.6,36903303.17264,0
