open_time,open,high,low,close,volume,close_time,quote_volume,count,taker_buy_volume,taker_buy_quote_volume,ignore
1714176000000,0.5257,0.5263,0.5063,0.5173,290314767.2,1714197599999,149795493.13236,211142,141131107.1,72813504.85611,0
1714197600000,0.5173,0.5191,0.5103,0.5131,121252800.1,1714219199999,62373646.92977,106758,60954255.5,31361202.15649,0
1714219200000,0.5130,0.5228,0.5121,0.5217,151393672.7,1714240799999,78280388.41871,118465,80004585.3,41373459.81682,0
1714240800000,0.5216,0.5226,0.5164,0.5176,103358732.2,1714262399999,53634501.97121,86578,48746957.6,25296937.79733,0
