open_time,open,high,low,close,volume,close_time,quote_volume,count,taker_buy_volume,taker_buy_quote_volume,ignore
1713398400000,0.4948,0.4992,0.4870,0.4941,233509233.4,1713419999999,115473938.78726,196912,114428247.2,56592090.04897,0
1713420000000,0.4941,0.4985,0.4854,0.4951,339725078.5,1713441599999,166783360.00387,238322,175236822.2,86045652.60087,0
1713441600000,0.4952,0.5055,0.4876,0.4964,382225812.0,1713463199999,190120809.70779,268359,193622982.2,96329693.97834,0
1713463200000,0.4965,0.5037,0.4935,0.5022,166089333.7,1713484799999,83142491.21606,135594,78833393.7,39464528.44733,0
