open_time,open,high,low,close,volume,close_time,quote_volume,count,taker_buy_volume,taker_buy_quote_volume,ignore
1712707200000,0.6145,0.6158,0.6011,0.6099,294694770.4,1712728799999,179175088.30327,280855,142402365.5,86597175.97298,0
1712728800000,0.6099,0.6168,0.6052,0.6128,328524511.4,1712750399999,201156180.11271,273602,163948390.9,100379449.88977,0
1712750400000,0.6129,0.6176,0.5925,0.6157,462424752.5,1712771999999,279815136.82178,420907,225389902.0,136431125.35373,0
1712772000000,0.6157,0.6210,0.6133,0.6176,175321496.6,1712793599999,108230924.53341,175161,82620861.8,51007187.11249,0
