open_time,open,high,low,close,volume,close_time,quote_volume,count,taker_buy_volume,taker_buy_quote_volume,ignore
1712620800000,0.6153,0.6196,0.6120,0.6171,162312769.9,1712642399999,99888396.84910,162939,81488950.4,50160248.15071,0
1712642400000,0.6170,0.6266,0.6014,0.6248,425959078.1,1712663999999,261059455.37930,376726,213654807.2,130998485.12359,0
1712664000000,0.6248,0.6439,0.6105,0.6221,828288774.4,1712685599999,519820343.91458,764296,410704121.5,257881479.40326,0
1712685600000,0.6221,0.6280,0.6109,0.6145,198612979.2,1712707199999,123351010.50688,205992,91986603.4,57119410.72672,0
