open_time,open,high,low,close,volume,close_time,quote_volume,count,taker_buy_volume,taker_buy_quote_volume,ignore
1712448000000,0.5933,0.5985,0.5926,0.5970,98905038.1,1712469599999,58914547.66349,104119,48240905.3,28740839.73723,0
1712469600000,0.5970,0.5994,0.5950,0.5977,70718031.2,1712491199999,42192752.73602,76038,34490885.5,20580761.41195,0
1712491200000,0.5976,0.6033,0.5947,0.5959,217357227.2,1712512799999,130083929.96544,185637,104824910.7,62737973.57598,0
1712512800000,0.5959,0.5961,0.5897,0.5948,151632427.2,1712534399999,89922439.54846,127363,72844318.8,43206036.43103,0
