open_time,open,high,low,close,volume,close_time,quote_volume,count,taker_buy_volume,taker_buy_quote_volume,ignore
1714348800000,0.5099,0.5140,0.5010,0.5074,207699450.1,1714370399999,105544662.86362,159043,98974782.4,50312178.36314,0
1714370400000,0.5074,0.5088,0.4982,0.5055,275237084.4,1714391999999,138469739.74208,184187,134061715.0,67448486.33836,0
1714392000000,0.5055,0.5172,0.5025,0.5148,231854878.1,1714413599999,118296991.66343,184110,123988635.4,63282634.17913,0
1714413600000,0.5148,0.5174,0.5094,0.5147,160311026.4,1714435199999,82509592.29502,123869,80128969.5,41255724.39219,0
