open_time,open,high,low,close,volume,close_time,quote_volume,count,taker_buy_volume,taker_buy_quote_volume,ignore
1712534400000,0.5948,0.5949,0.5880,0.5927,117217197.2,1712555999999,69424323.45295,110719,53829104.0,31884917.30351,0
1712556000000,0.5927,0.6126,0.5910,0.6080,432478477.5,1712577599999,261397826.58979,340816,214959179.2,129886247.57477,0
1712577600000,0.6081,0.6263,0.5974,0.6239,464668793.2,1712599199999,286262813.38227,422016,232312424.5,143161820.26517,0
1712599200000,0.6240,0.6271,0.6152,0.6152,198303826.7,1712620799999,123362571.74389,177402,92735522.7,57685094.49711,0
