open_time,open,high,low,close,volume,close_time,quote_volume,count,taker_buy_volume,taker_buy_quote_volume,ignore
1714435200000,0.5148,0.5196,0.5072,0.5142,166220158.3,1714456799999,85483052.90377,132646,78741736.6,40507706.05715,0
1714456800000,0.5143,0.5143,0.4946,0.4968,315968168.4,1714478399999,159082805.09889,222357,150780660.0,75925606.23273,0
1714478400000,0.4969,0.5006,0.4855,0.4957,384496583.3,1714499999999,190107775.80381,270763,189752048.3,93826135.91818,0
1714500000000,0.4956,0.5021,0.4916,0.5004,250704448.4,1714521599999,124808249.79984,185780,122151693.3,60809930.79927,0
