open_time,open,high,low,close,volume,close_time,quote_volume,count,taker_buy_volume,taker_buy_quote_volume,ignore
1712188800000,0.5746,0.5789,0.5626,0.5715,275837641.8,1712210399999,157347986.46959,221511,129893320.9,74098598.73198,0
1712210400000,0.5715,0.5798,0.5686,0.5756,233273077.4,1712231999999,134172611.73697,178173,120334491.2,69203926.67314,0
1712232000000,0.5756,0.6174,0.5753,0.6034,1062548516.9,1712253599999,637840354.89622,869031,537230419.7,322346123.96951,0
1712253600000,0.6033,0.6054,0.5853,0.5937,303598633.3,1712275199999,180208413.71017,282069,145284808.1,86217399.42564,0
