open_time,open,high,low,close,volume,close_time,quote_volume,count,taker_buy_volume,taker_buy_quote_volume,ignore
1712016000000,0.6115,0.6190,0.5823,0.5979,631940611.2,1712037599999,379225748.80881,570637,305896396.8,183596055.74991,0
1712037600000,0.5979,0.6035,0.5804,0.5890,512128466.6,1712059199999,303145384.30701,433470,250347654.4,148205890.75703,0
1712059200000,0.5889,0.5942,0.5792,0.5915,424371377.8,1712080799999,249038492.36250,356117,206147803.6,120995494.69149,0
1712080800000,0.5915,0.5947,0.5846,0.5858,209221000.8,1712102399999,123476895.50742,168326,100284430.0,59178060.54096,0
