open_time,open,high,low,close,volume,close_time,quote_volume,count,taker_buy_volume,taker_buy_quote_volume,ignore
1712880000000,0.6089,0.6145,0.6068,0.6111,125879365.7,1712901599999,76847600.48894,121950,62279863.0,38024581.20370,0
1712901600000,0.6112,0.6164,0.6069,0.6086,182598743.9,1712923199999,111543435.36361,157735,91057543.4,55622796.22610,0
1712923200000,0.6086,0.6089,0.5645,0.5748,713596034.9,1712944799999,419707310.86719,579779,341221161.4,200744746.14373,0
1712944800000,0.5748,0.5770,0.4907,0.5469,1134254530.2,1712966399999,608662410.94484,782128,480398632.4,258223725.99651,0
