open_time,open,high,low,close,volume,close_time,quote_volume,count,taker_buy_volume,taker_buy_quote_volume,ignore
1713312000000,0.4960,0.5008,0.4918,0.4983,179268204.5,1713333599999,89006179.26828,147773,88298474.3,43857249.01664,0
1713333600000,0.4984,0.5078,0.4870,0.4873,391760149.5,1713355199999,194940089.17676,247545,191921071.1,95497907.77583,0
1713355200000,0.4874,0.4934,0.4713,0.4907,682410771.3,1713376799999,329794637.14228,443748,336086931.9,162470643.54783,0
1713376800000,0.4908,0.5019,0.4900,0.4947,373003168.8,1713398399999,185282636.62416,262458,185605258.4,92179674.42410,0
