open_time,open,high,low,close,volume,close_time,quote_volume,count,taker_buy_volume,taker_buy_quote_volume,ignore
1712793600000,0.6177,0.6217,0.6152,0.6179,167168350.9,1712815199999,103450327.36726,169450,77929430.0,48230503.54697,0
1712815200000,0.6179,0.6219,0.6080,0.6097,225602013.5,1712836799999,139046632.53402,194267,108087774.9,66631743.52913,0
1712836800000,0.6097,0.6158,0.6034,0.6117,266082269.2,1712858399999,162209391.57354,257599,134365646.9,81911259.25854,0
1712858400000,0.6118,0.6144,0.6069,0.6089,147237616.3,1712879999999,89915281.68500,133863,70239118.3,42899154.53010,0
