open_time,open,high,low,close,volume,close_time,quote_volume,count,taker_buy_volume,taker_buy_quote_volume,ignore
1713225600000,0.4974,0.4979,0.4750,0.4879,415412274.9,1713247199999,202705015.57327,317980,197377214.6,96302605.01203,0
1713247200000,0.4878,0.5017,0.4778,0.4910,457150706.1,1713268799999,224238059.68264,306957,223197602.5,109456326.78670,0
1713268800000,0.4911,0.4973,0.4806,0.4946,496386107.4,1713290399999,242488243.17380,358531,246045205.3,120192228.23238,0
1713290400000,0.4945,0.4984,0.4894,0.4960,217709599.7,1713311999999,107579832.84109,162828,104952642.2,51867172.71196,0
