open_time,open,high,low,close,volume,close_time,quote_volume,count,taker_buy_volume,taker_buy_quote_volume,ignore
1713139200000,0.5030,0.5044,0.4935,0.5036,273946103.7,1713160799999,136624163.79184,225022,132419955.9,66047976.93907,0
1713160800000,0.5036,0.5188,0.5021,0.5112,435459822.1,1713182399999,223731580.03302,275436,220511578.7,113297338.83538,0
1713182400000,0.5111,0.5142,0.4870,0.4935,720445498.7,1713203999999,358900501.13617,441166,358228091.1,178393854.60683,0
1713204000000,0.4935,0.5000,0.4808,0.4973,469579805.9,1713225599999,231157072.42028,319661,229041900.3,112756898.38978,0
