open_time,open,high,low,close,volume,close_time,quote_volume,count,taker_buy_volume,taker_buy_quote_volume,ignore
1713571200000,0.5026,0.5149,0.4978,0.5119,277785407.3,1713592799999,140994170.22833,199984,144053264.0,73137938.55214,0
1713592800000,0.5120,0.5257,0.5109,0.5195,371663045.1,1713614399999,192500570.88149,230217,185777997.9,96238228.00056,0
1713614400000,0.5195,0.5295,0.5148,0.5276,274981182.3,1713635999999,143163727.35787,193156,140987507.2,73407495.18592,0
1713636000000,0.5277,0.5298,0.5230,0.5285,172241536.7,1713657599999,90787059.55255,137161,86671765.2,45686622.29545,0
