open_time,open,high,low,close,volume,close_time,quote_volume,count,taker_buy_volume,taker_buy_quote_volume,ignore
1713744000000,0.5243,0.5398,0.5217,0.5353,267524216.3,1713765599999,141863215.33032,209718,134609106.5,71386921.45882,0
1713765600000,0.5354,0.5394,0.5303,0.5326,190046030.9,1713787199999,101471507.89704,145527,92510913.0,49403297.46106,0
1713787200000,0.5327,0.5499,0.5305,0.5434,365908694.2,1713808799999,197739536.76426,243176,191240514.1,103358143.64078,0
1713808800000,0.5434,0.5713,0.5425,0.5558,484884770.1,1713830399999,270356844.51285,306614,250186683.7,139468534.60172,0
