open_time,open,high,low,close,volume,close_time,quote_volume,count,taker_buy_volume,taker_buy_quote_volume,ignore
1712361600000,0.5873,0.5926,0.5856,0.5907,103094071.5,1712383199999,60771576.83863,108880,52665063.0,31048058.02299,0
1712383200000,0.5908,0.5926,0.5878,0.5884,92451896.4,1712404799999,54571478.24558,87465,43168881.7,25483827.55786,0
1712404800000,0.5884,0.5975,0.5870,0.5903,170437790.6,1712426399999,100906286.03002,149786,88816812.8,52590490.68092,0
1712426400000,0.5904,0.5992,0.5893,0.5932,127378262.7,1712447999999,75567026.93684,113340,62140332.9,36865803.70022,0
