open_time,open,high,low,close,volume,close_time,quote_volume,count,taker_buy_volume,taker_buy_quote_volume,ignore
1712966400000,0.5469,0.5492,0.5287,0.5441,419808859.0,1712987999999,226905094.71662,300980,202729194.6,109589978.79669,0
1712988000000,0.5440,0.5474,0.5386,0.5424,184886575.3,1713009599999,100337070.14107,143278,87560066.6,47525499.07392,0
1713009600000,0.5425,0.5484,0.5120,0.5202,664807278.6,1713031199999,353565545.98753,431408,326948606.6,173855668.05389,0
1713031200000,0.5201,0.5305,0.4099,0.4786,1999723594.4,1713052799999,929698500.19932,1159028,915624366.8,426123589.50643,0
