open_time,open,high,low,close,volume,close_time,quote_volume,count,taker_buy_volume,taker_buy_quote_volume,ignore
1713916800000,0.5442,0.5513,0.5402,0.5492,185933444.8,1713938399999,101483467.57466,165599,94292254.1,51471367.34997,0
1713938400000,0.5492,0.5517,0.5422,0.5442,213236316.8,1713959999999,116596344.47862,154685,105873400.7,57886533.37277,0
1713960000000,0.5443,0.5459,0.5239,0.5342,505433099.4,1713981599999,268992789.15590,330890,243136635.2,129396728.03487,0
1713981600000,0.5341,0.5378,0.5206,0.5271,281110356.3,1714003199999,149058604.40206,218768,132762165.6,70408905.35627,0
