open_time,open,high,low,close,volume,close_time,quote_volume,count,taker_buy_volume,taker_buy_quote_volume,ignore
1714003200000,0.5270,0.5306,0.5182,0.5271,215684741.0,1714024799999,113307980.40594,196799,106802964.4,56123925.15157,0
1714024800000,0.5270,0.5290,0.5152,0.5189,256880499.0,1714046399999,134091619.48160,193189,123479215.0,64468112.97429,0
1714046400000,0.5188,0.5294,0.5133,0.5293,298538202.2,1714067999999,155469806.98168,228191,153679309.1,80050767.91414,0
1714068000000,0.5294,0.5325,0.5239,0.5251,137897602.2,1714089599999,72940646.25682,110613,61842537.1,32712827.08134,0
