open_time,open,high,low,close,volume,close_time,quote_volume,count,taker_buy_volume,taker_buy_quote_volume,ignore
1712102400000,0.5858,0.5885,0.5665,0.5857,359546486.0,1712123999999,208604837.05499,318677,171125392.0,99326148.11300,0
1712124000000,0.5856,0.5934,0.5808,0.5832,242672227.4,1712145599999,142730771.96780,190964,116328182.3,68418557.20569,0
1712145600000,0.5833,0.5858,0.5761,0.5796,301319553.7,1712167199999,175298681.57447,238777,152543121.3,88743593.07948,0
1712167200000,0.5796,0.5797,0.5665,0.5746,254858283.7,1712188799999,146123959.40994,208400,116488402.3,66793264.93798,0
