open_time,open,high,low,close,volume,close_time,quote_volume,count,taker_buy_volume,taker_buy_quote_volume,ignore
1711929600000,0.6297,0.6345,0.5967,0.6071,352040000.9,1711951199999,217894075.65561,391550,158813792.4,98397762.68345,0
1711951200000,0.6071,0.6166,0.6025,0.6099,301485550.4,1711972799999,184428159.85369,286226,146627932.8,89715518.31123,0
1711972800000,0.6099,0.6152,0.5950,0.6083,455269668.9,1711994399999,275011585.00998,401658,217539242.8,131413992.85666,0
1711994400000,0.6083,0.6150,0.6055,0.6115,164444037.3,1712015999999,100459521.09123,172001,82758963.6,50556571.57639,0
