open_time,open,high,low,close,volume,close_time,quote_volume,count,taker_buy_volume,taker_buy_quote_volume,ignore
1713052800000,0.4786,0.4944,0.4636,0.4917,638582913.8,1713074399999,303704611.41361,450758,311659097.2,148259446.45428,0
1713074400000,0.4917,0.4988,0.4796,0.4824,395130130.5,1713095999999,194010660.90121,271534,194311227.7,95419189.37828,0
1713096000000,0.4823,0.4956,0.4731,0.4848,648142230.2,1713117599999,314528265.84729,420162,319052207.9,154814823.71301,0
1713117600000,0.4848,0.5070,0.4833,0.5029,419306643.8,1713139199999,207102565.24031,275562,204224804.0,100893777.91880,0
