open_time,open,high,low,close,volume,close_time,quote_volume,count,taker_buy_volume,taker_buy_quote_volume,ignore
1713484800000,0.5021,0.5022,0.4660,0.4867,606555615.5,1713506399999,292285695.72230,429478,288980760.1,139265717.54861,0
1713506400000,0.4867,0.5038,0.4826,0.5013,498926134.1,1713527999999,248061120.64963,313813,256913194.9,127708166.59646,0
1713528000000,0.5013,0.5048,0.4930,0.5035,352548839.7,1713549599999,176215663.77967,235717,184352298.9,92148051.51014,0
1713549600000,0.5035,0.5105,0.4958,0.5027,276108755.5,1713571199999,139087573.48815,205308,136067657.2,68543946.99677,0
