open_time,open,high,low,close,volume,close_time,quote_volume,count,taker_buy_volume,taker_buy_quote_volume,ignore
1714262400000,0.5176,0.5244,0.5173,0.5229,87218482.3,1714283999999,45471462.73359,79751,45414560.7,23674884.82333,0
1714284000000,0.5229,0.5250,0.5161,0.5169,117314047.1,1714305599999,61080840.26775,87929,53501012.9,27861509.99681,0
1714305600000,0.5168,0.5207,0.5167,0.5194,85691859.9,1714327199999,44487009.37452,75087,43593720.7,22632371.02178,0
1714327200000,0.5193,0.5218,0.5079,0.5099,159545619.8,1714348799999,81952476.21473,132653,68911961.8,35414246.90898,0
