open_time,open,high,low,close,volume,close_time,quote_volume,count,taker_buy_volume,taker_buy_quote_volume,ignore
1712448000000,0.5933,0.6033,0.5897,0.5948,538612723.7,1712534399999,321113669.91341,493157,260401020.3,155265611.15619,0
