open_time,open,high,low,close,volume,close_time,quote_volume,count,taker_buy_volume,taker_buy_quote_volume,ignore
1714435200000,0.5148,0.5196,0.4855,0.5004,1117389358.4,1714521599999,559481883.60631,811546,541426138.2,271069379.00733,0
