open_time,open,high,low,close,volume,close_time,quote_volume,count,taker_buy_volume,taker_buy_quote_volume,ignore
1713484800000,0.5021,0.5105,0.4660,0.5027,1734139344.8,1713571199999,855650053.63975,1184316,866313911.1,427665882.65198,0
