open_time,open,high,low,close,volume,close_time,quote_volume,count,taker_buy_volume,taker_buy_quote_volume,ignore
1713571200000,0.5026,0.5298,0.4978,0.5285,1096671171.4,1713657599999,567445528.02024,760518,557490534.3,288470284.03407,0
