open_time,open,high,low,close,volume,close_time,quote_volume,count,taker_buy_volume,taker_buy_quote_volume,ignore
1713398400000,0.4948,0.5055,0.4854,0.5022,1121549457.6,1713484799999,555520599.71498,839187,562121445.3,278431965.07551,0
