open_time,open,high,low,close,volume,close_time,quote_volume,count,taker_buy_volume,taker_buy_quote_volume,ignore
1713830400000,0.5558,0.5573,0.5413,0.5443,936188665.5,1713916799999,513541788.34906,679811,453230363.7,248604259.06912,0
