open_time,open,high,low,close,volume,close_time,quote_volume,count,taker_buy_volume,taker_buy_quote_volume,ignore
1713139200000,0.5030,0.5188,0.4808,0.4973,1899431230.4,1713225599999,950413317.38131,1261285,940201526.0,470496068.77106,0
