open_time,open,high,low,close,volume,close_time,quote_volume,count,taker_buy_volume,taker_buy_quote_volume,ignore
1714089600000,0.5251,0.5358,0.5139,0.5257,854502503.8,1714175999999,448167470.52050,639023,422554524.8,221594780.05677,0
