open_time,open,high,low,close,volume,close_time,quote_volume,count,taker_buy_volume,taker_buy_quote_volume,ignore
1712275200000,0.5938,0.5944,0.5687,0.5872,1093206765.4,1712361599999,635959876.93046,912849,526467218.6,306231097.18620,0
