open_time,open,high,low,close,volume,close_time,quote_volume,count,taker_buy_volume,taker_buy_quote_volume,ignore
1712793600000,0.6177,0.6219,0.6034,0.6089,806090249.9,1712879999999,494621633.15982,755179,390621970.1,239672660.86474,0
