open_time,open,high,low,close,volume,close_time,quote_volume,count,taker_buy_volume,taker_buy_quote_volume,ignore
1712361600000,0.5873,0.5992,0.5856,0.5932,493362021.2,1712447999999,291816368.05107,459471,246791090.4,145988179.96199,0
