open_time,open,high,low,close,volume,close_time,quote_volume,count,taker_buy_volume,taker_buy_quote_volume,ignore
1711929600000,0.6297,0.6345,0.5950,0.6115,1273239257.5,1712015999999,777793341.61051,1251435,605739931.6,370083845.42773,0
