open_time,open,high,low,close,volume,close_time,quote_volume,count,taker_buy_volume,taker_buy_quote_volume,ignore
1713052800000,0.4786,0.5070,0.4636,0.5029,2101161918.3,1713139199999,1019346103.40242,1418016,1029247336.8,499387237.46437,0
