open_time,open,high,low,close,volume,close_time,quote_volume,count,taker_buy_volume,taker_buy_quote_volume,ignore
1714003200000,0.5270,0.5325,0.5133,0.5251,909001044.4,1714089599999,475810053.12604,728792,445804025.6,233355633.12134,0
