open_time,open,high,low,close,volume,close_time,quote_volume,count,taker_buy_volume,taker_buy_quote_volume,ignore
1713225600000,0.4974,0.5017,0.4750,0.4960,1586658688.1,1713311999999,777011151.27080,1146296,771572664.6,377818332.74307,0
