open_time,open,high,low,close,volume,close_time,quote_volume,count,taker_buy_volume,taker_buy_quote_volume,ignore
1712534400000,0.5948,0.6271,0.5880,0.6152,1212668294.6,1712620799999,740447535.16890,1050953,593836230.4,362618079.64056,0
