open_time,open,high,low,close,volume,close_time,quote_volume,count,taker_buy_volume,taker_buy_quote_volume,ignore
1712188800000,0.5746,0.6174,0.5626,0.5937,1875257869.4,1712275199999,1109569366.81295,1550784,932743039.9,551866048.80027,0
