open_time,open,high,low,close,volume,close_time,quote_volume,count,taker_buy_volume,taker_buy_quote_volume,ignore
1714348800000,0.5099,0.5174,0.4982,0.5147,875102439.0,1714435199999,444820986.56415,651209,437154102.3,222299023.27282,0
