open_time,open,high,low,close,volume,close_time,quote_volume,count,taker_buy_volume,taker_buy_quote_volume,ignore
1713916800000,0.5442,0.5517,0.5206,0.5271,1185713217.3,1714003199999,636131205.61124,869942,576064455.6,309163534.11388,0
