open_time,open,high,low,close,volume,close_time,quote_volume,count,taker_buy_volume,taker_buy_quote_volume,ignore
1712620800000,0.6153,0.6439,0.6014,0.6145,1615173601.6,1712707199999,1004119206.64986,1509953,797834482.5,496159623.40428,0
