open_time,open,high,low,close,volume,close_time,quote_volume,count,taker_buy_volume,taker_buy_quote_volume,ignore
1712102400000,0.5858,0.5934,0.5665,0.5746,1158396550.8,1712188799999,672758250.00720,956818,556485097.9,323281563.33615,0
