open_time,open,high,low,close,volume,close_time,quote_volume,count,taker_buy_volume,taker_buy_quote_volume,ignore
1712966400000,0.5469,0.5492,0.4099,0.4786,3269226307.3,1713052799999,1610506211.04454,2034694,1532862234.6,757094735.43093,0
