open_time,open,high,low,close,volume,close_time,quote_volume,count,taker_buy_volume,taker_buy_quote_volume,ignore
1713657600000,0.5285,0.5366,0.5180,0.5243,809956654.8,1713743999999,426683307.78984,615220,396363487.5,208808732.14006,0
