open_time,open,high,low,close,volume,close_time,quote_volume,count,taker_buy_volume,taker_buy_quote_volume,ignore
1715212800000,61157.90,61779.00,61087.00,61222.50,43497.524,1715241599999,2674121035.30280,700717,21027.504,1292885317.42600,0
1715241600000,61222.50,62262.10,60550.00,62122.50,109403.853,1715270399999,6711017305.15360,1474695,55872.205,3428474597.77610,0
1715270400000,62122.50,63447.20,61707.80,63050.10,89549.925,1715299199999,5596647977.27280,1246406,46109.428,2882138787.70270,0
