open_time,open,high,low,close,volume,close_time,quote_volume,count,taker_buy_volume,taker_buy_quote_volume,ignore
1714608000000,58307.70,58571.10,56951.60,57645.00,73285.608,1714636799999,4218590899.74251,1054539,36033.154,2074288431.99898,0
1714636800000,57645.00,59441.60,57542.40,59230.70,151459.776,1714665599999,8865352396.26130,1855346,77050.238,4510400897.94710,0
1714665600000,59230.80,59637.30,58594.40,59036.70,74483.918,1714694399999,4404025823.05670,1168306,36666.857,2168503897.46900,0
