open_time,open,high,low,close,volume,close_time,quote_volume,count,taker_buy_volume,taker_buy_quote_volume,ignore
1715126400000,62296.00,62994.90,62036.10,62186.70,59817.371,1715155199999,3738296067.99150,966963,29298.395,1831241406.18890,0
1715155200000,62186.70,62800.00,61736.70,62251.80,96796.266,1715183999999,6023026536.12530,1357087,48172.892,2998077321.62710,0
1715184000000,62251.90,62743.90,60843.60,61157.90,85037.942,1715212799999,5248130159.83960,1170796,41193.762,2543180876.35730,0
