open_time,open,high,low,close,volume,close_time,quote_volume,count,taker_buy_volume,taker_buy_quote_volume,ignore
1714694400000,59036.70,59976.90,58781.30,59158.10,60517.033,1714723199999,3597446724.03940,950613,29942.995,1780206983.69920,0
1714723200000,59158.10,62239.60,58818.20,61662.10,187228.150,1714751999999,11364427563.89850,2372296,96618.634,5865592725.79840,0
1714752000000,61662.20,63333.00,61497.60,62853.70,105861.276,1714780799999,6602378821.57580,1520578,55110.172,3438117058.38420,0
