open_time,open,high,low,close,volume,close_time,quote_volume,count,taker_buy_volume,taker_buy_quote_volume,ignore
1714867200000,63864.30,64170.60,62833.00,63697.10,62200.418,1714895999999,3944112813.69360,948580,31159.291,1976385679.79300,0
1714896000000,63697.10,64644.30,63505.70,64398.00,72706.132,1714924799999,4651960559.15580,1130373,38082.205,2437319110.31950,0
1714924800000,64398.10,64531.90,63520.30,63988.00,50589.103,1714953599999,3238412380.65140,760723,25146.940,1609589165.72310,0
