open_time,open,high,low,close,volume,close_time,quote_volume,count,taker_buy_volume,taker_buy_quote_volume,ignore
1714953600000,63987.90,64564.50,63666.00,64509.60,51798.015,1714982399999,3323121580.85480,843527,26590.744,1706209098.82700,0
1714982400000,64509.50,65500.00,62900.00,63599.80,182551.583,1715011199999,11708770736.41590,2380029,90807.728,5827008040.42680,0
1715011200000,63599.90,63731.30,62655.30,63142.80,70760.469,1715039999999,4473967987.82970,1040399,34042.493,2152646113.54730,0
