open_time,open,high,low,close,volume,close_time,quote_volume,count,taker_buy_volume,taker_buy_quote_volume,ignore
1715040000000,63142.70,63950.00,62805.60,63648.90,62056.045,1715068799999,3936525901.65490,1030893,30728.049,1949488633.41760,0
1715068800000,63648.90,64392.20,63001.00,63710.00,105778.228,1715097599999,6745468614.11790,1464625,52901.706,3373829113.46420,0
1715097600000,63710.10,63875.00,62203.60,62296.00,71140.373,1715126399999,4477040360.50450,1095908,32999.873,2077229439.03960,0
