open_time,open,high,low,close,volume,close_time,quote_volume,count,taker_buy_volume,taker_buy_quote_volume,ignore
1714780800000,62853.70,63555.50,62520.00,62931.30,65182.539,1714809599999,4105325699.10150,967094,32735.532,2062266884.29180,0
1714809600000,62931.40,64547.90,62888.00,63590.00,98297.155,1714838399999,6271195373.08100,1328782,51180.408,3265599922.37740,0
1714838400000,63590.10,64198.90,63278.10,63864.20,41725.505,1714867199999,2658180879.69900,718666,20811.299,1325988514.16080,0
