open_time,open,high,low,close,volume,close_time,quote_volume,count,taker_buy_volume,taker_buy_quote_volume,ignore
1715126400000,62296.00,62994.90,60843.60,61157.90,241651.579,1715212799999,15009452763.95640,3494846,118665.049,7372499604.17330,0
