open_time,open,high,low,close,volume,close_time,quote_volume,count,taker_buy_volume,taker_buy_quote_volume,ignore
1714780800000,62853.70,64547.90,62520.00,63864.20,205205.199,1714867199999,13034701951.88150,3014542,104727.239,6653855320.83000,0
