open_time,open,high,low,close,volume,close_time,quote_volume,count,taker_buy_volume,taker_buy_quote_volume,ignore
1714953600000,63987.90,65500.00,62655.30,63142.80,305110.067,1715039999999,19505860305.10040,4263955,151440.965,9685863252.80110,0
