open_time,open,high,low,close,volume,close_time,quote_volume,count,taker_buy_volume,taker_buy_quote_volume,ignore
1715212800000,61157.90,63447.20,60550.00,63050.10,242451.302,1715299199999,14981786317.72920,3421818,123009.137,7603498702.90480,0
