open_time,open,high,low,close,volume,close_time,quote_volume,count,taker_buy_volume,taker_buy_quote_volume,ignore
1715040000000,63142.70,64392.20,62203.60,62296.00,238974.646,1715126399999,15159034876.27730,3591426,116629.628,7400547185.92140,0
