open_time,open,high,low,close,volume,close_time,quote_volume,count,taker_buy_volume,taker_buy_quote_volume,ignore
1714867200000,63864.30,64644.30,62833.00,63988.00,185495.653,1714953599999,11834485753.50080,2839676,94388.436,6023293955.83560,0
