open_time,open,high,low,close,volume,close_time,quote_volume,count,taker_buy_volume,taker_buy_quote_volume,ignore
1714608000000,58307.70,59637.30,56951.60,59036.70,299229.302,1714694399999,17487969119.06051,4078191,149750.249,8753193227.41508,0
