open_time,open,high,low,close,volume,close_time,quote_volume,count,taker_buy_volume,taker_buy_quote_volume,ignore
1714521600000,5.1638000,5.1800000,4.5983000,4.8806000,25743084.9,1714607999999,123698641.75975000,639299,12076721.8,58023545.23603000,0
