open_time,open,high,low,close,volume,close_time,quote_volume,count,taker_buy_volume,taker_buy_quote_volume,ignore
1716076800000,6.3989000,6.5739000,6.2275000,6.2592000,12405101.2,1716163199999,79597345.26084000,360660,6048180.1,38825998.67244000,0
