open_time,open,high,low,close,volume,close_time,quote_volume,count,taker_buy_volume,taker_buy_quote_volume,ignore
1714867200000,5.7501000,5.9881000,5.5684000,5.9684000,13358595.5,1714953599999,77422693.04326000,365728,6791912.8,39378125.64037000,0
