open_time,open,high,low,close,volume,close_time,quote_volume,count,taker_buy_volume,taker_buy_quote_volume,ignore
1715299200000,6.4132000,7.2000000,6.3083000,6.7684000,66868719.2,1715385599999,455324770.24430000,1700580,32328265.0,220218724.00441000,0
