open_time,open,high,low,close,volume,close_time,quote_volume,count,taker_buy_volume,taker_buy_quote_volume,ignore
1716163200000,6.2593000,6.6423000,6.2071000,6.5523000,15744237.1,1716249599999,101772385.31154000,476473,7867142.8,50870570.16530000,0
