open_time,open,high,low,close,volume,close_time,quote_volume,count,taker_buy_volume,taker_buy_quote_volume,ignore
1716768000000,6.3175000,6.5257000,6.2970000,6.4039000,10914510.4,1716854399999,70049071.76202000,275358,5315295.6,34124058.75034000,0
