open_time,open,high,low,close,volume,close_time,quote_volume,count,taker_buy_volume,taker_buy_quote_volume,ignore
1716595200000,6.3873000,6.4957000,6.2923000,6.3849000,9021842.5,1716681599999,57660812.70876000,255674,4433414.6,28335506.96249000,0
