open_time,open,high,low,close,volume,close_time,quote_volume,count,taker_buy_volume,taker_buy_quote_volume,ignore
1716422400000,6.5425000,6.7330000,5.9777000,6.2098000,21210121.1,1716508799999,135168409.75564000,554916,9803627.8,62488705.30329000,0
