open_time,open,high,low,close,volume,close_time,quote_volume,count,taker_buy_volume,taker_buy_quote_volume,ignore
1714780800000,5.6874000,5.8469000,5.6501000,5.7496000,11765443.2,1714867199999,67599575.69804000,297812,5727478.2,32915295.58865000,0
