open_time,open,high,low,close,volume,close_time,quote_volume,count,taker_buy_volume,taker_buy_quote_volume,ignore
1715385600000,6.7693000,7.0054000,6.6115000,6.8929000,31068093.0,1715471999999,211303881.17087000,962574,15021524.1,102207167.15993000,0
