open_time,open,high,low,close,volume,close_time,quote_volume,count,taker_buy_volume,taker_buy_quote_volume,ignore
1715558400000,6.9508000,7.4500000,6.7550000,7.0106000,59162434.1,1715644799999,425292104.10424000,1708769,29174163.6,209813533.14450000,0
