open_time,open,high,low,close,volume,close_time,quote_volume,count,taker_buy_volume,taker_buy_quote_volume,ignore
1714953600000,5.9684000,6.2083000,5.7317000,5.7792000,16709853.6,1715039999999,99672186.92870000,471150,8016681.5,47846970.67811000,0
