open_time,open,high,low,close,volume,close_time,quote_volume,count,taker_buy_volume,taker_buy_quote_volume,ignore
1715212800000,5.7577000,6.4760000,5.7564000,6.4130000,31397094.9,1715299199999,193513177.00027000,715268,15564970.6,96050969.24229000,0
