open_time,open,high,low,close,volume,close_time,quote_volume,count,taker_buy_volume,taker_buy_quote_volume,ignore
1717113600000,6.4661000,6.4938000,6.3262000,6.3384000,7020818.0,1717199999999,44955564.21210000,216488,3273107.6,20960661.70135000,0
