open_time,open,high,low,close,volume,close_time,quote_volume,count,taker_buy_volume,taker_buy_quote_volume,ignore
1715126400000,5.6498000,5.9294000,5.6007000,5.7593000,12858186.3,1715212799999,73845409.12731000,358710,6244540.9,35857144.42641000,0
