open_time,open,high,low,close,volume,close_time,quote_volume,count,taker_buy_volume,taker_buy_quote_volume,ignore
1715644800000,7.0108000,7.2232000,6.5663000,6.8430000,36788925.6,1715731199999,253758000.12963000,1182812,17829084.5,123041461.24494000,0
