open_time,open,high,low,close,volume,close_time,quote_volume,count,taker_buy_volume,taker_buy_quote_volume,ignore
1714608000000,4.8812000,5.2716000,4.6788000,5.1302000,19120246.6,1714694399999,94741373.10631000,489782,9363404.0,46372744.70446000,0
