open_time,open,high,low,close,volume,close_time,quote_volume,count,taker_buy_volume,taker_buy_quote_volume,ignore
1717027200000,6.5058000,6.5670000,6.3247000,6.4661000,9401241.5,1717113599999,60950971.40503000,270383,4397357.9,28528047.99899000,0
