open_time,open,high,low,close,volume,close_time,quote_volume,count,taker_buy_volume,taker_buy_quote_volume,ignore
1715990400000,6.6291000,6.6694000,6.3512000,6.3989000,14801128.8,1716076799999,95782422.30055000,477470,7445164.7,48190361.97323000,0
