open_time,open,high,low,close,volume,close_time,quote_volume,count,taker_buy_volume,taker_buy_quote_volume,ignore
1715472000000,6.8942000,7.1000000,6.8096000,6.9508000,25310074.1,1715558399999,176187409.11523000,781834,12124517.9,84396054.22595000,0
