open_time,open,high,low,close,volume,close_time,quote_volume,count,taker_buy_volume,taker_buy_quote_volume,ignore
1716508800000,6.2098000,6.4117000,6.0547000,6.3874000,9446784.6,1716595199999,58840298.92125000,270018,4782355.8,29811403.98703000,0
