open_time,open,high,low,close,volume,close_time,quote_volume,count,taker_buy_volume,taker_buy_quote_volume,ignore
1716249600000,6.5530000,6.7310000,6.3000000,6.3212000,16979664.1,1716335999999,110300680.65870000,471715,8074355.2,52475772.51975000,0
