open_time,open,high,low,close,volume,close_time,quote_volume,count,taker_buy_volume,taker_buy_quote_volume,ignore
1715817600000,6.9926000,7.0733000,6.3334000,6.7855000,44871660.3,1715903999999,299162127.69229000,1288938,22198683.7,148013728.56337000,0
