open_time,open,high,low,close,volume,close_time,quote_volume,count,taker_buy_volume,taker_buy_quote_volume,ignore
1716940800000,6.4718000,6.6174000,6.4113000,6.5064000,10838244.5,1717027199999,70526326.31840000,278910,5216213.4,33953404.60598000,0
