open_time,open,high,low,close,volume,close_time,quote_volume,count,taker_buy_volume,taker_buy_quote_volume,ignore
1716854400000,6.4039000,6.5100000,6.2217000,6.4718000,9954720.2,1716940799999,63729365.54470000,283190,4736810.6,30354527.92445000,0
