open_time,open,high,low,close,volume,close_time,quote_volume,count,taker_buy_volume,taker_buy_quote_volume,ignore
1715904000000,6.7839000,6.7889000,6.5405000,6.6291000,17958600.8,1715990399999,119729439.51585000,636220,8952962.6,59696643.53183000,0
