open_time,open,high,low,close,volume,close_time,quote_volume,count,taker_buy_volume,taker_buy_quote_volume,ignore
1713571200000,63787.40,64244.00,63045.10,63688.70,95700.958,1713614399999,6098682885.26554,1551954,47505.362,3027458213.98244,0
1713614400000,63688.70,65400.00,63537.30,64897.20,101441.304,1713657599999,6558730625.72747,1651819,51907.697,3355979794.35343,0
