open_time,open,high,low,close,volume,close_time,quote_volume,count,taker_buy_volume,taker_buy_quote_volume,ignore
1713916800000,66386.20,67068.20,66172.00,66550.70,66428.063,1713959999999,4424235847.09240,1152296,32701.713,2178101129.00770,0
1713960000000,66550.70,66711.90,63575.00,64250.00,214116.998,1714003199999,13882647405.53380,3007165,102724.421,6659637705.71880,0
