open_time,open,high,low,close,volume,close_time,quote_volume,count,taker_buy_volume,taker_buy_quote_volume,ignore
1713398400000,61254.50,63049.90,60763.80,62563.00,145450.912,1713441599999,8973676761.54950,2203975,74159.564,4576711759.63238,0
1713441600000,62563.00,64100.00,61558.00,63445.00,217851.482,1713484799999,13734856993.46536,3043529,108695.432,6854421290.01928,0
