open_time,open,high,low,close,volume,close_time,quote_volume,count,taker_buy_volume,taker_buy_quote_volume,ignore
1714348800000,63088.40,63337.80,61888.00,62222.90,96989.462,1714391999999,6058041524.52650,1597912,47096.544,2942002233.56410,0
1714392000000,62222.60,64200.00,61726.20,63842.40,131421.701,1714435199999,8257393470.08730,1978444,66421.496,4175034422.56770,0
