open_time,open,high,low,close,volume,close_time,quote_volume,count,taker_buy_volume,taker_buy_quote_volume,ignore
1712880000000,70055.60,71297.00,70044.40,70950.90,75256.929,1712923199999,5328947315.43560,1364802,39982.341,2831296324.09610,0
1712923200000,70950.90,71028.00,65102.00,67136.40,340271.220,1712966399999,23137667233.19387,4224524,159617.257,10854288119.90224,0
