open_time,open,high,low,close,volume,close_time,quote_volume,count,taker_buy_volume,taker_buy_quote_volume,ignore
1713225600000,63392.80,63879.60,61521.00,63064.60,193045.812,1713268799999,12118815778.72018,2718539,95016.080,5966068879.99408,0
1713268800000,63064.60,64356.30,61680.00,63765.00,212885.627,1713311999999,13352545847.64602,3097976,107386.907,6736689071.56392,0
