open_time,open,high,low,close,volume,close_time,quote_volume,count,taker_buy_volume,taker_buy_quote_volume,ignore
1712620800000,71678.30,71820.60,69536.80,70858.30,148134.490,1712663999999,10477863762.36543,2444188,71539.772,5061080004.92682,0
1712664000000,70858.20,71048.30,68216.00,69189.30,185924.913,1712707199999,12897401575.07332,2987408,89019.035,6175956571.55560,0
