open_time,open,high,low,close,volume,close_time,quote_volume,count,taker_buy_volume,taker_buy_quote_volume,ignore
1712534400000,69362.70,72753.60,69040.40,72472.60,177327.244,1712577599999,12619440190.59468,2994621,94023.118,6691765601.77658,0
1712577600000,72472.60,72890.40,71276.00,71678.40,119910.205,1712620799999,8625322777.44091,2299872,58732.243,4225304170.51740,0
