open_time,open,high,low,close,volume,close_time,quote_volume,count,taker_buy_volume,taker_buy_quote_volume,ignore
1714435200000,63842.40,64700.00,61000.00,61182.30,168987.058,1714478399999,10597208533.93920,2528456,82025.960,5146124022.94360,0
1714478400000,61182.30,61576.10,59150.00,60651.20,239760.645,1714521599999,14495683617.72880,3426920,116424.028,7041359917.38470,0
