open_time,open,high,low,close,volume,close_time,quote_volume,count,taker_buy_volume,taker_buy_quote_volume,ignore
1713744000000,64912.70,66449.00,64470.50,65856.20,121351.924,1713787199999,7961918677.99674,2006144,61299.492,4021747732.52950,0
1713787200000,65856.10,67222.00,65600.70,66778.00,124916.487,1713830399999,8287136811.46530,1966957,63963.300,4244760431.42520,0
