open_time,open,high,low,close,volume,close_time,quote_volume,count,taker_buy_volume,taker_buy_quote_volume,ignore
1712793600000,70681.80,71387.40,69921.10,70043.30,104309.752,1712836799999,7378768190.64504,1816477,50921.003,3602846436.23072,0
1712836800000,70043.40,71160.00,69592.60,70055.70,151884.401,1712879999999,10668127334.91194,2575041,76232.922,5355400448.81034,0
