open_time,open,high,low,close,volume,close_time,quote_volume,count,taker_buy_volume,taker_buy_quote_volume,ignore
1711929600000,71363.00,71388.00,68895.50,69520.40,121889.867,1711972799999,8515963928.23191,1662912,58500.162,4086608474.20452,0
1711972800000,69520.40,70145.00,68103.30,69700.00,160922.259,1712015999999,11122721634.87316,2192280,78763.150,5444222781.79320,0
