open_time,open,high,low,close,volume,close_time,quote_volume,count,taker_buy_volume,taker_buy_quote_volume,ignore
1712102400000,65502.40,66696.50,64500.00,66094.30,139257.901,1712145599999,9176575050.94770,1824912,69324.587,4569075357.49201,0
1712145600000,66094.20,66940.00,65451.10,65971.90,135783.329,1712188799999,8978352387.80066,1891133,67062.199,4435074821.83750,0
