open_time,open,high,low,close,volume,close_time,quote_volume,count,taker_buy_volume,taker_buy_quote_volume,ignore
1713139200000,65615.90,66874.90,64649.20,65848.60,130262.687,1713182399999,8578542463.01943,2070334,64972.947,4279290814.85391,0
1713182400000,65848.60,66369.70,62242.50,63392.70,251269.538,1713225599999,16099301495.36425,3471334,121929.379,7814131815.18736,0
