open_time,open,high,low,close,volume,close_time,quote_volume,count,taker_buy_volume,taker_buy_quote_volume,ignore
1714262400000,63420.90,64350.00,63230.70,63459.10,64274.317,1714305599999,4099746043.83110,1041169,31035.576,1979949555.91820,0
1714305600000,63459.00,63973.90,62700.00,63088.30,61781.834,1714348799999,3916915438.34760,1065887,30628.324,1942164489.48790,0
