open_time,open,high,low,close,volume,close_time,quote_volume,count,taker_buy_volume,taker_buy_quote_volume,ignore
1712188800000,65971.80,66500.00,65100.00,66361.50,93875.905,1712231999999,6187029806.06522,1327994,46193.392,3045084552.87445,0
1712232000000,66361.50,69329.70,66336.60,68489.90,232509.433,1712275199999,15806139098.21371,2890223,119071.123,8094409470.59527,0
