open_time,open,high,low,close,volume,close_time,quote_volume,count,taker_buy_volume,taker_buy_quote_volume,ignore
1712966400000,67136.40,67975.40,65754.60,67377.00,120731.798,1713009599999,8093589773.22174,1910715,58965.868,3953614295.82839,0
1713009600000,67377.10,67954.00,59652.50,63939.70,394273.405,1713052799999,25274313706.45887,4768926,186847.035,11983872831.66703,0
