open_time,open,high,low,close,volume,close_time,quote_volume,count,taker_buy_volume,taker_buy_quote_volume,ignore
1712016000000,69700.00,69731.60,65108.00,65684.20,274436.516,1712059199999,18320428797.29099,3425981,127816.209,8530457521.32119,0
1712059200000,65684.20,66289.00,64603.20,65505.30,224605.056,1712102399999,14712651251.48665,2880971,109345.424,7164568037.55728,0
