open_time,open,high,low,close,volume,close_time,quote_volume,count,taker_buy_volume,taker_buy_quote_volume,ignore
1714089600000,64478.80,64649.70,63844.00,64213.60,75089.797,1714132799999,4827679787.69650,1246164,37149.299,2388591003.46500,0
1714132800000,64213.60,64783.10,63291.50,63748.80,127060.016,1714175999999,8125909358.22200,1916623,64171.771,4104504196.65660,0
