open_time,open,high,low,close,volume,close_time,quote_volume,count,taker_buy_volume,taker_buy_quote_volume,ignore
1712361600000,67825.80,68240.10,67450.00,67655.00,51121.371,1712404799999,3469176242.02846,831695,24421.691,1657453656.01016,0
1712404800000,67654.90,69708.00,67525.00,68901.60,76222.355,1712447999999,5221878939.71108,1212372,40499.144,2774838156.88014,0
