open_time,open,high,low,close,volume,close_time,quote_volume,count,taker_buy_volume,taker_buy_quote_volume,ignore
1712275200000,68489.80,68787.10,66376.00,66502.80,144336.759,1712318399999,9705780634.89023,1984470,69927.281,4702440925.10896,0
1712318400000,66502.80,68585.90,65966.00,67825.70,169210.534,1712361599999,11404384554.31908,2261652,85155.461,5740675414.04767,0
