open_time,open,high,low,close,volume,close_time,quote_volume,count,taker_buy_volume,taker_buy_quote_volume,ignore
1713657600000,64897.20,65678.70,64570.50,65203.50,73806.666,1713700799999,4803924179.71866,1287399,37340.971,2430797380.19316,0
1713700800000,65203.50,65362.30,64214.20,64912.60,86727.282,1713743999999,5617231339.65434,1485485,43053.944,2788900892.31560,0
