open_time,open,high,low,close,volume,close_time,quote_volume,count,taker_buy_volume,taker_buy_quote_volume,ignore
1712448000000,68901.50,69800.00,68820.60,69366.10,63489.485,1712491199999,4402842073.34540,1181767,31779.731,2204088345.28360,0
1712491200000,69366.20,70395.00,68881.30,69362.70,108293.951,1712534399999,7538384198.58635,1912240,55733.711,3880958443.58705,0
