open_time,open,high,low,close,volume,close_time,quote_volume,count,taker_buy_volume,taker_buy_quote_volume,ignore
1714176000000,63748.70,63901.40,62332.80,62834.50,91451.105,1714219199999,5757182419.54590,1489839,43242.420,2722190945.75450,0
1714219200000,62834.40,63624.40,62700.20,63421.00,75898.004,1714262399999,4794002754.40800,1264113,37984.522,2399341354.76420,0
