open_time,open,high,low,close,volume,close_time,quote_volume,count,taker_buy_volume,taker_buy_quote_volume,ignore
1713052800000,63939.70,64891.60,62139.30,64150.20,178994.961,1713095999999,11424937371.00778,2686543,87533.507,5587685863.64946,0
1713096000000,64150.20,65822.10,62550.00,65615.90,216775.172,1713139199999,13913141522.57399,3009242,108496.553,6966219423.85463,0
