open_time,open,high,low,close,volume,close_time,quote_volume,count,taker_buy_volume,taker_buy_quote_volume,ignore
1714003200000,64250.00,64713.60,63300.00,63826.90,100271.114,1714046399999,6417238869.87420,1639375,48806.000,3123739845.32050,0
1714046400000,63827.00,65270.60,62721.30,64478.80,174939.948,1714089599999,11198727207.97420,2586013,87003.911,5571343690.41960,0
