open_time,open,high,low,close,volume,close_time,quote_volume,count,taker_buy_volume,taker_buy_quote_volume,ignore
1713484800000,63445.00,65480.00,59541.00,64839.80,374696.404,1713527999999,23509568546.48044,4792919,188500.826,11832011033.38992,0
1713528000000,64839.80,65420.50,62910.00,63787.40,199567.654,1713571199999,12822564714.45738,2936664,99238.807,6377263001.72950,0
