open_time,open,high,low,close,volume,close_time,quote_volume,count,taker_buy_volume,taker_buy_quote_volume,ignore
1712707200000,69189.20,69650.00,68514.00,69094.70,90385.659,1712750399999,6243495167.03094,1724523,43583.250,3010847878.18500,0
1712750400000,69094.80,71412.20,67546.20,70681.70,247389.097,1712793599999,17082146346.79453,3651872,123658.286,8543214427.21867,0
