open_time,open,high,low,close,volume,close_time,quote_volume,count,taker_buy_volume,taker_buy_quote_volume,ignore
1713830400000,66777.90,67158.90,65812.00,66023.50,77624.290,1713873599999,5153374989.18710,1323571,37713.691,2503851757.80960,0
1713873600000,66023.50,67099.70,65750.00,66386.30,101041.274,1713916799999,6718749268.68900,1639466,49941.183,3321138421.45010,0
