open_time,open,high,low,close,volume,close_time,quote_volume,count,taker_buy_volume,taker_buy_quote_volume,ignore
1713312000000,63764.90,64483.30,62490.00,62576.90,106303.988,1713355199999,6753268948.21780,1709800,51881.055,3296928606.45942,0
1713355200000,62576.80,62957.20,59625.00,61254.50,337729.004,1713398399999,20649076157.56038,4303617,165784.101,10137739184.76054,0
