open_time,open,high,low,close,volume,close_time,quote_volume,count,taker_buy_volume,taker_buy_quote_volume,ignore
1710374400000,0.6898,0.7085,0.6375,0.6698,2504547255.6,1710460799999,1691318573.68596,2159755,1193202135.0,806054759.10106,0
