open_time,open,high,low,close,volume,close_time,quote_volume,count,taker_buy_volume,taker_buy_quote_volume,ignore
1710979200000,0.6112,0.6550,0.5976,0.6412,2442214871.9,1711065599999,1531882914.21966,2228570,1191046974.3,747271504.01412,0
