open_time,open,high,low,close,volume,close_time,quote_volume,count,taker_buy_volume,taker_buy_quote_volume,ignore
1710892800000,0.5850,0.6191,0.5679,0.6112,2483338200.8,1710979199999,1468042877.59969,2029564,1221058923.9,721855428.36826,0
