open_time,open,high,low,close,volume,close_time,quote_volume,count,taker_buy_volume,taker_buy_quote_volume,ignore
1711411200000,0.6408,0.6534,0.6252,0.6323,1141849306.9,1711497599999,730011695.18946,1069291,549014795.2,351055345.24935,0
