open_time,open,high,low,close,volume,close_time,quote_volume,count,taker_buy_volume,taker_buy_quote_volume,ignore
1709251200000,0.5872,0.6041,0.5834,0.6019,1309630851.7,1709337599999,776603277.84306,982379,644158441.0,382012035.17209,0
