open_time,open,high,low,close,volume,close_time,quote_volume,count,taker_buy_volume,taker_buy_quote_volume,ignore
1709337600000,0.6018,0.6525,0.6000,0.6449,2279098904.4,1709423999999,1439601399.37318,1657829,1125557733.4,710981923.78838,0
