open_time,open,high,low,close,volume,close_time,quote_volume,count,taker_buy_volume,taker_buy_quote_volume,ignore
1710720000000,0.6198,0.6691,0.5946,0.6457,2298390308.4,1710806399999,1429100416.69342,1989207,1120786971.8,696764432.75312,0
