open_time,open,high,low,close,volume,close_time,quote_volume,count,taker_buy_volume,taker_buy_quote_volume,ignore
1710028800000,0.6206,0.6288,0.5966,0.6086,1108899519.1,1710115199999,682454769.88936,876854,519978003.0,320124262.75720,0
