open_time,open,high,low,close,volume,close_time,quote_volume,count,taker_buy_volume,taker_buy_quote_volume,ignore
1710633600000,0.6036,0.6253,0.5869,0.6198,1355628483.5,1710719999999,828692849.18699,1267627,666388764.2,407475251.25818,0
