open_time,open,high,low,close,volume,close_time,quote_volume,count,taker_buy_volume,taker_buy_quote_volume,ignore
1709596800000,0.6485,0.6699,0.5235,0.5915,4044645963.8,1709683199999,2517889912.38744,3471998,1891398993.3,1180043465.11657,0
