open_time,open,high,low,close,volume,close_time,quote_volume,count,taker_buy_volume,taker_buy_quote_volume,ignore
1710547200000,0.6347,0.6484,0.5922,0.6036,1774194608.0,1710633599999,1101266213.78234,1634740,859533784.5,533547321.83015,0
