open_time,open,high,low,close,volume,close_time,quote_volume,count,taker_buy_volume,taker_buy_quote_volume,ignore
1709942400000,0.6204,0.6331,0.6163,0.6206,891268348.0,1710028799999,555897629.17519,698941,442789003.3,276229716.31269,0
