open_time,open,high,low,close,volume,close_time,quote_volume,count,taker_buy_volume,taker_buy_quote_volume,ignore
1709510400000,0.6271,0.6670,0.6088,0.6484,2689852898.9,1709596799999,1736150905.58591,2089997,1302840373.9,841182487.45359,0
