open_time,open,high,low,close,volume,close_time,quote_volume,count,taker_buy_volume,taker_buy_quote_volume,ignore
1710460800000,0.6698,0.6767,0.5945,0.6348,2781659696.7,1710547199999,1751701163.24111,2478074,1346160109.4,848026588.98491,0
