open_time,open,high,low,close,volume,close_time,quote_volume,count,taker_buy_volume,taker_buy_quote_volume,ignore
1711756800000,0.6307,0.6380,0.6180,0.6217,708981404.9,1711843199999,444951844.18616,716838,341435667.0,214329058.72337,0
