open_time,open,high,low,close,volume,close_time,quote_volume,count,taker_buy_volume,taker_buy_quote_volume,ignore
1711238400000,0.6173,0.6362,0.6136,0.6333,952957928.1,1711324799999,598942419.49179,1061562,469057058.7,294822907.32633,0
