open_time,open,high,low,close,volume,close_time,quote_volume,count,taker_buy_volume,taker_buy_quote_volume,ignore
1711324800000,0.6333,0.6636,0.6267,0.6408,1517291564.2,1711411199999,974149212.62547,1357087,741643528.4,476278625.04131,0
