open_time,open,high,low,close,volume,close_time,quote_volume,count,taker_buy_volume,taker_buy_quote_volume,ignore
1709683200000,0.5915,0.6250,0.5759,0.6128,1986620883.6,1709769599999,1198485002.75502,1725204,963650705.9,581521667.89590,0
