open_time,open,high,low,close,volume,close_time,quote_volume,count,taker_buy_volume,taker_buy_quote_volume,ignore
1709424000000,0.6450,0.6455,0.5800,0.6272,1682103049.6,1709510399999,1047456694.96101,1305023,785969056.2,489636168.59323,0
