open_time,open,high,low,close,volume,close_time,quote_volume,count,taker_buy_volume,taker_buy_quote_volume,ignore
1711843200000,0.6217,0.6311,0.6210,0.6297,408850292.5,1711929599999,256356526.63073,447477,201977255.7,126645622.41740,0
