open_time,open,high,low,close,volume,close_time,quote_volume,count,taker_buy_volume,taker_buy_quote_volume,ignore
1711497600000,0.6324,0.6355,0.6056,0.6123,1329165880.8,1711583999999,824024464.29156,1228280,634440072.3,393395176.14291,0
