open_time,open,high,low,close,volume,close_time,quote_volume,count,taker_buy_volume,taker_buy_quote_volume,ignore
1709769600000,0.6128,0.6399,0.6069,0.6280,1975693838.8,1709855999999,1232180362.48906,1594480,965085678.2,601900776.36878,0
