open_time,open,high,low,close,volume,close_time,quote_volume,count,taker_buy_volume,taker_buy_quote_volume,ignore
1710115200000,0.6087,0.7455,0.5810,0.7243,4737771018.2,1710201599999,3251943545.15340,4135885,2366540715.9,1624890971.73882,0
