open_time,open,high,low,close,volume,close_time,quote_volume,count,taker_buy_volume,taker_buy_quote_volume,ignore
1710201600000,0.7242,0.7350,0.6565,0.6886,3833687295.7,1710287999999,2665586716.44179,2985914,1858305551.0,1292736474.30982,0
