open_time,open,high,low,close,volume,close_time,quote_volume,count,taker_buy_volume,taker_buy_quote_volume,ignore
1711584000000,0.6123,0.6380,0.6036,0.6252,1152498034.1,1711670399999,718116721.66139,1221930,579248496.5,361010843.58089,0
