open_time,open,high,low,close,volume,close_time,quote_volume,count,taker_buy_volume,taker_buy_quote_volume,ignore
1711670400000,0.6252,0.6464,0.6090,0.6308,1408551317.4,1711756799999,883435677.29090,1404653,690189458.6,432953243.22321,0
