open_time,open,high,low,close,volume,close_time,quote_volume,count,taker_buy_volume,taker_buy_quote_volume,ignore
1710288000000,0.6887,0.7033,0.6688,0.6898,1596969340.8,1710374399999,1098592136.13086,1317401,773658861.8,532349231.94296,0
