open_time,open,high,low,close,volume,close_time,quote_volume,count,taker_buy_volume,taker_buy_quote_volume,ignore
1710633600000,3.5280000,3.5900000,3.4538000,3.4991000,1305063.1,1710655199999,4604885.94619000,40705,637751.4,2252388.22517000,0
1710655200000,3.4994000,3.6805000,3.3213000,3.6198000,3332035.1,1710676799999,11712043.89520000,80773,1613617.7,5683371.45254000,0
1710676800000,3.6201000,4.0759000,3.5576000,3.9575000,6619350.0,1710698399999,25628895.14798000,140471,3394715.9,13146868.57495000,0
1710698400000,3.9569000,3.9632000,3.8229000,3.8647000,2554529.9,1710719999999,9921480.30262000,63342,1144990.4,4448924.63095000,0
