open_time,open,high,low,close,volume,close_time,quote_volume,count,taker_buy_volume,taker_buy_quote_volume,ignore
1711756800000,5.0259000,5.1215000,4.9769000,5.0746000,1687347.3,1711778399999,8525588.18301000,51459,772393.0,3905340.13379000,0
1711778400000,5.0754000,5.3579000,4.9900000,5.3268000,5901730.7,1711799999999,30708688.28159000,140872,2946278.2,15346895.19310000,0
1711800000000,5.3259000,5.3544000,5.2122000,5.2978000,4674299.0,1711821599999,24726448.02107000,116287,2151758.6,11385968.36252000,0
1711821600000,5.2971000,5.3741000,5.2212000,5.2687000,2246555.1,1711843199999,11892857.40429000,69424,1102442.5,5838763.92507000,0
