open_time,open,high,low,close,volume,close_time,quote_volume,count,taker_buy_volume,taker_buy_quote_volume,ignore
1711584000000,4.9721000,5.0158000,4.8001000,4.8418000,2317208.0,1711605599999,11287978.23250000,61603,1025129.1,4995020.15248000,0
1711605600000,4.8413000,4.9879000,4.8223000,4.9507000,2306857.2,1711627199999,11348834.32801000,67106,1135908.2,5587433.16360000,0
1711627200000,4.9536000,5.1405000,4.9355000,4.9733000,5248825.5,1711648799999,26459693.14885000,124661,2498096.1,12595373.64088000,0
1711648800000,4.9733000,4.9733000,4.8600000,4.9022000,2311277.9,1711670399999,11346293.67565000,53746,1071989.9,5263891.73305000,0
