open_time,open,high,low,close,volume,close_time,quote_volume,count,taker_buy_volume,taker_buy_quote_volume,ignore
1710288000000,4.0697000,4.5406000,4.0141000,4.3534000,16754334.1,1710309599999,72363183.88626000,386450,8393943.8,36257215.32418000,0
1710309600000,4.3520000,4.4525000,4.2300000,4.3688000,9960898.6,1710331199999,43144116.64328000,237417,4922183.8,21325468.44753000,0
1710331200000,4.3696000,4.6265000,4.2615000,4.4784000,15020869.8,1710352799999,66436970.33062000,318462,7473816.2,33069809.11147000,0
1710352800000,4.4781000,4.5350000,4.2743000,4.3177000,4318945.8,1710374399999,18978972.26678000,119445,2103355.4,9254805.02391000,0
