open_time,open,high,low,close,volume,close_time,quote_volume,count,taker_buy_volume,taker_buy_quote_volume,ignore
1710028800000,2.8809000,2.8876000,2.8250000,2.8576000,794680.6,1710050399999,2263975.51811000,19107,353917.4,1008110.54599000,0
1710050400000,2.8583000,2.8838000,2.8294000,2.8398000,602768.5,1710071999999,1720944.00112000,19170,306764.9,876040.24935000,0
1710072000000,2.8397000,2.8515000,2.7656000,2.8307000,1216545.0,1710093599999,3420547.07168000,33547,602344.6,1694842.75844000,0
1710093600000,2.8304000,2.8411000,2.7660000,2.8216000,972560.4,1710115199999,2734522.79061000,24229,486156.9,1367956.21202000,0
