open_time,open,high,low,close,volume,close_time,quote_volume,count,taker_buy_volume,taker_buy_quote_volume,ignore
1710806400000,3.8232000,3.9858000,3.5500000,3.7847000,6191858.8,1710827999999,23206098.99315000,172575,3035866.7,11390980.34346000,0
1710828000000,3.7850000,3.8377000,3.5767000,3.7696000,6184375.1,1710849599999,23019175.44791000,173251,2976438.1,11082923.22636000,0
1710849600000,3.7705000,4.0261000,3.7257000,3.9046000,8140682.8,1710871199999,31693360.87798000,197095,3953278.9,15397730.81453000,0
1710871200000,3.9048000,4.0000000,3.7081000,3.7893000,2937117.7,1710892799999,11344173.43391000,104034,1318385.5,5094984.31378000,0
