open_time,open,high,low,close,volume,close_time,quote_volume,count,taker_buy_volume,taker_buy_quote_volume,ignore
1711670400000,4.9035000,4.9620000,4.8518000,4.8768000,1656958.3,1711691999999,8116215.89585000,50419,787869.2,3859762.95379000,0
1711692000000,4.8773000,4.9846000,4.7690000,4.9271000,3308938.0,1711713599999,16146279.35090000,75230,1453752.5,7107179.95363000,0
1711713600000,4.9267000,5.1724000,4.8900000,5.0652000,4776675.6,1711735199999,24140587.27625000,132103,2267183.5,11460717.82453000,0
1711735200000,5.0660000,5.1663000,5.0130000,5.0262000,2403259.3,1711756799999,12261585.43822000,62703,1206495.2,6157750.34437000,0
