open_time,open,high,low,close,volume,close_time,quote_volume,count,taker_buy_volume,taker_buy_quote_volume,ignore
1710720000000,3.8655000,4.0619000,3.7330000,4.0078000,3607719.1,1710741599999,14137118.83435000,101367,1771484.3,6955895.64281000,0
1710741600000,4.0075000,4.0579000,3.8417000,3.8718000,4236004.3,1710763199999,16657865.38241000,102031,1947317.1,7663316.52426000,0
1710763200000,3.8717000,3.9099000,3.6300000,3.7973000,5342372.6,1710784799999,20068955.84829000,119732,2534876.0,9529976.89133000,0
1710784800000,3.7978000,3.9875000,3.7426000,3.8261000,4170958.8,1710806399999,16110308.74577000,105339,1947132.6,7526956.73838000,0
