open_time,open,high,low,close,volume,close_time,quote_volume,count,taker_buy_volume,taker_buy_quote_volume,ignore
1711065600000,4.0640000,4.4011000,4.0379000,4.2704000,3223041.9,1711087199999,13672148.92913000,110133,1626840.4,6896689.25601000,0
1711087200000,4.2711000,4.4959000,4.2574000,4.2958000,5866389.7,1711108799999,25782690.26579000,175845,2720726.1,11966678.24292000,0
1711108800000,4.2953000,4.3558000,4.1510000,4.3145000,4898106.6,1711130399999,20883599.90983000,163776,2327029.1,9929204.57115000,0
1711130400000,4.3177000,4.4874000,4.2857000,4.4494000,5942739.2,1711151999999,26119979.87407000,179288,2995898.4,13175475.29389000,0
