open_time,open,high,low,close,volume,close_time,quote_volume,count,taker_buy_volume,taker_buy_quote_volume,ignore
1709294400000,2.9950000,2.9950000,2.6650000,2.7210000,6724233.9,1709315999999,18391597.61240000,73109,3188338.0,8726541.78372000,0
1709316000000,2.7210000,2.7846000,2.7009000,2.7120000,2174909.3,1709337599999,5958631.53370000,35673,983249.7,2695204.78030000,0
