open_time,open,high,low,close,volume,close_time,quote_volume,count,taker_buy_volume,taker_buy_quote_volume,ignore
1711152000000,4.4498000,4.7289000,4.3859000,4.7275000,12321509.6,1711173599999,56414064.61064000,278603,6048861.9,27709007.15635000,0
1711173600000,4.7273000,5.1839000,4.7116000,4.7642000,26366560.9,1711195199999,130171446.98474000,509573,12916151.5,63774522.60091000,0
1711195200000,4.7644000,5.3000000,4.7381000,5.2470000,14838866.1,1711216799999,74379267.52966000,351211,7485653.1,37557984.22584000,0
1711216800000,5.2471000,5.2793000,4.8126000,4.8234000,7148290.9,1711238399999,35852358.21043000,211355,3238248.1,16250321.12449000,0
