open_time,open,high,low,close,volume,close_time,quote_volume,count,taker_buy_volume,taker_buy_quote_volume,ignore
1709683200000,2.5952000,2.6630000,2.5589000,2.6578000,1288701.5,1709704799999,3354993.23488000,26505,581478.1,1514703.08405000,0
1709704800000,2.6584000,2.7143000,2.6418000,2.7018000,1186480.8,1709726399999,3179383.11909000,29520,550781.4,1476162.32533000,0
1709726400000,2.7008000,2.8303000,2.6190000,2.7054000,5175709.6,1709747999999,14063304.64824000,75422,2465446.0,6708767.87669000,0
1709748000000,2.7054000,2.7180000,2.6754000,2.6841000,889094.9,1709769599999,2397899.95421000,24237,473123.1,1276399.69066000,0
