open_time,open,high,low,close,volume,close_time,quote_volume,count,taker_buy_volume,taker_buy_quote_volume,ignore
1709596800000,2.7333000,2.7629000,2.6538000,2.7269000,1647363.0,1709618399999,4472968.24575000,39404,756743.7,2055412.50120000,0
1709618400000,2.7273000,2.7597000,2.6794000,2.7041000,1332604.6,1709639999999,3626544.07347000,32353,667638.4,1817706.98696000,0
1709640000000,2.7041000,2.7358000,2.5841000,2.6533000,2718141.6,1709661599999,7250096.64482000,57822,1282935.3,3422975.23719000,0
1709661600000,2.6538000,2.6581000,2.1612000,2.5951000,3844211.0,1709683199999,9612053.76698000,63752,1732733.1,4350594.57359000,0
