open_time,open,high,low,close,volume,close_time,quote_volume,count,taker_buy_volume,taker_buy_quote_volume,ignore
1710547200000,3.8898000,3.9232000,3.6930000,3.7402000,2162737.8,1710568799999,8221497.62998000,65143,953824.4,3629303.95759000,0
1710568800000,3.7402000,3.8510000,3.7069000,3.7468000,2020502.7,1710590399999,7671037.31414000,61041,914040.7,3470327.06866000,0
1710590400000,3.7470000,3.7505000,3.5790000,3.5989000,2692576.4,1710611999999,9846571.73002000,70070,1193767.9,4369906.18802000,0
1710612000000,3.6000000,3.6482000,3.4696000,3.5279000,2696387.9,1710633599999,9592465.37064000,74115,1362399.0,4851511.13324000,0
