open_time,open,high,low,close,volume,close_time,quote_volume,count,taker_buy_volume,taker_buy_quote_volume,ignore
1711324800000,4.9841000,5.5675000,4.9307000,5.4220000,9793185.3,1711346399999,52203781.26015000,232710,4793844.9,25533944.40450000,0
1711346400000,5.4223000,5.4573000,5.2221000,5.4175000,7072366.1,1711367999999,37801053.09243000,175278,3449579.4,18435146.99549000,0
1711368000000,5.4180000,5.6938000,5.3249000,5.5456000,10841712.9,1711389599999,60193368.65784000,260156,5171591.7,28711906.72723000,0
1711389600000,5.5480000,5.5678000,5.3466000,5.3535000,3506559.0,1711411199999,19043534.12093000,104558,1644161.7,8929738.51449000,0
