open_time,open,high,low,close,volume,close_time,quote_volume,count,taker_buy_volume,taker_buy_quote_volume,ignore
1711238400000,4.8234000,5.1581000,4.8044000,4.9540000,7277603.4,1711259999999,36292454.71098000,235154,3634251.0,18123938.59053000,0
1711260000000,4.9522000,5.0293000,4.8277000,4.8950000,4787179.0,1711281599999,23631706.79732000,163892,2233862.0,11027388.98272000,0
1711281600000,4.8950000,5.0089000,4.8546000,4.9007000,5042958.9,1711303199999,24901874.46425000,150662,2370082.8,11708546.03355000,0
1711303200000,4.9006000,5.0293000,4.8720000,4.9841000,2505632.7,1711324799999,12425637.65674000,83348,1197136.6,5938321.79903000,0
