open_time,open,high,low,close,volume,close_time,quote_volume,count,taker_buy_volume,taker_buy_quote_volume,ignore
1709769600000,2.6846000,2.7454000,2.6758000,2.6847000,1191305.7,1709791199999,3239504.23178000,31299,603150.0,1640311.60267000,0
1709791200000,2.6847000,2.7173000,2.6586000,2.7020000,1423559.0,1709812799999,3830440.31769000,27228,744975.6,2003863.89314000,0
1709812800000,2.7017000,2.7373000,2.6783000,2.7224000,1274712.2,1709834399999,3455529.54859000,28715,588327.3,1595444.53989000,0
1709834400000,2.7232000,2.7687000,2.7154000,2.7557000,629811.6,1709855999999,1729819.37301000,18206,322942.0,887434.14359000,0
