open_time,open,high,low,close,volume,close_time,quote_volume,count,taker_buy_volume,taker_buy_quote_volume,ignore
1711411200000,5.3532000,5.4364000,5.3122000,5.3123000,2914481.3,1711432799999,15651885.78191000,87583,1336332.9,7180532.66666000,0
1711432800000,5.3130000,5.4104000,5.1978000,5.2263000,4981838.5,1711454399999,26400523.92506000,137894,2227797.7,11813260.90207000,0
1711454400000,5.2274000,5.2500000,5.0067000,5.0844000,7551820.4,1711475999999,38621416.09417000,179422,3573127.1,18279043.59774000,0
1711476000000,5.0847000,5.1356000,4.9949000,5.0601000,2486370.6,1711497599999,12564462.60967000,74299,1243698.4,6289066.30036000,0
