open_time,open,high,low,close,volume,close_time,quote_volume,count,taker_buy_volume,taker_buy_quote_volume,ignore
1709856000000,2.7556000,2.7635000,2.7162000,2.7430000,523187.9,1709877599999,1431829.49500000,16160,194371.4,532133.18608000,0
1709877600000,2.7447000,2.8120000,2.7407000,2.7456000,1781003.2,1709899199999,4939501.87221000,35017,788139.8,2187304.57638000,0
1709899200000,2.7473000,2.8100000,2.6806000,2.7881000,1923278.3,1709920799999,5287928.70829000,39092,840291.8,2311278.43165000,0
1709920800000,2.7883000,2.8499000,2.7622000,2.8370000,906452.1,1709942399999,2545065.84419000,32235,468185.9,1315915.28127000,0
