open_time,open,high,low,close,volume,close_time,quote_volume,count,taker_buy_volume,taker_buy_quote_volume,ignore
1709942400000,2.8358000,2.8863000,2.7765000,2.8332000,1398424.5,1709963999999,3953501.58614000,33693,663062.7,1878548.24513000,0
1709964000000,2.8336000,2.9125000,2.8191000,2.8793000,1242874.0,1709985599999,3566024.53014000,35101,588796.5,1691984.68208000,0
1709985600000,2.8799000,2.9200000,2.8256000,2.8347000,1478527.6,1710007199999,4245456.83729000,43074,563349.4,1620138.29823000,0
1710007200000,2.8339000,2.8813000,2.8284000,2.8813000,458363.3,1710028799999,1309586.72781000,15077,293093.4,837636.88366000,0
