open_time,open,high,low,close,volume,close_time,quote_volume,count,taker_buy_volume,taker_buy_quote_volume,ignore
1710374400000,4.3177000,4.3625000,4.0412000,4.0819000,5506802.1,1710395999999,22935691.93522000,122587,2465221.8,10262298.83720000,0
1710396000000,4.0807000,4.3194000,4.0348000,4.2487000,4569997.2,1710417599999,19216961.31700000,136398,2333276.8,9810495.71540000,0
1710417600000,4.2489000,4.3470000,4.0209000,4.0796000,6508061.7,1710439199999,27097514.42731000,165294,3057307.4,12741456.96878000,0
1710439200000,4.0801000,4.0826000,3.7697000,4.0403000,5325165.2,1710460799999,21035958.04585000,122505,2522970.3,9976164.15659000,0
