open_time,open,high,low,close,volume,close_time,quote_volume,count,taker_buy_volume,taker_buy_quote_volume,ignore
1709510400000,2.6767000,2.7125000,2.6443000,2.6755000,1080978.0,1709531999999,2891837.99447000,31777,463834.8,1241450.73509000,0
1709532000000,2.6749000,2.7500000,2.6662000,2.7234000,1759410.4,1709553599999,4763605.17246000,43435,795451.7,2155345.79862000,0
1709553600000,2.7235000,2.7876000,2.6646000,2.6755000,2548155.6,1709575199999,6954222.70404000,46567,1112188.7,3037961.36091000,0
1709575200000,2.6733000,2.7617000,2.6713000,2.7328000,1364799.3,1709596799999,3719461.82623000,33219,663943.2,1808810.59051000,0
