open_time,open,high,low,close,volume,close_time,quote_volume,count,taker_buy_volume,taker_buy_quote_volume,ignore
1710460800000,4.0408000,4.0968000,3.6342000,3.7904000,5020913.6,1710482399999,19340135.28514000,118210,2330479.4,8975348.56298000,0
1710482400000,3.7896000,3.9369000,3.5182000,3.7509000,5630958.5,1710503999999,20846724.94708000,123701,2586771.0,9588133.10392000,0
1710504000000,3.7504000,3.9441000,3.7291000,3.8707000,3344320.8,1710525599999,12839601.33134000,105209,1650558.2,6338259.62096000,0
1710525600000,3.8706000,4.1670000,3.8366000,3.8902000,4989678.1,1710547199999,19793488.52832000,127593,2318954.7,9199751.85613000,0
