open_time,open,high,low,close,volume,close_time,quote_volume,count,taker_buy_volume,taker_buy_quote_volume,ignore
1709424000000,2.7188000,2.7454000,2.6824000,2.7191000,1091824.8,1709445599999,2957690.62718000,21891,531242.9,1439861.85410000,0
1709445600000,2.7192000,2.7276000,2.5000000,2.6499000,3139798.6,1709467199999,8245532.86100000,55350,1346147.9,3538122.65764000,0
1709467200000,2.6497000,2.6763000,2.6122000,2.6546000,1468932.0,1709488799999,3894274.43353000,38231,783900.8,2078878.30859000,0
1709488800000,2.6562000,2.6932000,2.6452000,2.6767000,843484.1,1709510399999,2254187.81210000,23897,410996.9,1098812.60749000,0
