open_time,open,high,low,close,volume,close_time,quote_volume,count,taker_buy_volume,taker_buy_quote_volume,ignore
1710115200000,2.8214000,2.8275000,2.7227000,2.7985000,1084863.0,1710136799999,3000209.04563000,26447,415985.0,1149270.36953000,0
1710136800000,2.7985000,2.9072000,2.7797000,2.8729000,1341448.2,1710158399999,3827847.77986000,35720,601527.3,1717926.81918000,0
1710158400000,2.8726000,3.2572000,2.8695000,3.1405000,18696479.1,1710179999999,57917134.80301000,252921,9299532.0,28802015.31899000,0
1710180000000,3.1395000,3.3582000,3.1347000,3.2925000,8271034.0,1710201599999,27074858.51102000,174243,3841991.4,12576409.96545000,0
