open_time,open,high,low,close,volume,close_time,quote_volume,count,taker_buy_volume,taker_buy_quote_volume,ignore
1711843200000,5.2692000,5.2782000,5.0906000,5.1690000,2326192.8,1711864799999,12043082.92146000,68199,1007885.1,5218793.42241000,0
1711864800000,5.1690000,5.2327000,5.1449000,5.1730000,1820806.3,1711886399999,9428592.20377000,52221,829137.9,4293729.19977000,0
1711886400000,5.1723000,5.2588000,5.1609000,5.2331000,1346856.8,1711907999999,7010356.61117000,51518,658446.2,3428610.99829000,0
1711908000000,5.2314000,5.4511000,5.2232000,5.4280000,3092433.6,1711929599999,16600028.40922000,116673,1515230.7,8136321.43892000,0
