open_time,open,high,low,close,volume,close_time,quote_volume,count,taker_buy_volume,taker_buy_quote_volume,ignore
1710892800000,3.7894000,3.9326000,3.7003000,3.7801000,3674748.8,1710914399999,13996403.52149000,129540,1694901.0,6454914.15167000,0
1710914400000,3.7802000,4.2219000,3.7689000,4.1678000,6621182.8,1710935999999,26521826.14025000,208738,3332595.3,13368470.54255000,0
1710936000000,4.1674000,4.4220000,4.0333000,4.1397000,17554205.0,1710957599999,74008305.93507000,392386,8780306.4,37059670.66139000,0
1710957600000,4.1395000,4.2855000,4.1370000,4.2337000,3976448.9,1710979199999,16815530.73762000,139807,1860344.2,7869305.89404000,0
