open_time,open,high,low,close,volume,close_time,quote_volume,count,taker_buy_volume,taker_buy_quote_volume,ignore
1710979200000,4.2337000,4.3682000,4.1251000,4.1957000,3962475.7,1711000799999,16806098.76715000,157266,2003208.1,8501468.57061000,0
1711000800000,4.1949000,4.2528000,4.0815000,4.1321000,2635301.4,1711022399999,10960238.72772000,99867,1325342.5,5514706.21359000,0
1711022400000,4.1325000,4.2210000,4.0645000,4.0863000,2788110.8,1711043999999,11552125.72455000,105480,1348835.1,5593974.28139000,0
1711044000000,4.0875000,4.1238000,4.0398000,4.0655000,1709645.5,1711065599999,6969150.47333000,68655,830695.4,3388481.89373000,0
