open_time,open,high,low,close,volume,close_time,quote_volume,count,taker_buy_volume,taker_buy_quote_volume,ignore
1710201600000,3.2926000,3.7997000,3.2634000,3.7851000,17357072.0,1710223199999,61788107.19827000,344731,8676030.0,30902712.63136000,0
1710223200000,3.7851000,3.9493000,3.5030000,3.5871000,20727028.4,1710244799999,76316024.18126000,346853,10355480.0,38168510.87064000,0
1710244800000,3.5872000,3.7991000,3.4620000,3.6778000,13010893.4,1710266399999,47421791.37878000,253523,6295984.1,22962230.81893000,0
1710266400000,3.6776000,4.2457000,3.6443000,4.0718000,9459458.1,1710287999999,37042237.06561000,228693,4740907.7,18567782.43068000,0
