open_time,open,high,low,close,volume,close_time,quote_volume,count,taker_buy_volume,taker_buy_quote_volume,ignore
1711497600000,5.0601000,5.0909000,4.8506000,4.8684000,4173411.7,1711519199999,20663130.27256000,98101,1859332.6,9210203.91514000,0
1711519200000,4.8680000,5.0096000,4.8100000,4.9985000,4991157.6,1711540799999,24553707.87486000,118471,2454645.5,12088253.30074000,0
1711540800000,4.9985000,5.2854000,4.8157000,5.0176000,9339674.7,1711562399999,46856911.72227000,203029,4435233.2,22289872.88263000,0
1711562400000,5.0175000,5.0342000,4.9312000,4.9735000,1778960.8,1711583999999,8864611.69502000,55033,877585.7,4374714.25740000,0
