open_time,open,high,low,close,volume,close_time,quote_volume,count,taker_buy_volume,taker_buy_quote_volume,ignore
1709337600000,2.7134000,2.7610000,2.6267000,2.7217000,2596409.8,1709359199999,7034094.10520000,36101,1131744.5,3069831.43221000,0
1709359200000,2.7217000,2.7585000,2.6705000,2.6730000,1729741.2,1709380799999,4684754.57347000,29467,840498.3,2278390.95800000,0
1709380800000,2.6735000,2.7479000,2.6728000,2.7208000,1625249.5,1709402399999,4406309.17332000,35951,782750.2,2122219.58468000,0
1709402400000,2.7193000,2.7352000,2.6804000,2.7198000,1122230.5,1709423999999,3037172.36602000,22729,589811.7,1596369.61821000,0
