open_time,open,high,low,close,volume,close_time,quote_volume,count,taker_buy_volume,taker_buy_quote_volume,ignore
1714780800000,62853.70,63555.50,62520.00,63358.80,53490.722,1714802399999,3368293158.15010,779995,27335.048,1721891604.51220,0
1714802400000,63358.90,64547.90,62846.70,63850.00,74180.497,1714823999999,4725864064.50990,990653,38903.063,2479056420.01800,0
1714824000000,63850.00,64137.80,63278.10,63438.30,48619.981,1714845599999,3096103592.64480,744997,24019.997,1529876934.83810,0
1714845600000,63438.40,64198.90,63380.80,63864.20,28913.999,1714867199999,1844441136.57670,498897,14469.131,923030361.46170,0
