open_time,open,high,low,close,volume,close_time,quote_volume,count,taker_buy_volume,taker_buy_quote_volume,ignore
1714953600000,63987.90,64443.30,63666.00,64146.00,35102.600,1714975199999,2249279332.04020,586194,17603.740,1128103900.67480,0
1714975200000,64146.00,65500.00,63779.10,64178.10,107241.521,1714996799999,6932042171.95740,1431968,55098.750,3562593405.43030,0
1714996800000,64178.10,64295.10,62900.00,63151.70,117508.602,1715018399999,7465237401.36080,1555270,57055.785,3625064323.46260,0
1715018400000,63151.80,63598.70,62655.30,63142.80,45257.344,1715039999999,2859301399.74200,690523,21682.690,1370101623.23340,0
