open_time,open,high,low,close,volume,close_time,quote_volume,count,taker_buy_volume,taker_buy_quote_volume,ignore
1715040000000,63142.70,63950.00,62805.60,63530.00,50702.432,1715061599999,3214343569.37060,829085,25141.837,1594123020.85540,0
1715061600000,63530.00,64392.20,63313.20,63472.40,59241.973,1715083199999,3785196315.49890,887857,28976.210,1851646268.49230,0
1715083200000,63472.40,64320.00,63001.00,63362.10,70510.755,1715104799999,4484005875.12370,988986,35440.371,2254110491.60230,0
1715104800000,63362.00,63377.40,62203.60,62296.00,58519.486,1715126399999,3675489116.28410,885498,27071.210,1700667404.97140,0
