open_time,open,high,low,close,volume,close_time,quote_volume,count,taker_buy_volume,taker_buy_quote_volume,ignore
1714867200000,63864.30,64170.60,62833.00,63184.80,47770.308,1714888799999,3026467986.79960,735070,22853.816,1448206202.44930,0
1714888800000,63184.80,63932.40,63128.00,63838.00,35337.862,1714910399999,2249707210.18200,604432,18942.793,1205984611.36250,0
1714910400000,63838.10,64644.30,63588.70,64190.00,68040.515,1714931999999,4364413772.33870,988714,35164.543,2255999957.42600,0
1714932000000,64189.90,64222.50,63520.30,63988.00,34346.968,1714953599999,2193896784.18050,511460,17427.284,1113103184.59780,0
