open_time,open,high,low,close,volume,close_time,quote_volume,count,taker_buy_volume,taker_buy_quote_volume,ignore
1714521600000,60651.20,60816.70,59555.00,60030.10,53954.272,1714543199999,3242096487.28260,854811,26223.107,1575752267.83130,0
1714543200000,60030.10,60093.80,56537.70,57862.10,204790.722,1714564799999,11818918502.83243,2596184,95505.444,5509128901.94229,0
1714564800000,57862.20,58257.80,56600.00,57398.60,124160.360,1714586399999,7121692544.50403,1630763,61800.598,3545086321.90638,0
1714586400000,57398.50,59438.20,56729.00,58307.60,181203.046,1714607999999,10511217116.00778,2196859,90867.441,5271933324.49906,0
