open_time,open,high,low,close,volume,close_time,quote_volume,count,taker_buy_volume,taker_buy_quote_volume,ignore
1715212800000,61157.90,61779.00,61113.00,61547.20,30364.298,1715234399999,1867334157.24160,504676,15085.910,927792894.38960,0
1715234400000,61547.20,61753.20,60550.00,61033.00,55690.240,1715255999999,3404094956.32800,809565,26937.309,1646972820.66590,0
1715256000000,61033.00,62637.30,60846.70,61916.00,101785.749,1715277599999,6286584427.46460,1330382,52224.317,3225477702.31180,0
1715277600000,61916.00,63447.20,61855.00,63050.10,54611.015,1715299199999,3423772776.69500,777195,28761.601,1803255285.53750,0
