open_time,open,high,low,close,volume,close_time,quote_volume,count,taker_buy_volume,taker_buy_quote_volume,ignore
1714608000000,58307.70,58571.10,56951.60,57463.20,59501.887,1714629599999,3423829251.25331,837771,28657.178,1648958644.92988,0
1714629600000,57463.10,58696.60,57379.60,58538.40,68119.137,1714651199999,3950729337.32840,884814,35929.128,2084237050.67990,0
1714651200000,58538.50,59441.60,58186.70,59170.00,114679.647,1714672799999,6746079133.04310,1503777,56634.021,3332062817.24400,0
1714672800000,59169.90,59637.30,58594.40,59036.70,56928.631,1714694399999,3367331397.43570,851829,28529.922,1687934714.56130,0
