open_time,open,high,low,close,volume,close_time,quote_volume,count,taker_buy_volume,taker_buy_quote_volume,ignore
1714694400000,59036.70,59976.90,58781.30,59495.00,45815.666,1714715999999,2725991934.15320,728855,22898.259,1362591432.85570,0
1714716000000,59495.00,59562.90,58818.20,59269.30,46257.635,1714737599999,2738339335.39760,691280,22697.022,1343711899.17050,0
1714737600000,59269.40,62239.60,58970.50,61770.80,183137.916,1714759199999,11194774999.54590,2292333,94464.947,5773769276.39280,0
1714759200000,61770.80,63333.00,61556.70,62853.70,78395.242,1714780799999,4905146840.41700,1131019,41611.573,2603844159.46280,0
