open_time,open,high,low,close,volume,close_time,quote_volume,count,taker_buy_volume,taker_buy_quote_volume,ignore
1715126400000,62296.00,62994.90,62055.00,62590.00,42158.239,1715147999999,2638191163.73500,695858,20904.392,1308318086.76170,0
1715148000000,62589.90,62691.80,62005.80,62224.90,46922.213,1715169599999,2922089492.27850,757133,23631.917,1471765516.04590,0
1715169600000,62224.90,62800.00,61736.70,62574.70,82752.629,1715191199999,5150113028.33560,1098557,40992.431,2551721765.38750,0
1715191200000,62574.60,62743.90,60843.60,61157.90,69818.498,1715212799999,4299059079.60730,943298,33136.309,2040694235.97820,0
