open_time,open,high,low,close,volume,close_time,quote_volume,count,taker_buy_volume,taker_buy_quote_volume,ignore
1711584000000,4.9721000,5.1405000,4.8001000,4.9022000,12184168.6,1711670399999,60442799.38501000,307116,5731123.3,28441718.69001000,0
