open_time,open,high,low,close,volume,close_time,quote_volume,count,taker_buy_volume,taker_buy_quote_volume,ignore
1710633600000,3.5280000,4.0759000,3.3213000,3.8647000,13810978.1,1710719999999,51867305.29199000,325291,6791075.4,25531552.88361000,0
