open_time,open,high,low,close,volume,close_time,quote_volume,count,taker_buy_volume,taker_buy_quote_volume,ignore
1710547200000,3.8898000,3.9232000,3.4696000,3.5279000,9572204.8,1710633599999,35331572.04478000,270369,4424032.0,16321048.34751000,0
