open_time,open,high,low,close,volume,close_time,quote_volume,count,taker_buy_volume,taker_buy_quote_volume,ignore
1710720000000,3.8655000,4.0619000,3.6300000,3.8261000,17357054.8,1710806399999,66974248.81082000,428469,8200810.0,31676145.79678000,0
