open_time,open,high,low,close,volume,close_time,quote_volume,count,taker_buy_volume,taker_buy_quote_volume,ignore
1710201600000,3.2926000,4.2457000,3.2634000,4.0718000,60554451.9,1710287999999,222568159.82392000,1173800,30068401.8,110601236.75161000,0
