open_time,open,high,low,close,volume,close_time,quote_volume,count,taker_buy_volume,taker_buy_quote_volume,ignore
1710288000000,4.0697000,4.6265000,4.0141000,4.3177000,46055048.3,1710374399999,200923243.12694000,1061774,22893299.2,99907297.90709000,0
