open_time,open,high,low,close,volume,close_time,quote_volume,count,taker_buy_volume,taker_buy_quote_volume,ignore
1709424000000,2.7188000,2.7454000,2.5000000,2.6767000,6544039.5,1709510399999,17351685.73381000,139369,3072288.5,8155675.42782000,0
