open_time,open,high,low,close,volume,close_time,quote_volume,count,taker_buy_volume,taker_buy_quote_volume,ignore
1710115200000,2.8214000,3.3582000,2.7227000,3.2925000,29393824.3,1710201599999,91820050.13952000,489331,14159035.7,44245622.47315000,0
