open_time,open,high,low,close,volume,close_time,quote_volume,count,taker_buy_volume,taker_buy_quote_volume,ignore
1709596800000,2.7333000,2.7629000,2.1612000,2.5951000,9542320.2,1709683199999,24961662.73102000,193331,4440050.5,11646689.29894000,0
