open_time,open,high,low,close,volume,close_time,quote_volume,count,taker_buy_volume,taker_buy_quote_volume,ignore
1710374400000,4.3177000,4.3625000,3.7697000,4.0403000,21910026.2,1710460799999,90286125.72538000,546784,10378776.3,42790415.67797000,0
