open_time,open,high,low,close,volume,close_time,quote_volume,count,taker_buy_volume,taker_buy_quote_volume,ignore
1710028800000,2.8809000,2.8876000,2.7656000,2.8216000,3586554.5,1710115199999,10139989.38152000,96053,1749183.8,4946949.76580000,0
