open_time,open,high,low,close,volume,close_time,quote_volume,count,taker_buy_volume,taker_buy_quote_volume,ignore
1709683200000,2.5952000,2.8303000,2.5589000,2.6841000,8539986.8,1709769599999,22995580.95642000,155684,4070828.6,10976032.97673000,0
