open_time,open,high,low,close,volume,close_time,quote_volume,count,taker_buy_volume,taker_buy_quote_volume,ignore
1709337600000,2.7134000,2.7610000,2.6267000,2.7198000,7073631.0,1709423999999,19162330.21801000,124248,3344804.7,9066811.59310000,0
