open_time,open,high,low,close,volume,close_time,quote_volume,count,taker_buy_volume,taker_buy_quote_volume,ignore
1710892800000,3.7894000,4.4220000,3.7003000,4.2337000,31826585.5,1710979199999,131342066.33443000,870471,15668146.9,64752361.24965000,0
