open_time,open,high,low,close,volume,close_time,quote_volume,count,taker_buy_volume,taker_buy_quote_volume,ignore
1709510400000,2.6767000,2.7876000,2.6443000,2.7328000,6753343.3,1709596799999,18329127.69720000,154998,3035418.4,8243568.48513000,0
