open_time,open,high,low,close,volume,close_time,quote_volume,count,taker_buy_volume,taker_buy_quote_volume,ignore
1709856000000,2.7556000,2.8499000,2.6806000,2.8370000,5133921.5,1709942399999,14204325.91969000,122504,2290988.9,6346631.47538000,0
