open_time,open,high,low,close,volume,close_time,quote_volume,count,taker_buy_volume,taker_buy_quote_volume,ignore
1711756800000,5.0259000,5.3741000,4.9769000,5.2687000,14509932.1,1711843199999,75853581.88996000,378042,6972872.3,36476967.61448000,0
