open_time,open,high,low,close,volume,close_time,quote_volume,count,taker_buy_volume,taker_buy_quote_volume,ignore
1709769600000,2.6846000,2.7687000,2.6586000,2.7557000,4519388.5,1709855999999,12255293.47107000,105448,2259394.9,6127054.17929000,0
