open_time,open,high,low,close,volume,close_time,quote_volume,count,taker_buy_volume,taker_buy_quote_volume,ignore
1710979200000,4.2337000,4.3682000,4.0398000,4.0655000,11095533.4,1711065599999,46287613.69275000,431268,5508081.1,22998630.95932000,0
