open_time,open,high,low,close,volume,close_time,quote_volume,count,taker_buy_volume,taker_buy_quote_volume,ignore
1711843200000,5.2692000,5.4511000,5.0906000,5.4280000,8586289.5,1711929599999,45082060.14562000,288611,4010699.9,21077455.05939000,0
