open_time,open,high,low,close,volume,close_time,quote_volume,count,taker_buy_volume,taker_buy_quote_volume,ignore
1711670400000,4.9035000,5.1724000,4.7690000,5.0262000,12145831.2,1711756799999,60664667.96122000,320455,5715300.4,28585411.07632000,0
