open_time,open,high,low,close,volume,close_time,quote_volume,count,taker_buy_volume,taker_buy_quote_volume,ignore
1709251200000,2.9950000,2.9950000,2.6650000,2.7120000,8899143.2,1709337599999,24350229.14610000,108782,4171587.7,11421746.56402000,0
