open_time,open,high,low,close,volume,close_time,quote_volume,count,taker_buy_volume,taker_buy_quote_volume,ignore
1711497600000,5.0601000,5.2854000,4.8100000,4.9735000,20283204.8,1711583999999,100938361.56471000,474634,9626797.0,47963044.35591000,0
