open_time,open,high,low,close,volume,close_time,quote_volume,count,taker_buy_volume,taker_buy_quote_volume,ignore
1711238400000,4.8234000,5.1581000,4.8044000,4.9841000,19613374.0,1711324799999,97251673.62929000,633056,9435332.4,46798195.40583000,0
