open_time,open,high,low,close,volume,close_time,quote_volume,count,taker_buy_volume,taker_buy_quote_volume,ignore
1711324800000,4.9841000,5.6938000,4.9307000,5.3535000,31213823.3,1711411199999,169241737.13135000,772702,15059177.7,81610736.64171000,0
