open_time,open,high,low,close,volume,close_time,quote_volume,count,taker_buy_volume,taker_buy_quote_volume,ignore
1711411200000,5.3532000,5.4364000,4.9949000,5.0601000,17934510.8,1711497599999,93238288.41081000,479198,8380956.1,43561903.46683000,0
