open_time,open,high,low,close,volume,close_time,quote_volume,count,taker_buy_volume,taker_buy_quote_volume,ignore
1709942400000,2.8358000,2.9200000,2.7765000,2.8813000,4578189.4,1710028799999,13074569.68138000,126945,2108302.0,6028308.10910000,0
