open_time,open,high,low,close,volume,close_time,quote_volume,count,taker_buy_volume,taker_buy_quote_volume,ignore
1711065600000,4.0640000,4.4959000,4.0379000,4.4494000,19930277.4,1711151999999,86458418.97882000,629042,9670494.0,41968047.36397000,0
