open_time,open,high,low,close,volume,close_time,quote_volume,count,taker_buy_volume,taker_buy_quote_volume,ignore
1710806400000,3.8232000,4.0261000,3.5500000,3.7893000,23454034.4,1710892799999,89262808.75295000,646955,11283969.2,42966618.69813000,0
