open_time,open,high,low,close,volume,close_time,quote_volume,count,taker_buy_volume,taker_buy_quote_volume,ignore
1710028800000,0.6206,0.6258,0.6200,0.6229,179514100.6,1710050399999,111853259.53567,144855,88402426.8,55083492.60696,0
1710050400000,0.6230,0.6288,0.6171,0.6195,279552987.7,1710071999999,174181114.31758,209720,132841412.8,82775134.18698,0
1710072000000,0.6196,0.6214,0.6017,0.6137,401248764.7,1710093599999,245570631.86770,308910,184546350.3,112960858.86715,0
1710093600000,0.6138,0.6153,0.5966,0.6086,248583666.1,1710115199999,150849764.16841,213369,114187813.1,69304777.09611,0
