open_time,open,high,low,close,volume,close_time,quote_volume,count,taker_buy_volume,taker_buy_quote_volume,ignore
1710720000000,0.6198,0.6286,0.6026,0.6281,369722644.6,1710741599999,228004420.81507,340604,180985169.3,111627576.15525,0
1710741600000,0.6280,0.6282,0.6082,0.6123,394097684.0,1710763199999,242459261.23124,320104,189863206.1,116772613.50675,0
1710763200000,0.6122,0.6141,0.5946,0.6027,546873762.7,1710784799999,330345236.08063,531962,264676154.6,159909327.26766,0
1710784800000,0.6026,0.6691,0.6010,0.6457,987696217.1,1710806399999,628291498.56648,796537,485262441.8,308454915.82346,0
