open_time,open,high,low,close,volume,close_time,quote_volume,count,taker_buy_volume,taker_buy_quote_volume,ignore
1711411200000,0.6408,0.6482,0.6397,0.6445,191258389.9,1711432799999,123345842.58180,172949,94183198.6,60742214.81936,0
1711432800000,0.6446,0.6534,0.6435,0.6449,273194881.8,1711454399999,176997058.10850,228331,132584719.5,85900837.86753,0
1711454400000,0.6450,0.6458,0.6252,0.6318,502514604.7,1711475999999,319020041.52064,479213,234248692.0,148731010.37981,0
1711476000000,0.6318,0.6361,0.6292,0.6323,174881430.5,1711497599999,110648752.97852,188798,87998185.1,55681282.18265,0
