open_time,open,high,low,close,volume,close_time,quote_volume,count,taker_buy_volume,taker_buy_quote_volume,ignore
1710201600000,0.7242,0.7350,0.6859,0.6983,886374827.1,1710223199999,625868110.26660,729565,437031456.1,308733759.22580,0
1710223200000,0.6984,0.7106,0.6770,0.7018,1034970027.4,1710244799999,720119633.90669,743861,502059805.6,349469538.47021,0
1710244800000,0.7017,0.7145,0.6565,0.6881,1531889843.0,1710266399999,1057887519.41994,1193398,734899364.5,507736400.22541,0
1710266400000,0.6882,0.6933,0.6827,0.6886,380452598.2,1710287999999,261711452.84856,319090,184314924.8,126796776.38840,0
