open_time,open,high,low,close,volume,close_time,quote_volume,count,taker_buy_volume,taker_buy_quote_volume,ignore
1710374400000,0.6898,0.6904,0.6725,0.6795,310027160.4,1710395999999,211730178.41715,275156,147027639.2,100409619.67680,0
1710396000000,0.6794,0.7085,0.6776,0.6863,630679850.2,1710417599999,435444628.57108,508303,306336576.8,211539231.47695,0
1710417600000,0.6864,0.6910,0.6602,0.6775,938281957.7,1710439199999,632137596.73610,821272,450261637.5,303328815.94406,0
1710439200000,0.6775,0.6775,0.6375,0.6698,625558287.3,1710460799999,412006169.96163,555024,289576281.5,190777092.00325,0
