open_time,open,high,low,close,volume,close_time,quote_volume,count,taker_buy_volume,taker_buy_quote_volume,ignore
1711065600000,0.6412,0.6460,0.6234,0.6347,388122540.8,1711087199999,245812066.80641,400361,184133913.4,116659602.51001,0
1711087200000,0.6347,0.6386,0.6144,0.6165,427219516.4,1711108799999,268304075.09928,397903,209611966.8,131654748.23221,0
1711108800000,0.6165,0.6225,0.5990,0.6118,623276062.0,1711130399999,380184780.69150,596536,304429009.5,185709037.32907,0
1711130400000,0.6118,0.6152,0.6042,0.6119,253704911.3,1711151999999,154885279.59908,250831,117407361.2,71665585.43755,0
