open_time,open,high,low,close,volume,close_time,quote_volume,count,taker_buy_volume,taker_buy_quote_volume,ignore
1710288000000,0.6887,0.7033,0.6825,0.7001,375292698.7,1710309599999,260501944.03075,314463,191986226.3,133277218.86859,0
1710309600000,0.7001,0.7024,0.6874,0.6896,359326951.9,1710331199999,249966220.40765,279701,169144431.6,117682622.78008,0
1710331200000,0.6896,0.6916,0.6688,0.6858,619830492.5,1710352799999,421735076.83230,503677,294972934.5,200725822.91185,0
1710352800000,0.6858,0.6926,0.6807,0.6898,242519197.7,1710374399999,166388894.86016,219560,117555269.4,80663567.38244,0
