open_time,open,high,low,close,volume,close_time,quote_volume,count,taker_buy_volume,taker_buy_quote_volume,ignore
1711152000000,0.6119,0.6175,0.6030,0.6133,201396517.6,1711173599999,123248247.05321,219691,98957786.1,60560903.93968,0
1711173600000,0.6134,0.6219,0.6119,0.6196,173967181.0,1711195199999,107430593.52818,190656,81958121.7,50615656.29145,0
1711195200000,0.6197,0.6334,0.6191,0.6287,327871162.5,1711216799999,205703218.63270,326713,162630813.0,102036340.86050,0
1711216800000,0.6288,0.6308,0.6161,0.6172,164123820.8,1711238399999,102439188.45132,204896,79794778.7,49800067.63814,0
