open_time,open,high,low,close,volume,close_time,quote_volume,count,taker_buy_volume,taker_buy_quote_volume,ignore
1711238400000,0.6173,0.6342,0.6136,0.6264,213613256.1,1711259999999,132794199.75233,255285,107380014.6,66767220.16927,0
1711260000000,0.6264,0.6344,0.6224,0.6314,279102588.3,1711281599999,175670849.58791,292920,134631246.1,84760778.72708,0
1711281600000,0.6314,0.6349,0.6239,0.6275,254658026.7,1711303199999,160474807.85495,285967,127169639.6,80139909.47208,0
1711303200000,0.6275,0.6362,0.6273,0.6333,205584057.0,1711324799999,130002562.29660,227390,99876158.4,63154998.95790,0
