open_time,open,high,low,close,volume,close_time,quote_volume,count,taker_buy_volume,taker_buy_quote_volume,ignore
1710892800000,0.5850,0.5954,0.5687,0.5795,669884891.7,1710914399999,390506825.02010,520222,329217380.3,191959551.42797,0
1710914400000,0.5795,0.6000,0.5792,0.5967,470219114.2,1710935999999,278732131.52835,400745,230827191.6,136831713.99196,0
1710936000000,0.5967,0.6009,0.5679,0.5853,762381692.0,1710957599999,446469072.37633,604296,376662318.0,220659182.22989,0
1710957600000,0.5853,0.6191,0.5852,0.6112,580852502.9,1710979199999,352334848.67491,504301,284352034.0,172404980.71844,0
