open_time,open,high,low,close,volume,close_time,quote_volume,count,taker_buy_volume,taker_buy_quote_volume,ignore
1710547200000,0.6347,0.6484,0.6311,0.6366,325708007.6,1710568799999,208227512.59680,290316,155772395.5,99574466.97944,0
1710568800000,0.6366,0.6432,0.6247,0.6311,284488910.6,1710590399999,180974830.93474,260396,139427976.4,88689500.05776,0
1710590400000,0.6310,0.6317,0.6101,0.6138,468777403.8,1710611999999,290951193.32984,442549,229262009.6,142317479.23619,0
1710612000000,0.6138,0.6166,0.5922,0.6036,695220286.0,1710633599999,421112676.92096,641479,335071403.0,202965875.55676,0
