open_time,open,high,low,close,volume,close_time,quote_volume,count,taker_buy_volume,taker_buy_quote_volume,ignore
1710979200000,0.6112,0.6141,0.5976,0.6050,374596441.7,1711000799999,227473173.91009,334698,174267997.4,105825170.03106,0
1711000800000,0.6051,0.6248,0.6031,0.6183,508073109.7,1711022399999,312233680.99936,483744,249819967.8,153524740.15684,0
1711022400000,0.6183,0.6550,0.6137,0.6440,964891513.8,1711043999999,612478716.70017,853445,473070034.0,300271384.94944,0
1711044000000,0.6440,0.6461,0.6283,0.6412,594653806.7,1711065599999,379697342.61004,556683,293888975.1,187650208.87678,0
