open_time,open,high,low,close,volume,close_time,quote_volume,count,taker_buy_volume,taker_buy_quote_volume,ignore
1709596800000,0.6485,0.6699,0.6193,0.6443,1006647621.8,1709618399999,653662831.09329,829396,483946936.3,314363340.90647,0
1709618400000,0.6443,0.6542,0.6320,0.6508,512865911.9,1709639999999,330502044.50838,452860,246181791.5,158667925.26498,0
1709640000000,0.6507,0.6553,0.6076,0.6266,1185606282.6,1709661599999,752285843.17454,1040866,566842508.7,359724418.63453,0
1709661600000,0.6265,0.6266,0.5235,0.5915,1339526147.5,1709683199999,781439193.61123,1148876,594427756.8,347287780.31059,0
