open_time,open,high,low,close,volume,close_time,quote_volume,count,taker_buy_volume,taker_buy_quote_volume,ignore
1709251200000,0.5872,0.5973,0.5866,0.5922,315775196.0,1709272799999,187102962.85033,252890,158940526.9,94190723.47020,0
1709272800000,0.5921,0.5960,0.5834,0.5897,295223433.7,1709294399999,174399451.88781,212101,146065349.3,86298643.54643,0
1709294400000,0.5898,0.5994,0.5857,0.5942,422820719.4,1709315999999,250291211.64737,299262,206090329.4,122009021.15356,0
1709316000000,0.5941,0.6041,0.5896,0.6019,275811502.6,1709337599999,164809651.45755,218126,133062235.4,79513647.00190,0
