open_time,open,high,low,close,volume,close_time,quote_volume,count,taker_buy_volume,taker_buy_quote_volume,ignore
1709769600000,0.6128,0.6311,0.6069,0.6160,670913749.4,1709791199999,415658932.04996,526780,325770413.3,201824947.53110,0
1709791200000,0.6161,0.6290,0.6151,0.6227,450862069.2,1709812799999,280762670.10505,385423,224045395.6,139515349.32300,0
1709812800000,0.6228,0.6295,0.6153,0.6267,485140673.4,1709834399999,302360634.38734,396176,235904608.4,147024692.09330,0
1709834400000,0.6268,0.6399,0.6236,0.6280,368777346.8,1709855999999,233398125.94671,286101,179365260.9,113535787.42138,0
