open_time,open,high,low,close,volume,close_time,quote_volume,count,taker_buy_volume,taker_buy_quote_volume,ignore
1709942400000,0.6204,0.6322,0.6186,0.6301,186564843.5,1709963999999,116785504.06778,167536,97148346.7,60821877.22056,0
1709964000000,0.6301,0.6331,0.6163,0.6236,295681603.1,1709985599999,184739879.60904,208640,153447804.6,95866351.62697,0
1709985600000,0.6237,0.6262,0.6168,0.6201,271384718.3,1710007199999,168749092.19189,195042,124515553.3,77439602.10548,0
1710007200000,0.6200,0.6244,0.6182,0.6206,137637183.1,1710028799999,85623153.30648,127723,67677298.7,42101885.35968,0
