open_time,open,high,low,close,volume,close_time,quote_volume,count,taker_buy_volume,taker_buy_quote_volume,ignore
1711756800000,0.6307,0.6327,0.6243,0.6280,131522686.9,1711778399999,82615266.41076,150423,63644363.5,39983275.65227,0
1711778400000,0.6280,0.6283,0.6212,0.6278,134953224.0,1711799999999,84328486.01776,132031,67696208.3,42304029.74741,0
1711800000000,0.6279,0.6380,0.6259,0.6324,245450370.3,1711821599999,154975193.58472,228808,120541524.5,76114357.21579,0
1711821600000,0.6323,0.6328,0.6180,0.6217,197055123.7,1711843199999,123032898.17292,205576,89553570.7,55927396.10790,0
