open_time,open,high,low,close,volume,close_time,quote_volume,count,taker_buy_volume,taker_buy_quote_volume,ignore
1711324800000,0.6333,0.6377,0.6289,0.6350,159512533.2,1711346399999,100901288.96835,179998,78951413.0,49941777.36216,0
1711346400000,0.6351,0.6353,0.6267,0.6274,243231619.2,1711367999999,153605587.83587,215464,119872640.4,75710302.19437,0
1711368000000,0.6274,0.6543,0.6274,0.6498,463136776.0,1711389599999,297406702.91796,415433,232487179.9,149308623.78420,0
1711389600000,0.6498,0.6636,0.6290,0.6408,651410635.8,1711411199999,422235632.90329,546192,310332295.1,201317921.70058,0
