open_time,open,high,low,close,volume,close_time,quote_volume,count,taker_buy_volume,taker_buy_quote_volume,ignore
1710633600000,0.6036,0.6165,0.6002,0.6105,313740982.9,1710655199999,191572443.06896,314041,153130148.6,93503268.60576,0
1710655200000,0.6105,0.6207,0.5869,0.6151,544304889.6,1710676799999,329289645.81869,455998,268314314.7,162427954.46061,0
1710676800000,0.6152,0.6246,0.6064,0.6242,319579629.1,1710698399999,197286776.51103,304530,156898133.8,96863194.66611,0
1710698400000,0.6241,0.6253,0.6167,0.6198,178002981.9,1710719999999,110543983.78831,193058,88046167.1,54680833.52570,0
