open_time,open,high,low,close,volume,close_time,quote_volume,count,taker_buy_volume,taker_buy_quote_volume,ignore
1709856000000,0.6280,0.6349,0.6206,0.6224,306598863.1,1709877599999,192616723.94093,219485,149693795.6,94069329.60290,0
1709877600000,0.6224,0.6314,0.6185,0.6291,276555020.9,1709899199999,172809001.09607,208036,133610755.5,83489614.93141,0
1709899200000,0.6291,0.6320,0.5920,0.6228,782406742.1,1709920799999,483865271.69545,654317,374628942.5,231809665.02174,0
1709920800000,0.6228,0.6246,0.6167,0.6204,218716363.3,1709942399999,135808631.79256,193581,103658223.9,64365442.28027,0
