open_time,open,high,low,close,volume,close_time,quote_volume,count,taker_buy_volume,taker_buy_quote_volume,ignore
1709510400000,0.6271,0.6400,0.6088,0.6258,525620273.0,1709531999999,330865802.44090,425228,248547362.8,156494434.37469,0
1709532000000,0.6258,0.6670,0.6236,0.6607,912479092.2,1709553599999,589093575.20147,675567,451677830.7,291681471.79884,0
1709553600000,0.6607,0.6658,0.6402,0.6405,792246609.0,1709575199999,518330196.82789,607226,379152081.2,248113249.60443,0
1709575200000,0.6404,0.6578,0.6348,0.6484,459506924.7,1709596799999,297861331.11565,381976,223463099.2,144893331.67563,0
