open_time,open,high,low,close,volume,close_time,quote_volume,count,taker_buy_volume,taker_buy_quote_volume,ignore
1710806400000,0.6457,0.6494,0.5942,0.6016,1122512828.5,1710827999999,694566081.90466,950079,535275636.3,331374586.70117,0
1710828000000,0.6016,0.6048,0.5712,0.5908,1206849889.7,1710849599999,709114437.45707,902976,583158300.4,342694651.36325,0
1710849600000,0.5908,0.6112,0.5890,0.6054,607731702.9,1710871199999,364531920.43621,506298,293532691.4,176086549.55794,0
1710871200000,0.6053,0.6114,0.5757,0.5850,550778140.6,1710892799999,327214723.14983,453713,269659288.3,160317023.70075,0
