open_time,open,high,low,close,volume,close_time,quote_volume,count,taker_buy_volume,taker_buy_quote_volume,ignore
1709424000000,0.6450,0.6455,0.6288,0.6339,310824156.0,1709445599999,197702294.30666,250719,148172146.1,94250453.71119,0
1709445600000,0.6339,0.6345,0.5800,0.6247,805616072.2,1709467199999,495575095.64413,595391,377943298.0,232670566.89940,0
1709467200000,0.6247,0.6308,0.6182,0.6228,335628830.1,1709488799999,209803362.59898,265682,151379517.7,94631830.35479,0
1709488800000,0.6229,0.6337,0.6205,0.6272,230033991.3,1709510399999,144375942.41124,193231,108474094.4,68083317.62785,0
