open_time,open,high,low,close,volume,close_time,quote_volume,count,taker_buy_volume,taker_buy_quote_volume,ignore
1710460800000,0.6698,0.6767,0.6049,0.6285,924687910.2,1710482399999,593422449.92718,834077,437171307.5,280860530.72102,0
1710482400000,0.6286,0.6411,0.5945,0.6227,976057988.0,1710503999999,604436042.67740,819882,473341878.5,293236014.21862,0
1710504000000,0.6226,0.6326,0.6189,0.6304,466985515.2,1710525599999,292254110.14204,436207,234638238.8,146862147.34844,0
1710525600000,0.6304,0.6453,0.6195,0.6348,413928283.3,1710547199999,261588560.49449,387908,201008684.6,127067896.69683,0
