open_time,open,high,low,close,volume,close_time,quote_volume,count,taker_buy_volume,taker_buy_quote_volume,ignore
1711843200000,0.6217,0.6266,0.6210,0.6263,102552483.0,1711864799999,64002011.82248,120005,50294171.0,31389133.03444,0
1711864800000,0.6263,0.6296,0.6253,0.6272,89895221.2,1711886399999,56398835.66220,101681,43593879.7,27348601.89847,0
1711886400000,0.6273,0.6294,0.6260,0.6267,85206665.4,1711907999999,53495068.20282,91823,44340951.8,27840583.74746,0
1711908000000,0.6268,0.6311,0.6256,0.6297,131195922.9,1711929599999,82460610.94323,133968,63748253.2,40067303.73703,0
