open_time,open,high,low,close,volume,close_time,quote_volume,count,taker_buy_volume,taker_buy_quote_volume,ignore
1711584000000,0.6123,0.6170,0.6036,0.6121,210353213.2,1711605599999,128490595.35919,238572,101735359.1,62159776.48730,0
1711605600000,0.6122,0.6251,0.6117,0.6221,316161569.1,1711627199999,196496899.15745,314205,157097024.2,97610755.38064,0
1711627200000,0.6221,0.6380,0.6176,0.6349,453643344.4,1711648799999,284822617.46367,460992,235490935.3,147861049.56987,0
1711648800000,0.6349,0.6352,0.6238,0.6252,172339907.4,1711670399999,108306609.68108,208161,84925177.9,53379262.14308,0
