open_time,open,high,low,close,volume,close_time,quote_volume,count,taker_buy_volume,taker_buy_quote_volume,ignore
1711497600000,0.6324,0.6355,0.6289,0.6304,161427184.7,1711519199999,102059199.15233,161153,77604008.6,49072143.38860,0
1711519200000,0.6304,0.6320,0.6120,0.6227,419145145.8,1711540799999,260474441.26069,321424,196316731.8,122020610.05575,0
1711540800000,0.6228,0.6306,0.6056,0.6156,569213786.8,1711562399999,351426781.40224,560891,276788410.8,170913713.17686,0
1711562400000,0.6156,0.6165,0.6090,0.6123,179379763.5,1711583999999,110064042.47630,184812,83730921.1,51388709.52170,0
