open_time,open,high,low,close,volume,close_time,quote_volume,count,taker_buy_volume,taker_buy_quote_volume,ignore
1709683200000,0.5915,0.6061,0.5759,0.6054,511277140.2,1709704799999,302050267.37273,470420,247272379.1,146153011.84676,0
1709704800000,0.6054,0.6250,0.6027,0.6149,533770786.0,1709726399999,327322373.82578,450640,261744412.5,160533957.70445,0
1709726400000,0.6148,0.6159,0.5891,0.6104,675722976.9,1709747999999,406398850.62545,571130,324956156.9,195455626.64969,0
1709748000000,0.6104,0.6170,0.6058,0.6128,265849980.5,1709769599999,162713510.93106,233014,129677757.4,79379071.69500,0
