open_time,open,high,low,close,volume,close_time,quote_volume,count,taker_buy_volume,taker_buy_quote_volume,ignore
1711670400000,0.6252,0.6262,0.6168,0.6179,187510190.7,1711691999999,116632296.13584,202012,89900994.1,55929710.17918,0
1711692000000,0.6179,0.6324,0.6090,0.6299,393870739.5,1711713599999,244328944.59215,366074,193995001.2,120381557.82961,0
1711713600000,0.6300,0.6464,0.6208,0.6332,617606008.8,1711735199999,390993317.13881,602235,300175500.2,190059215.21525,0
1711735200000,0.6332,0.6342,0.6214,0.6308,209564378.4,1711756799999,131481119.42410,234332,106117963.1,66582759.99917,0
