open_time,open,high,low,close,volume,close_time,quote_volume,count,taker_buy_volume,taker_buy_quote_volume,ignore
1710115200000,0.6087,0.6113,0.5810,0.6080,452875119.6,1710136799999,272122635.64172,418732,217224947.3,130554865.61327,0
1710136800000,0.6080,0.6315,0.6038,0.6238,600372294.7,1710158399999,373606006.66146,490480,300470717.6,186959431.88178,0
1710158400000,0.6237,0.7450,0.6163,0.7349,2525143164.3,1710179999999,1759891445.51403,2113687,1264625163.7,880962504.54579,0
1710180000000,0.7348,0.7455,0.7115,0.7243,1159380439.6,1710201599999,846323457.33619,1112986,584219887.3,426414169.69798,0
