open_time,open,high,low,close,volume,close_time,quote_volume,count,taker_buy_volume,taker_buy_quote_volume,ignore
1709337600000,0.6018,0.6438,0.6000,0.6435,1436278311.6,1709380799999,902269365.10540,1025272,709418025.5,445635441.72736,0
1709380800000,0.6435,0.6525,0.6263,0.6449,842820592.8,1709423999999,537332034.26778,632557,416139707.9,265346482.06102,0
