open_time,open,high,low,close,volume,close_time,quote_volume,count,taker_buy_volume,taker_buy_quote_volume,ignore
1711065600000,0.6412,0.6460,0.6144,0.6165,815342057.2,1711108799999,514116141.90569,798264,393745880.2,248314350.74222,0
1711108800000,0.6165,0.6225,0.5990,0.6119,876980973.3,1711151999999,535070060.29058,847367,421836370.7,257374622.76662,0
