open_time,open,high,low,close,volume,close_time,quote_volume,count,taker_buy_volume,taker_buy_quote_volume,ignore
1710806400000,0.6457,0.6494,0.5712,0.5908,2329362718.2,1710849599999,1403680519.36173,1853055,1118433936.7,674069238.06442,0
1710849600000,0.5908,0.6114,0.5757,0.5850,1158509843.5,1710892799999,691746643.58604,960011,563191979.7,336403573.25869,0
