open_time,open,high,low,close,volume,close_time,quote_volume,count,taker_buy_volume,taker_buy_quote_volume,ignore
1711411200000,0.6408,0.6534,0.6397,0.6449,464453271.7,1711454399999,300342900.69030,401280,226767918.1,146643052.68689,0
1711454400000,0.6450,0.6458,0.6252,0.6323,677396035.2,1711497599999,429668794.49916,668011,322246877.1,204412292.56246,0
