open_time,open,high,low,close,volume,close_time,quote_volume,count,taker_buy_volume,taker_buy_quote_volume,ignore
1710028800000,0.6206,0.6288,0.6171,0.6195,459067088.3,1710071999999,286034373.85325,354575,221243839.6,137858626.79394,0
1710072000000,0.6196,0.6214,0.5966,0.6086,649832430.8,1710115199999,396420396.03611,522279,298734163.4,182265635.96326,0
