open_time,open,high,low,close,volume,close_time,quote_volume,count,taker_buy_volume,taker_buy_quote_volume,ignore
1710547200000,0.6347,0.6484,0.6247,0.6311,610196918.2,1710590399999,389202343.53154,550712,295200371.9,188263967.03720,0
1710590400000,0.6310,0.6317,0.5922,0.6036,1163997689.8,1710633599999,712063870.25080,1084028,564333412.6,345283354.79295,0
