open_time,open,high,low,close,volume,close_time,quote_volume,count,taker_buy_volume,taker_buy_quote_volume,ignore
1709510400000,0.6271,0.6670,0.6088,0.6607,1438099365.2,1709553599999,919959377.64237,1100795,700225193.5,448175906.17353,0
1709553600000,0.6607,0.6658,0.6348,0.6484,1251753533.7,1709596799999,816191527.94354,989202,602615180.4,393006581.28006,0
