open_time,open,high,low,close,volume,close_time,quote_volume,count,taker_buy_volume,taker_buy_quote_volume,ignore
1710979200000,0.6112,0.6248,0.5976,0.6183,882669551.4,1711022399999,539706854.90945,818442,424087965.2,259349910.18790,0
1711022400000,0.6183,0.6550,0.6137,0.6412,1559545320.5,1711065599999,992176059.31021,1410128,766959009.1,487921593.82622,0
