open_time,open,high,low,close,volume,close_time,quote_volume,count,taker_buy_volume,taker_buy_quote_volume,ignore
1711324800000,0.6333,0.6377,0.6267,0.6274,402744152.4,1711367999999,254506876.80422,395462,198824053.4,125652079.55653,0
1711368000000,0.6274,0.6636,0.6274,0.6408,1114547411.8,1711411199999,719642335.82125,961625,542819475.0,350626545.48478,0
