open_time,open,high,low,close,volume,close_time,quote_volume,count,taker_buy_volume,taker_buy_quote_volume,ignore
1711152000000,0.6119,0.6219,0.6030,0.6196,375363698.6,1711195199999,230678840.58139,410347,180915907.8,111176560.23113,0
1711195200000,0.6197,0.6334,0.6161,0.6172,491994983.3,1711238399999,308142407.08402,531609,242425591.7,151836408.49864,0
