open_time,open,high,low,close,volume,close_time,quote_volume,count,taker_buy_volume,taker_buy_quote_volume,ignore
1710720000000,0.6198,0.6286,0.6026,0.6123,763820328.6,1710763199999,470463682.04631,660708,370848375.4,228400189.66200,0
1710763200000,0.6122,0.6691,0.5946,0.6457,1534569979.8,1710806399999,958636734.64711,1328499,749938596.4,468364243.09112,0
