open_time,open,high,low,close,volume,close_time,quote_volume,count,taker_buy_volume,taker_buy_quote_volume,ignore
1710374400000,0.6898,0.7085,0.6725,0.6863,940707010.6,1710417599999,647174806.98823,783459,453364216.0,311948851.15375,0
1710417600000,0.6864,0.6910,0.6375,0.6698,1563840245.0,1710460799999,1044143766.69773,1376296,739837919.0,494105907.94731,0
