open_time,open,high,low,close,volume,close_time,quote_volume,count,taker_buy_volume,taker_buy_quote_volume,ignore
1709596800000,0.6485,0.6699,0.6193,0.6508,1519513533.7,1709639999999,984164875.60167,1282256,730128727.8,473031266.17145,0
1709640000000,0.6507,0.6553,0.5235,0.5915,2525132430.1,1709683199999,1533725036.78577,2189742,1161270265.5,707012198.94512,0
