open_time,open,high,low,close,volume,close_time,quote_volume,count,taker_buy_volume,taker_buy_quote_volume,ignore
1711843200000,0.6217,0.6296,0.6210,0.6272,192447704.2,1711886399999,120400847.48468,221686,93888050.7,58737734.93291,0
1711886400000,0.6273,0.6311,0.6256,0.6297,216402588.3,1711929599999,135955679.14605,225791,108089205.0,67907887.48449,0
