open_time,open,high,low,close,volume,close_time,quote_volume,count,taker_buy_volume,taker_buy_quote_volume,ignore
1709424000000,0.6450,0.6455,0.5800,0.6247,1116440228.2,1709467199999,693277389.95079,846110,526115444.1,326921020.61059,0
1709467200000,0.6247,0.6337,0.6182,0.6272,565662821.4,1709510399999,354179305.01022,458913,259853612.1,162715147.98264,0
