open_time,open,high,low,close,volume,close_time,quote_volume,count,taker_buy_volume,taker_buy_quote_volume,ignore
1709856000000,0.6280,0.6349,0.6185,0.6291,583153884.0,1709899199999,365425725.03700,427521,283304551.1,177558944.53431,0
1709899200000,0.6291,0.6320,0.5920,0.6204,1001123105.4,1709942399999,619673903.48801,847898,478287166.4,296175107.30201,0
