open_time,open,high,low,close,volume,close_time,quote_volume,count,taker_buy_volume,taker_buy_quote_volume,ignore
1710892800000,0.5850,0.6000,0.5687,0.5967,1140104005.9,1710935999999,669238956.54845,920967,560044571.9,328791265.41993,0
1710936000000,0.5967,0.6191,0.5679,0.6112,1343234194.9,1710979199999,798803921.05124,1108597,661014352.0,393064162.94833,0
