open_time,open,high,low,close,volume,close_time,quote_volume,count,taker_buy_volume,taker_buy_quote_volume,ignore
1710115200000,0.6087,0.6315,0.5810,0.6238,1053247414.3,1710158399999,645728642.30318,909212,517695664.9,317514297.49505,0
1710158400000,0.6237,0.7455,0.6163,0.7243,3684523603.9,1710201599999,2606214902.85022,3226673,1848845051.0,1307376674.24377,0
