open_time,open,high,low,close,volume,close_time,quote_volume,count,taker_buy_volume,taker_buy_quote_volume,ignore
1709251200000,0.5872,0.5973,0.5834,0.5897,610998629.7,1709294399999,361502414.73814,464991,305005876.2,180489367.01663,0
1709294400000,0.5898,0.6041,0.5857,0.6019,698632222.0,1709337599999,415100863.10492,517388,339152564.8,201522668.15546,0
