open_time,open,high,low,close,volume,close_time,quote_volume,count,taker_buy_volume,taker_buy_quote_volume,ignore
1709942400000,0.6204,0.6331,0.6163,0.6236,482246446.6,1709985599999,301525383.67682,376176,250596151.3,156688228.84753,0
1709985600000,0.6237,0.6262,0.6168,0.6206,409021901.4,1710028799999,254372245.49837,322765,192192852.0,119541487.46516,0
