open_time,open,high,low,close,volume,close_time,quote_volume,count,taker_buy_volume,taker_buy_quote_volume,ignore
1710633600000,0.6036,0.6207,0.5869,0.6151,858045872.5,1710676799999,520862088.88765,770039,421444463.3,255931223.06637,0
1710676800000,0.6152,0.6253,0.6064,0.6198,497582611.0,1710719999999,307830760.29934,497588,244944300.9,151544028.19181,0
