open_time,open,high,low,close,volume,close_time,quote_volume,count,taker_buy_volume,taker_buy_quote_volume,ignore
1710201600000,0.7242,0.7350,0.6770,0.7018,1921344854.5,1710244799999,1345987744.17329,1473426,939091261.7,658203297.69601,0
1710244800000,0.7017,0.7145,0.6565,0.6886,1912342441.2,1710287999999,1319598972.26850,1512488,919214289.3,634533176.61381,0
