open_time,open,high,low,close,volume,close_time,quote_volume,count,taker_buy_volume,taker_buy_quote_volume,ignore
1711238400000,0.6173,0.6344,0.6136,0.6314,492715844.4,1711281599999,308465049.34024,548205,242011260.7,151527998.89635,0
1711281600000,0.6314,0.6362,0.6239,0.6333,460242083.7,1711324799999,290477370.15155,513357,227045798.0,143294908.42998,0
