open_time,open,high,low,close,volume,close_time,quote_volume,count,taker_buy_volume,taker_buy_quote_volume,ignore
1709683200000,0.5915,0.6250,0.5759,0.6149,1045047926.2,1709726399999,629372641.19851,921060,509016791.6,306686969.55121,0
1709726400000,0.6148,0.6170,0.5891,0.6128,941572957.4,1709769599999,569112361.55651,804144,454633914.3,274834698.34469,0
