open_time,open,high,low,close,volume,close_time,quote_volume,count,taker_buy_volume,taker_buy_quote_volume,ignore
1710288000000,0.6887,0.7033,0.6825,0.6896,734619650.6,1710331199999,510468164.43840,594164,361130657.9,250959841.64867,0
1710331200000,0.6896,0.6926,0.6688,0.6898,862349690.2,1710374399999,588123971.69246,723237,412528203.9,281389390.29429,0
