open_time,open,high,low,close,volume,close_time,quote_volume,count,taker_buy_volume,taker_buy_quote_volume,ignore
1711584000000,0.6123,0.6251,0.6036,0.6221,526514782.3,1711627199999,324987494.51664,552777,258832383.3,159770531.86794,0
1711627200000,0.6221,0.6380,0.6176,0.6252,625983251.8,1711670399999,393129227.14475,669153,320416113.2,201240311.71295,0
