open_time,open,high,low,close,volume,close_time,quote_volume,count,taker_buy_volume,taker_buy_quote_volume,ignore
1711670400000,0.6252,0.6324,0.6090,0.6299,581380930.2,1711713599999,360961240.72799,568086,283895995.3,176311268.00879,0
1711713600000,0.6300,0.6464,0.6208,0.6308,827170387.2,1711756799999,522474436.56291,836567,406293463.3,256641975.21442,0
