open_time,open,high,low,close,volume,close_time,quote_volume,count,taker_buy_volume,taker_buy_quote_volume,ignore
1711497600000,0.6324,0.6355,0.6120,0.6227,580572330.5,1711540799999,362533640.41302,482577,273920740.4,171092753.44435,0
1711540800000,0.6228,0.6306,0.6056,0.6123,748593550.3,1711583999999,461490823.87854,745703,360519331.9,222302422.69856,0
