open_time,open,high,low,close,volume,close_time,quote_volume,count,taker_buy_volume,taker_buy_quote_volume,ignore
1709769600000,0.6128,0.6311,0.6069,0.6227,1121775818.6,1709812799999,696421602.15501,912203,549815808.9,341340296.85410,0
1709812800000,0.6228,0.6399,0.6153,0.6280,853918020.2,1709855999999,535758760.33405,682277,415269869.3,260560479.51468,0
