open_time,open,high,low,close,volume,close_time,quote_volume,count,taker_buy_volume,taker_buy_quote_volume,ignore
1710460800000,0.6698,0.6767,0.5945,0.6227,1900745898.2,1710503999999,1197858492.60458,1653959,910513186.0,574096544.93964,0
1710504000000,0.6226,0.6453,0.6189,0.6348,880913798.5,1710547199999,553842670.63653,824115,435646923.4,273930044.04527,0
