open_time,open,high,low,close,volume,close_time,quote_volume,count,taker_buy_volume,taker_buy_quote_volume,ignore
1711756800000,0.6307,0.6327,0.6212,0.6278,266475910.9,1711799999999,166943752.42852,282454,131340571.8,82287305.39968,0
1711800000000,0.6279,0.6380,0.6180,0.6217,442505494.0,1711843199999,278008091.75764,434384,210095095.2,132041753.32369,0
