open_time,open,high,low,close,volume,close_time,quote_volume,count,taker_buy_volume,taker_buy_quote_volume,ignore
1713571200000,0.5026,0.5161,0.4978,0.5137,345013185.2,1713599999999,175540218.90957,249243,175639042.1,89370981.74770,0
1713600000000,0.5137,0.5257,0.5119,0.5211,447461080.2,1713628799999,231980869.73991,282426,227821155.5,118112436.10173,0
1713628800000,0.5211,0.5298,0.5193,0.5285,304196906.0,1713657599999,159924439.37076,228849,154030336.7,80986866.18464,0
