open_time,open,high,low,close,volume,close_time,quote_volume,count,taker_buy_volume,taker_buy_quote_volume,ignore
1712102400000,0.5858,0.5915,0.5665,0.5886,421364406.8,1712131199999,244994507.92165,371111,199991716.3,116315427.79225,0
1712131200000,0.5886,0.5934,0.5761,0.5803,395260886.1,1712159999999,231113149.52581,302888,193300185.0,113021485.65048,0
1712160000000,0.5803,0.5849,0.5665,0.5746,341771257.9,1712188799999,196650592.55974,282819,163193196.6,93944649.89342,0
