open_time,open,high,low,close,volume,close_time,quote_volume,count,taker_buy_volume,taker_buy_quote_volume,ignore
1714089600000,0.5251,0.5358,0.5166,0.5256,321852356.5,1714118399999,169536808.51270,235471,154496532.7,81390540.79403,0
1714118400000,0.5256,0.5271,0.5139,0.5201,339977194.5,1714147199999,177486173.81389,247633,175964877.3,91869785.46978,0
1714147200000,0.5202,0.5296,0.5190,0.5257,192672952.8,1714175999999,101144488.19391,155919,92093114.8,48334453.79296,0
