open_time,open,high,low,close,volume,close_time,quote_volume,count,taker_buy_volume,taker_buy_quote_volume,ignore
1713744000000,0.5243,0.5398,0.5217,0.5319,351104592.0,1713772799999,186625721.31602,266991,175189399.6,93129250.49038,0
1713772800000,0.5320,0.5434,0.5303,0.5384,293867723.3,1713801599999,157118907.08244,222420,150209971.7,80325933.42279,0
1713801600000,0.5384,0.5713,0.5380,0.5558,663391396.2,1713830399999,367686476.10601,415624,343147846.0,190161713.24921,0
