open_time,open,high,low,close,volume,close_time,quote_volume,count,taker_buy_volume,taker_buy_quote_volume,ignore
1714262400000,0.5176,0.5250,0.5173,0.5232,114849382.8,1714291199999,59943053.23392,103782,58348426.3,30449510.18920,0
1714291200000,0.5232,0.5236,0.5161,0.5198,147927247.1,1714319999999,76837074.76536,115108,69583886.3,36146368.09214,0
1714320000000,0.5199,0.5218,0.5079,0.5099,186993379.2,1714348799999,96211660.59131,156530,83488943.5,42987134.46956,0
