open_time,open,high,low,close,volume,close_time,quote_volume,count,taker_buy_volume,taker_buy_quote_volume,ignore
1713916800000,0.5442,0.5513,0.5402,0.5491,266542914.7,1713945599999,145654575.78579,219294,135782371.2,74203043.71877,0
1713945600000,0.5491,0.5517,0.5239,0.5259,539538715.1,1713974399999,289168864.15932,352502,257045198.5,137781303.29089,0
1713974400000,0.5259,0.5378,0.5206,0.5271,379631587.5,1714003199999,201307765.66613,298146,183236885.9,97179187.10422,0
