open_time,open,high,low,close,volume,close_time,quote_volume,count,taker_buy_volume,taker_buy_quote_volume,ignore
1712016000000,0.6115,0.6190,0.5823,0.6001,723713319.4,1712044799999,434302690.00445,652837,352546167.8,211588589.30439,0
1712044800000,0.6001,0.6024,0.5792,0.5821,721519110.1,1712073599999,424878725.19550,603273,348676905.1,205346961.56933,0
1712073600000,0.5821,0.5947,0.5800,0.5858,332429026.9,1712102399999,195705105.78579,272440,161453211.9,95039950.86567,0
