open_time,open,high,low,close,volume,close_time,quote_volume,count,taker_buy_volume,taker_buy_quote_volume,ignore
1712966400000,0.5469,0.5492,0.5287,0.5426,478636049.0,1712995199999,258924542.52871,348417,230877068.8,124913935.61650,0
1712995200000,0.5426,0.5484,0.5386,0.5432,295633201.0,1713023999999,160690366.94211,220274,141348552.4,76834127.85261,0
1713024000000,0.5431,0.5439,0.4099,0.4786,2494957057.3,1713052799999,1190891301.57372,1466003,1160636613.4,555346671.96182,0
