open_time,open,high,low,close,volume,close_time,quote_volume,count,taker_buy_volume,taker_buy_quote_volume,ignore
1712793600000,0.6177,0.6217,0.6150,0.6194,228726677.6,1712822399999,141512298.04135,223755,108592143.0,67193052.22565,0
1712822400000,0.6194,0.6219,0.6058,0.6087,343854794.3,1712851199999,210723995.44594,320251,166954906.1,102315654.04565,0
1712851200000,0.6086,0.6144,0.6034,0.6089,233508778.0,1712879999999,142385339.67253,211173,115074921.0,70163954.59344,0
