open_time,open,high,low,close,volume,close_time,quote_volume,count,taker_buy_volume,taker_buy_quote_volume,ignore
1714003200000,0.5270,0.5306,0.5182,0.5223,285462399.3,1714031999999,149951823.16704,246856,139490592.1,73299996.31586,0
1714032000000,0.5223,0.5268,0.5133,0.5244,408082271.6,1714060799999,212091126.93537,313393,204900971.3,106512070.96692,0
1714060800000,0.5244,0.5325,0.5232,0.5251,215456373.5,1714089599999,113767103.02363,168543,101412462.2,53543565.83856,0
