open_time,open,high,low,close,volume,close_time,quote_volume,count,taker_buy_volume,taker_buy_quote_volume,ignore
1712880000000,0.6089,0.6164,0.6068,0.6107,203444459.5,1712908799999,124336377.49888,187640,100904400.1,61669363.19620,0
1712908800000,0.6107,0.6130,0.5918,0.5937,390228060.8,1712937599999,234501260.00212,310709,188907174.8,113526249.34720,0
1712937600000,0.5938,0.5977,0.4907,0.5469,1562656154.4,1712966399999,857923120.16358,1143243,685145625.3,377420237.02664,0
