open_time,open,high,low,close,volume,close_time,quote_volume,count,taker_buy_volume,taker_buy_quote_volume,ignore
1713484800000,0.5021,0.5038,0.4660,0.4950,860548510.0,1713513599999,418043091.26898,589080,418534867.7,203388600.76408,0
1713513600000,0.4951,0.5037,0.4930,0.5028,479833959.6,1713542399999,239568416.73440,305896,252814717.8,126217266.82321,0
1713542400000,0.5029,0.5105,0.4958,0.5027,393756875.2,1713571199999,198038545.63637,289340,194964325.6,98060015.06469,0
