open_time,open,high,low,close,volume,close_time,quote_volume,count,taker_buy_volume,taker_buy_quote_volume,ignore
1711929600000,0.6297,0.6345,0.5967,0.6157,496169333.2,1711958399999,306094847.51631,523921,229421459.2,141620941.78031,0
1711958400000,0.6158,0.6159,0.5950,0.6001,479235641.7,1711987199999,290652277.51721,440732,226783724.2,137563552.30281,0
1711987200000,0.6001,0.6150,0.5987,0.6115,297834282.6,1712015999999,181046216.57699,286782,149534748.2,90899351.34461,0
