open_time,open,high,low,close,volume,close_time,quote_volume,count,taker_buy_volume,taker_buy_quote_volume,ignore
1713052800000,0.4786,0.4987,0.4636,0.4953,763927553.5,1713081599999,365594070.64985,542642,373074446.3,178583880.24761,0
1713081600000,0.4954,0.4988,0.4791,0.4865,586070930.9,1713110399999,285643430.78825,400790,289121204.5,140924231.29895,0
1713110400000,0.4866,0.5070,0.4731,0.5029,751163433.9,1713139199999,368108601.96432,474584,367051686.0,179879125.91781,0
