open_time,open,high,low,close,volume,close_time,quote_volume,count,taker_buy_volume,taker_buy_quote_volume,ignore
1713657600000,0.5285,0.5354,0.5213,0.5334,245182172.2,1713686399999,129448475.37846,197416,120753936.7,63761239.71457,0
1713686400000,0.5333,0.5366,0.5228,0.5273,276782194.6,1713715199999,146394973.52389,216615,134062046.8,70914536.41716,0
1713715200000,0.5272,0.5292,0.5180,0.5243,287992288.0,1713743999999,150839858.88749,201189,141547504.0,74132956.00833,0
