open_time,open,high,low,close,volume,close_time,quote_volume,count,taker_buy_volume,taker_buy_quote_volume,ignore
1713225600000,0.4974,0.5017,0.4750,0.4983,536273051.4,1713254399999,262575403.54947,408368,257977204.5,126313226.21390,0
1713254400000,0.4984,0.4992,0.4778,0.4876,645643760.3,1713283199999,314829018.03924,442698,316139050.7,154126620.84248,0
1713283200000,0.4875,0.4984,0.4865,0.4960,404741876.4,1713311999999,199606729.68209,295230,197456409.4,97378485.68669,0
