open_time,open,high,low,close,volume,close_time,quote_volume,count,taker_buy_volume,taker_buy_quote_volume,ignore
1713398400000,0.4948,0.4992,0.4870,0.4899,348838110.5,1713427199999,172031537.88869,277034,173234200.0,85432106.66895,0
1713427200000,0.4899,0.5055,0.4854,0.5003,503749985.7,1713455999999,248950906.78695,351277,258363395.9,127708552.46333,0
1713456000000,0.5003,0.5037,0.4935,0.5022,268961361.4,1713484799999,134538155.03934,210876,130523849.4,65291305.94323,0
