open_time,open,high,low,close,volume,close_time,quote_volume,count,taker_buy_volume,taker_buy_quote_volume,ignore
1712275200000,0.5938,0.5944,0.5767,0.5822,383892826.5,1712303999999,224175141.47426,328202,181252063.9,105839119.03674,0
1712304000000,0.5822,0.5881,0.5687,0.5835,492515202.4,1712332799999,284529050.11580,391308,245021648.5,141591371.46529,0
1712332800000,0.5834,0.5916,0.5806,0.5872,216798736.5,1712361599999,127255685.34040,193339,100193506.2,58800606.68417,0
