open_time,open,high,low,close,volume,close_time,quote_volume,count,taker_buy_volume,taker_buy_quote_volume,ignore
1713312000000,0.4960,0.5078,0.4918,0.5038,328596997.3,1713340799999,163830873.24426,248016,162318910.1,80949961.62553,0
1713340800000,0.5038,0.5052,0.4727,0.4777,696844823.0,1713369599999,339898870.78886,443863,338477728.3,165132104.39358,0
1713369600000,0.4778,0.5019,0.4713,0.4947,601000473.8,1713398399999,295293798.17836,409645,301115097.3,147923408.74529,0
