open_time,open,high,low,close,volume,close_time,quote_volume,count,taker_buy_volume,taker_buy_quote_volume,ignore
1713139200000,0.5030,0.5183,0.4935,0.5134,463961933.3,1713167999999,234015712.63897,350841,229037205.7,115567389.50879,0
1713168000000,0.5135,0.5188,0.4881,0.4968,706323864.9,1713196799999,357327582.76321,426324,351039036.4,177577054.74158,0
1713196800000,0.4969,0.5000,0.4808,0.4973,729145432.2,1713225599999,359070021.97913,484120,360125283.9,177351624.52069,0
