open_time,open,high,low,close,volume,close_time,quote_volume,count,taker_buy_volume,taker_buy_quote_volume,ignore
1714435200000,0.5148,0.5196,0.5072,0.5100,225020654.1,1714463999999,115599297.06545,169215,107162434.8,55065736.67162,0
1714464000000,0.5101,0.5107,0.4873,0.4958,508657880.3,1714492799999,253427018.05780,361852,246197960.9,122662400.73096,0
1714492800000,0.4958,0.5021,0.4855,0.5004,383710824.0,1714521599999,190455568.48306,280479,188065742.5,93341241.60475,0
