open_time,open,high,low,close,volume,close_time,quote_volume,count,taker_buy_volume,taker_buy_quote_volume,ignore
1713830400000,0.5558,0.5573,0.5446,0.5490,280199700.5,1713859199999,154282545.99078,210081,128882006.0,70965545.58996,0
1713859200000,0.5490,0.5508,0.5413,0.5464,346959192.0,1713887999999,189363717.51265,247452,177885395.8,97103004.10379,0
1713888000000,0.5465,0.5547,0.5429,0.5443,309029773.0,1713916799999,169895524.84563,222278,146462961.9,80535709.37537,0
