open_time,open,high,low,close,volume,close_time,quote_volume,count,taker_buy_volume,taker_buy_quote_volume,ignore
1712361600000,0.5873,0.5926,0.5856,0.5902,135162540.0,1712390399999,79708913.94065,137960,65839207.8,38829351.27950,0
1712390400000,0.5903,0.5975,0.5870,0.5946,172420764.7,1712419199999,101950579.57772,158104,94648130.6,55979496.69794,0
1712419200000,0.5946,0.5992,0.5889,0.5932,185778716.5,1712447999999,110156874.53270,163407,86303752.0,51179331.98455,0
