open_time,open,high,low,close,volume,close_time,quote_volume,count,taker_buy_volume,taker_buy_quote_volume,ignore
1712534400000,0.5948,0.6055,0.5880,0.6023,276915629.3,1712563199999,165075200.15954,241012,137102933.4,81750637.28247,0
1712563200000,0.6024,0.6197,0.5974,0.6158,563676550.7,1712591999999,343923723.59208,480124,276278566.1,168627632.61385,0
1712592000000,0.6159,0.6271,0.6150,0.6152,372076114.6,1712620799999,231448611.41728,329817,180454730.9,112239809.74424,0
