open_time,open,high,low,close,volume,close_time,quote_volume,count,taker_buy_volume,taker_buy_quote_volume,ignore
1712188800000,0.5746,0.5789,0.5626,0.5738,370893516.9,1712217599999,211804748.72809,286884,178008115.6,101650450.99145,0
1712217600000,0.5739,0.6174,0.5733,0.5944,1078028767.6,1712246399999,643983588.07556,877920,546616149.3,326342598.55883,0
1712246400000,0.5943,0.6054,0.5853,0.5937,426335584.9,1712275199999,253781030.00930,385980,208118775.0,123872999.24999,0
