open_time,open,high,low,close,volume,close_time,quote_volume,count,taker_buy_volume,taker_buy_quote_volume,ignore
1714176000000,0.5257,0.5263,0.5063,0.5143,323916017.7,1714204799999,167156537.77281,245167,158033318.5,81548331.03129,0
1714204800000,0.5143,0.5190,0.5103,0.5155,180120090.4,1714233599999,92723677.50219,142254,92461072.6,47607231.90342,0
1714233600000,0.5156,0.5228,0.5146,0.5176,162283864.1,1714262399999,84203815.17705,135522,80342514.4,41689541.69204,0
