open_time,open,high,low,close,volume,close_time,quote_volume,count,taker_buy_volume,taker_buy_quote_volume,ignore
1712448000000,0.5933,0.5985,0.5926,0.5960,120523670.0,1712476799999,71798248.20243,126814,58560274.2,34891401.37044,0
1712476800000,0.5960,0.6033,0.5953,0.5968,192206849.3,1712505599999,115016853.04893,178256,93122591.9,55726505.58200,0
1712505600000,0.5969,0.6012,0.5897,0.5948,225882204.4,1712534399999,134298568.66205,188087,108718154.2,64647704.20375,0
