open_time,open,high,low,close,volume,close_time,quote_volume,count,taker_buy_volume,taker_buy_quote_volume,ignore
1714348800000,0.5099,0.5140,0.4982,0.5022,346898552.0,1714377599999,175354837.05846,241945,166498874.3,84179114.87957,0
1714377600000,0.5021,0.5136,0.4994,0.5121,295530956.9,1714406399999,149755617.97663,228901,150884411.8,76488046.25875,0
1714406400000,0.5122,0.5174,0.5094,0.5147,232672930.1,1714435199999,119710531.52906,180363,119770816.2,61631862.13450,0
