open_time,open,high,low,close,volume,close_time,quote_volume,count,taker_buy_volume,taker_buy_quote_volume,ignore
1712707200000,0.6145,0.6168,0.6011,0.6151,395063608.2,1712735999999,240745081.16592,359468,194567286.9,118592503.88392,0
1712736000000,0.6151,0.6166,0.5925,0.6079,574923467.1,1712764799999,348580337.06397,507956,278083135.0,168632777.84715,0
1712764800000,0.6080,0.6210,0.6045,0.6176,290978455.6,1712793599999,179051911.54128,283101,141711098.3,87189656.59790,0
