open_time,open,high,low,close,volume,close_time,quote_volume,count,taker_buy_volume,taker_buy_quote_volume,ignore
1712620800000,0.6153,0.6213,0.6075,0.6089,320523188.8,1712649599999,197088081.47623,307553,156122014.8,96030928.39764,0
1712649600000,0.6089,0.6439,0.6014,0.6225,980302590.2,1712678399999,612161784.75333,860594,491589576.9,307090201.36618,0
1712678400000,0.6226,0.6280,0.6109,0.6145,314347822.6,1712707199999,194869340.42030,341806,150122890.8,93038493.64046,0
