open_time,open,high,low,close,volume,close_time,quote_volume,count,taker_buy_volume,taker_buy_quote_volume,ignore
1713052800000,63939.70,64869.00,62139.30,64449.90,138762.486,1713081599999,8837557554.52116,1984526,67955.952,4328472748.23276,0
1713081600000,64449.90,64891.60,63428.60,64163.30,100157.838,1713110399999,6432137174.60820,1611658,49039.527,3149935209.70916,0
1713110400000,64163.30,65822.10,62550.00,65615.90,156849.809,1713139199999,10068384164.45241,2099601,79034.581,5075497329.56217,0
