open_time,open,high,low,close,volume,close_time,quote_volume,count,taker_buy_volume,taker_buy_quote_volume,ignore
1714435200000,63842.40,64700.00,63050.00,63123.80,76238.804,1714463999999,4858405105.68160,1150796,37835.331,2411667595.15210,0
1714464000000,63123.70,63220.40,60517.60,60764.90,179490.180,1714492799999,11029704363.49520,2626095,86397.113,5309517358.67170,0
1714492800000,60764.90,61063.20,59150.00,60651.20,153018.719,1714521599999,9204782682.49120,2178485,74217.544,4466298986.50450,0
