open_time,open,high,low,close,volume,close_time,quote_volume,count,taker_buy_volume,taker_buy_quote_volume,ignore
1713571200000,63787.40,64244.00,63045.10,63937.90,60377.938,1713599999999,3851601027.62844,1022953,30114.146,1921059637.71004,0
1713600000000,63938.00,64940.00,63244.00,64771.00,69139.256,1713628799999,4418346970.83446,1077661,35674.295,2280691757.18796,0
1713628800000,64771.00,65400.00,64421.80,64897.20,67625.068,1713657599999,4387465512.53011,1103159,33624.618,2181686613.43787,0
