open_time,open,high,low,close,volume,close_time,quote_volume,count,taker_buy_volume,taker_buy_quote_volume,ignore
1713312000000,63764.90,64483.30,63170.50,63260.80,64498.153,1713340799999,4117400501.34082,1095892,31679.546,2022749208.33132,0
1713340800000,63260.70,63562.70,59713.20,60272.00,222008.429,1713369599999,13689354659.74208,2804803,106806.503,6587855190.06486,0
1713369600000,60274.00,61938.00,59625.00,61254.50,157526.410,1713398399999,9595589944.69528,2112722,79179.107,4824063392.82378,0
