open_time,open,high,low,close,volume,close_time,quote_volume,count,taker_buy_volume,taker_buy_quote_volume,ignore
1713139200000,65615.90,66550.00,64649.20,66224.80,88982.806,1713167999999,5839883673.40455,1450397,45101.467,2960433960.09811,0
1713168000000,66224.90,66874.90,63800.00,64552.80,136232.046,1713196799999,8919463244.07565,1937267,65826.918,4310264631.75824,0
1713196800000,64552.60,64848.80,62242.50,63392.70,156317.373,1713225599999,9918497040.90348,2154004,75973.941,4822724038.18492,0
