open_time,open,high,low,close,volume,close_time,quote_volume,count,taker_buy_volume,taker_buy_quote_volume,ignore
1712102400000,65502.40,66550.00,64500.00,66181.10,91924.103,1712131199999,6043625484.43212,1229603,46231.760,3040358297.92111,0
1712131200000,66181.20,66940.00,65555.00,65873.90,114520.463,1712159999999,7584688202.64736,1475304,56448.020,3739226792.20100,0
1712160000000,65873.90,66624.00,65451.10,65971.90,68596.664,1712188799999,4526613751.66888,1011138,33707.006,2224565089.20740,0
