open_time,open,high,low,close,volume,close_time,quote_volume,count,taker_buy_volume,taker_buy_quote_volume,ignore
1713398400000,61254.50,62194.80,60763.80,61154.70,84468.399,1713427199999,5190238768.28354,1315189,41903.838,2575067635.46412,0
1713427200000,61154.60,64100.00,60824.20,63474.00,179786.286,1713455999999,11256530432.72840,2467850,91621.761,5736926449.92696,0
1713456000000,63473.90,63857.50,62268.40,63445.00,99047.709,1713484799999,6261764554.00292,1464465,49329.397,3119138964.26058,0
