open_time,open,high,low,close,volume,close_time,quote_volume,count,taker_buy_volume,taker_buy_quote_volume,ignore
1712620800000,71678.30,71820.60,70160.00,70444.00,82116.122,1712649599999,5833751107.79607,1471242,38816.157,2758446630.25998,0
1712649600000,70444.10,71048.30,68538.00,69322.80,179468.563,1712678399999,12546962524.66740,2628134,86922.977,6078470860.28674,0
1712678400000,69322.80,69473.40,68216.00,69189.30,72474.718,1712707199999,4994551704.97528,1332220,34819.673,2400119085.93570,0
