open_time,open,high,low,close,volume,close_time,quote_volume,count,taker_buy_volume,taker_buy_quote_volume,ignore
1712448000000,68901.50,69800.00,68820.60,69367.40,48025.222,1712476799999,3329925200.89700,889780,24301.032,1685151153.98090,0
1712476800000,69367.30,69921.30,69198.30,69567.90,49124.405,1712505599999,3413902735.46352,873819,25506.081,1772933135.50672,0
1712505600000,69567.90,70395.00,68881.30,69362.70,74633.809,1712534399999,5197398335.57123,1330408,37706.329,2626962499.38303,0
