open_time,open,high,low,close,volume,close_time,quote_volume,count,taker_buy_volume,taker_buy_quote_volume,ignore
1714348800000,63088.40,63337.80,61888.00,62362.00,74033.710,1714377599999,4626029555.40220,1199392,35877.683,2241990129.25860,0
1714377600000,62362.10,63085.00,61726.20,63012.20,89443.797,1714406399999,5583150283.16940,1354550,44221.754,2761036998.88410,0
1714406400000,63012.20,64200.00,62511.10,63842.40,64933.656,1714435199999,4106255156.04220,1022414,33418.603,2114009527.98910,0
