open_time,open,high,low,close,volume,close_time,quote_volume,count,taker_buy_volume,taker_buy_quote_volume,ignore
1713484800000,63445.00,65189.00,59541.00,64519.60,294727.836,1713513599999,18330350637.64571,3723854,148026.931,9210063129.83021,0
1713513600000,64519.50,65480.00,63779.70,64417.70,163790.150,1713542399999,10596896139.64413,2278797,82327.398,5327346046.03435,0
1713542400000,64417.60,64823.60,62910.00,63787.40,115746.072,1713571199999,7404886483.64798,1726932,57385.304,3671864859.25486,0
