open_time,open,high,low,close,volume,close_time,quote_volume,count,taker_buy_volume,taker_buy_quote_volume,ignore
1713744000000,64912.70,66449.00,64470.50,65943.70,97858.808,1713772799999,6412739043.38254,1573515,49877.480,3268470203.88170,0
1713772800000,65943.80,66449.00,65600.70,65966.80,73307.381,1713801599999,4836517180.18270,1233853,35506.754,2342744315.11180,0
1713801600000,65966.80,67222.00,65866.80,66778.00,75102.222,1713830399999,4999799265.89680,1165733,39878.558,2655293644.96120,0
