open_time,open,high,low,close,volume,close_time,quote_volume,count,taker_buy_volume,taker_buy_quote_volume,ignore
1712361600000,67825.80,68240.10,67450.00,67985.10,35872.126,1712390399999,2434432577.45656,600421,17594.072,1194155879.18246,0
1712390400000,67985.10,68320.00,67525.00,68094.00,37188.487,1712419199999,2524511471.90860,590388,18584.969,1261753362.05846,0
1712419200000,68094.00,69708.00,67923.40,68901.60,54283.113,1712447999999,3732111132.37438,853258,28741.794,1976382571.64938,0
