open_time,open,high,low,close,volume,close_time,quote_volume,count,taker_buy_volume,taker_buy_quote_volume,ignore
1712880000000,70055.60,71297.00,70044.40,70825.90,53968.891,1712908799999,3821361941.08730,949335,28332.044,2006117712.68230,0
1712908800000,70825.90,71038.90,69267.00,69374.10,103313.405,1712937599999,7241679285.80526,1582064,50103.163,3512832268.38730,0
1712937600000,69374.00,69626.70,65102.00,67136.40,258245.853,1712966399999,17403573321.73691,3057927,121164.391,8166634462.92874,0
