open_time,open,high,low,close,volume,close_time,quote_volume,count,taker_buy_volume,taker_buy_quote_volume,ignore
1714089600000,64478.80,64649.70,63844.00,64236.60,55073.980,1714118399999,3541075038.11750,898242,27060.534,1740048836.53280,0
1714118400000,64236.70,64783.10,63325.00,63481.30,101319.377,1714147199999,6492984575.70520,1506534,50694.745,3249176480.71620,0
1714147200000,63481.20,64156.00,63291.50,63748.80,45756.456,1714175999999,2919529532.09580,758011,23565.791,1503869882.87260,0
