open_time,open,high,low,close,volume,close_time,quote_volume,count,taker_buy_volume,taker_buy_quote_volume,ignore
1712188800000,65971.80,66375.80,65100.00,66104.80,69414.558,1712217599999,4565051558.79762,952009,34002.962,2236680670.44505,0
1712217600000,66104.70,67916.00,66036.00,67631.80,99988.562,1712246399999,6703922681.17909,1328785,50292.008,3371674930.14389,0
1712246400000,67631.70,69329.70,67291.30,68489.90,156982.218,1712275199999,10724194664.30222,1937423,80969.545,5531138422.88078,0
