open_time,open,high,low,close,volume,close_time,quote_volume,count,taker_buy_volume,taker_buy_quote_volume,ignore
1714003200000,64250.00,64713.60,63800.00,63996.10,52747.748,1714031999999,3388180412.05130,867700,25485.590,1637105211.61420,0
1714032000000,63996.20,64316.50,62721.30,64091.70,139773.053,1714060799999,8885724179.22650,2141573,68875.825,4379707910.89520,0
1714060800000,64091.60,65270.60,63934.00,64478.80,82690.261,1714089599999,5342061486.57060,1216115,41448.496,2678270413.23070,0
