open_time,open,high,low,close,volume,close_time,quote_volume,count,taker_buy_volume,taker_buy_quote_volume,ignore
1712016000000,69700.00,69731.60,65600.00,66503.30,173311.627,1712044799999,11655572548.92429,2146094,79788.156,5363987388.17319,0
1712044800000,66503.40,66748.00,64650.00,64928.30,222126.735,1712073599999,14582739732.42600,2784037,106658.652,7004365908.83449,0
1712073600000,64928.20,66225.20,64603.20,65505.30,103603.210,1712102399999,6794767767.42735,1376821,50714.825,3326672261.87079,0
