open_time,open,high,low,close,volume,close_time,quote_volume,count,taker_buy_volume,taker_buy_quote_volume,ignore
1712275200000,68489.80,68787.10,66376.00,66937.40,88102.213,1712303999999,5941355685.07835,1232075,41625.127,2807419092.12460,0
1712304000000,66937.40,68585.90,65966.00,68201.50,167057.359,1712332799999,11213384731.66242,2143241,85051.375,5711076869.29213,0
1712332800000,68200.00,68388.10,67326.60,67825.70,58387.721,1712361599999,3955424772.46854,870806,28406.240,1924620377.73990,0
