open_time,open,high,low,close,volume,close_time,quote_volume,count,taker_buy_volume,taker_buy_quote_volume,ignore
1712793600000,70681.80,71387.40,70340.00,70789.10,58445.876,1712822399999,4137343351.46520,1083480,28964.718,2050591656.89212,0
1712822400000,70789.10,71337.80,69592.60,70045.90,142518.740,1712851199999,10031144094.33702,2232744,70485.413,4962020796.99720,0
1712851200000,70045.90,70806.40,69608.10,70055.70,55229.537,1712879999999,3878408079.75476,1075294,27703.794,1945634431.15174,0
