open_time,open,high,low,close,volume,close_time,quote_volume,count,taker_buy_volume,taker_buy_quote_volume,ignore
1712534400000,69362.70,70917.00,69040.40,70745.40,67257.718,1712563199999,4701873189.46561,1244184,35681.705,2495751578.26491,0
1712563200000,70745.40,72890.40,70677.60,71815.70,180486.964,1712591999999,12989449595.00480,3026600,92350.365,6646112091.13127,0
1712592000000,71815.70,72171.60,71338.30,71678.40,49492.767,1712620799999,3553440183.56518,1023709,24723.291,1775206102.89780,0
