open_time,open,high,low,close,volume,close_time,quote_volume,count,taker_buy_volume,taker_buy_quote_volume,ignore
1713916800000,66386.20,67068.20,66347.20,66588.90,41625.245,1713945599999,2776691505.81280,748072,20294.130,1353855092.98660,0
1713945600000,66588.90,66721.70,64489.70,64594.00,127829.731,1713974399999,8384789815.14440,1809992,60946.860,3998192285.45000,0
1713974400000,64593.50,65122.00,63575.00,64250.00,111090.085,1714003199999,7145401931.66900,1601397,54185.144,3485691456.28990,0
