open_time,open,high,low,close,volume,close_time,quote_volume,count,taker_buy_volume,taker_buy_quote_volume,ignore
1711929600000,71363.00,71388.00,68895.50,69637.00,92784.447,1711958399999,6491966582.00449,1266890,44035.786,3080580024.95820,0
1711958400000,69637.00,70145.00,68210.00,68281.00,112739.523,1711987199999,7805373812.72090,1514950,54082.132,3745012248.16512,0
1711987200000,68280.90,69949.00,68103.30,69700.00,77288.156,1712015999999,5341345168.37968,1073352,39145.394,2705238982.87440,0
