open_time,open,high,low,close,volume,close_time,quote_volume,count,taker_buy_volume,taker_buy_quote_volume,ignore
1713657600000,64897.20,65678.70,64570.50,65109.80,48471.026,1713686399999,3155716001.13096,870828,23916.295,1557309230.34576,0
1713686400000,65109.80,65425.00,64728.30,65015.00,49565.759,1713715199999,3223198864.18890,853453,25673.909,1669711631.04430,0
1713715200000,65014.90,65242.00,64214.20,64912.60,62497.163,1713743999999,4042240654.05314,1048603,30804.711,1992677411.11870,0
