open_time,open,high,low,close,volume,close_time,quote_volume,count,taker_buy_volume,taker_buy_quote_volume,ignore
1714262400000,63420.90,64350.00,63420.90,63883.10,43061.200,1714291199999,2750818133.11670,702166,21807.338,1393050323.07770,0
1714291200000,63883.20,63954.60,63230.70,63508.60,38906.110,1714319999999,2474314321.97330,653612,18388.096,1169565680.37580,0
1714320000000,63508.50,63973.90,62700.00,63088.30,44088.841,1714348799999,2791529027.08870,751278,21468.466,1359498041.95260,0
