open_time,open,high,low,close,volume,close_time,quote_volume,count,taker_buy_volume,taker_buy_quote_volume,ignore
1713830400000,66777.90,67158.90,65988.00,66079.90,52647.012,1713859199999,3502968847.71320,908540,25087.635,1669516804.40230,0
1713859200000,66079.90,67099.70,65750.00,66393.20,84181.025,1713887999999,5589128455.49020,1310830,41834.292,2777647589.90060,0
1713888000000,66393.20,66887.00,65924.70,66386.30,41837.527,1713916799999,2780026954.67270,743667,20732.947,1377825784.95680,0
