open_time,open,high,low,close,volume,close_time,quote_volume,count,taker_buy_volume,taker_buy_quote_volume,ignore
1714176000000,63748.70,63901.40,62332.80,62944.30,76946.767,1714204799999,4845316667.28230,1198699,36073.317,2271457206.19670,0
1714204800000,62944.30,63390.80,62650.00,62928.40,37863.038,1714233599999,2385312838.74500,699122,18657.245,1175441878.60430,0
1714233600000,62928.30,63624.40,62700.20,63421.00,52539.304,1714262399999,3320555667.92660,856131,26496.380,1674633215.71770,0
