open_time,open,high,low,close,volume,close_time,quote_volume,count,taker_buy_volume,taker_buy_quote_volume,ignore
1712707200000,69189.20,69650.00,68514.00,69381.60,57521.409,1712735999999,3976279674.86696,1103473,27778.779,1920419777.36050,0
1712736000000,69381.60,69381.60,67546.20,68687.90,158494.967,1712764799999,10843441972.43034,2349894,75983.737,5198682552.34810,0
1712764800000,68688.00,71412.20,68585.00,70681.70,121758.380,1712793599999,8505919866.52817,1923028,63479.020,4434959975.69507,0
