open_time,open,high,low,close,volume,close_time,quote_volume,count,taker_buy_volume,taker_buy_quote_volume,ignore
1713225600000,63392.80,63879.60,61651.80,63487.90,112114.233,1713254399999,7053115363.65278,1642989,55188.978,3472945234.04004,0
1713254400000,63488.00,63646.90,61521.00,61749.20,179389.949,1713283199999,11222167867.03212,2474041,87745.445,5489911780.08682,0
1713283200000,61749.20,64356.30,61680.00,63765.00,114427.257,1713311999999,7196078395.68130,1699485,59468.564,3739900937.43114,0
