open_time,open,high,low,close,volume,close_time,quote_volume,count,taker_buy_volume,taker_buy_quote_volume,ignore
1710288000000,71503.30,73755.00,71388.10,73127.60,288446.338,1710374399999,20996680531.98601,4413774,144767.213,10538493126.41221,0
