open_time,open,high,low,close,volume,close_time,quote_volume,count,taker_buy_volume,taker_buy_quote_volume,ignore
1711238400000,64020.40,67700.00,63822.00,67260.90,244179.435,1711324799999,15988550837.61994,3674436,127453.119,8347706445.71518,0
