open_time,open,high,low,close,volume,close_time,quote_volume,count,taker_buy_volume,taker_buy_quote_volume,ignore
1710115200000,69001.80,72890.00,67000.00,72153.80,474396.897,1710201599999,33718116318.48710,6424784,238156.809,16928784715.47152,0
