open_time,open,high,low,close,volume,close_time,quote_volume,count,taker_buy_volume,taker_buy_quote_volume,ignore
1711584000000,69532.60,71636.20,68941.00,70838.70,242199.225,1711670399999,17098709141.38956,3691793,121791.411,8599419466.58696,0
