open_time,open,high,low,close,volume,close_time,quote_volume,count,taker_buy_volume,taker_buy_quote_volume,ignore
1711152000000,63826.10,66050.00,63020.20,64020.30,239124.000,1711238399999,15454464441.79797,3255774,118901.006,7686603208.46166,0
