open_time,open,high,low,close,volume,close_time,quote_volume,count,taker_buy_volume,taker_buy_quote_volume,ignore
1709510400000,63178.50,68600.00,62299.00,68296.40,632882.144,1709596799999,41606992664.57328,8622486,315954.494,20769345645.10813,0
