open_time,open,high,low,close,volume,close_time,quote_volume,count,taker_buy_volume,taker_buy_quote_volume,ignore
1711670400000,70838.80,70976.90,69000.00,69903.60,187970.841,1711756799999,13153542392.49107,2898786,90312.609,6320726778.39616,0
