open_time,open,high,low,close,volume,close_time,quote_volume,count,taker_buy_volume,taker_buy_quote_volume,ignore
1711497600000,70044.20,71888.00,68364.80,69532.60,407757.788,1711583999999,28488910521.65316,5478411,201598.360,14089632179.45393,0
