open_time,open,high,low,close,volume,close_time,quote_volume,count,taker_buy_volume,taker_buy_quote_volume,ignore
1710547200000,69552.10,70097.60,64750.00,65351.00,333426.129,1710633599999,22541723738.08737,4728369,158811.135,10743916091.24294,0
