open_time,open,high,low,close,volume,close_time,quote_volume,count,taker_buy_volume,taker_buy_quote_volume,ignore
1710201600000,72153.90,73370.00,68600.00,71503.20,472072.331,1710287999999,33679961862.90980,6616949,231739.524,16538750903.78605,0
