open_time,open,high,low,close,volume,close_time,quote_volume,count,taker_buy_volume,taker_buy_quote_volume,ignore
1709251200000,61203.30,63199.00,60844.80,62430.60,299231.827,1709337599999,18555341528.19973,4242562,149192.047,9251925530.42108,0
