open_time,open,high,low,close,volume,close_time,quote_volume,count,taker_buy_volume,taker_buy_quote_volume,ignore
1709424000000,62039.90,63330.90,61339.50,63178.50,200312.503,1709510399999,12480586261.48198,2976490,100689.426,6275449929.04907,0
