open_time,open,high,low,close,volume,close_time,quote_volume,count,taker_buy_volume,taker_buy_quote_volume,ignore
1709942400000,68180.20,68608.70,67908.70,68360.10,94899.005,1710028799999,6480692325.81410,1537614,45581.279,3113000772.60940,0
