open_time,open,high,low,close,volume,close_time,quote_volume,count,taker_buy_volume,taker_buy_quote_volume,ignore
1709337600000,62430.60,62513.10,61605.00,62039.90,159283.629,1709423999999,9880073062.42179,2445321,78157.054,4848585077.14658,0
