open_time,open,high,low,close,volume,close_time,quote_volume,count,taker_buy_volume,taker_buy_quote_volume,ignore
1709683200000,63747.50,67729.50,62829.30,66128.10,534011.813,1709769599999,35282709655.61008,6780080,264966.526,17505717164.11994,0
