open_time,open,high,low,close,volume,close_time,quote_volume,count,taker_buy_volume,taker_buy_quote_volume,ignore
1711065600000,65539.90,66691.90,62294.00,63826.00,401149.333,1711151999999,25742798562.87778,5610913,193242.858,12404628469.30646,0
