open_time,open,high,low,close,volume,close_time,quote_volume,count,taker_buy_volume,taker_buy_quote_volume,ignore
1709769600000,66128.00,68101.30,65609.30,66870.00,296092.788,1709855999999,19831473590.15860,4405527,147654.750,9889788645.76925,0
