open_time,open,high,low,close,volume,close_time,quote_volume,count,taker_buy_volume,taker_buy_quote_volume,ignore
1710806400000,67660.00,68178.60,61582.80,61974.10,700466.795,1710892799999,45022413705.43772,8883840,341387.210,21944607883.64712,0
