open_time,open,high,low,close,volume,close_time,quote_volume,count,taker_buy_volume,taker_buy_quote_volume,ignore
1711324800000,67260.90,71228.30,66427.60,69920.50,395156.191,1711411199999,27232095366.19894,5616354,200494.861,13818628576.04482,0
