open_time,open,high,low,close,volume,close_time,quote_volume,count,taker_buy_volume,taker_buy_quote_volume,ignore
1710979200000,67876.40,68293.90,64550.10,65539.90,347218.385,1711065599999,23114287433.97302,5314298,170701.466,11368438508.35749,0
