open_time,open,high,low,close,volume,close_time,quote_volume,count,taker_buy_volume,taker_buy_quote_volume,ignore
1710892800000,61974.10,68140.00,60800.00,67876.40,637362.465,1710979199999,40691118766.89385,8081289,322745.423,20619446188.00391,0
