open_time,open,high,low,close,volume,close_time,quote_volume,count,taker_buy_volume,taker_buy_quote_volume,ignore
1715212800000,0.5169,0.5234,0.5142,0.5156,158509687.4,1715241599999,82424552.34723,130398,77235848.8,40161868.26842,0
1715241600000,0.5155,0.5194,0.5083,0.5166,301775946.3,1715270399999,155057225.19893,213571,152611309.4,78427217.54817,0
1715270400000,0.5167,0.5216,0.5132,0.5206,178699361.2,1715299199999,92600451.03261,137145,86004010.2,44569353.63181,0
