open_time,open,high,low,close,volume,close_time,quote_volume,count,taker_buy_volume,taker_buy_quote_volume,ignore
1715126400000,0.5242,0.5267,0.5169,0.5207,277185829.2,1715155199999,144657265.35138,198017,132479132.1,69138254.76955,0
1715155200000,0.5207,0.5295,0.5174,0.5273,286341577.0,1715183999999,149776427.74684,197615,144298683.6,75511044.92471,0
1715184000000,0.5274,0.5291,0.5149,0.5168,227856203.7,1715212799999,118794635.75640,172402,108176003.1,56413879.29722,0
