open_time,open,high,low,close,volume,close_time,quote_volume,count,taker_buy_volume,taker_buy_quote_volume,ignore
1714780800000,0.5313,0.5326,0.5268,0.5275,146175555.7,1714809599999,77383318.33684,107454,66917264.6,35428237.83445,0
1714809600000,0.5275,0.5408,0.5274,0.5358,248682917.4,1714838399999,133033420.88265,167428,125666353.2,67222350.57650,0
1714838400000,0.5359,0.5359,0.5284,0.5299,123012744.7,1714867199999,65482045.15003,111231,58191651.6,30977802.11248,0
