open_time,open,high,low,close,volume,close_time,quote_volume,count,taker_buy_volume,taker_buy_quote_volume,ignore
1714521600000,0.5003,0.5045,0.4841,0.4905,430550314.9,1714550399999,213276961.70171,289062,209590174.1,103842543.96156,0
1714550400000,0.4905,0.4994,0.4772,0.4988,470536323.2,1714579199999,230563261.08885,326025,235173714.1,115256127.82961,0
1714579200000,0.4988,0.5213,0.4978,0.5173,618957715.8,1714607999999,316755794.59230,409662,319287291.2,163378510.72924,0
