open_time,open,high,low,close,volume,close_time,quote_volume,count,taker_buy_volume,taker_buy_quote_volume,ignore
1714953600000,0.5293,0.5400,0.5280,0.5396,177170430.4,1714982399999,94464718.96259,138457,94006192.8,50139946.67289,0
1714982400000,0.5397,0.5594,0.5244,0.5592,606559460.3,1715011199999,325986843.69522,380731,301835224.6,162316141.33172,0
1715011200000,0.5592,0.5700,0.5384,0.5398,920277614.1,1715039999999,508080309.50315,551464,445985124.8,246286729.19573,0
