open_time,open,high,low,close,volume,close_time,quote_volume,count,taker_buy_volume,taker_buy_quote_volume,ignore
1714867200000,0.5299,0.5306,0.5236,0.5282,152679012.9,1714895999999,80526040.10379,117063,75221393.2,39677245.67200,0
1714896000000,0.5282,0.5323,0.5259,0.5314,140619808.7,1714924799999,74379142.87769,117237,72305156.7,38250601.35055,0
1714924800000,0.5315,0.5333,0.5272,0.5292,99408630.0,1714953599999,52686388.30229,93988,46737286.2,24776097.30403,0
