open_time,open,high,low,close,volume,close_time,quote_volume,count,taker_buy_volume,taker_buy_quote_volume,ignore
1714694400000,0.5177,0.5228,0.5156,0.5180,192730844.1,1714723199999,100136476.65654,151438,97319028.5,50558530.33477,0
1714723200000,0.5181,0.5275,0.5143,0.5265,348137683.3,1714751999999,181476926.43778,237174,183903475.4,95873252.99012,0
1714752000000,0.5264,0.5364,0.5248,0.5312,199930487.2,1714780799999,105987288.80873,155177,97448801.1,51655276.96939,0
