open_time,open,high,low,close,volume,close_time,quote_volume,count,taker_buy_volume,taker_buy_quote_volume,ignore
1714608000000,0.5174,0.5199,0.5065,0.5135,315922426.6,1714636799999,161965564.76795,226049,153853018.1,78861395.15664,0
1714636800000,0.5135,0.5223,0.5109,0.5199,294551417.1,1714665599999,152044255.60419,215358,151432851.8,78170398.16965,0
1714665600000,0.5199,0.5242,0.5175,0.5178,214010315.9,1714694399999,111433993.39257,156876,100962769.1,52564948.57607,0
