open_time,open,high,low,close,volume,close_time,quote_volume,count,taker_buy_volume,taker_buy_quote_volume,ignore
1715040000000,0.5398,0.5441,0.5308,0.5376,304243690.8,1715068799999,163633132.22928,232820,147036171.2,79100936.91429,0
1715068800000,0.5375,0.5433,0.5338,0.5397,376207888.6,1715097599999,202657292.79657,221371,187100148.2,100789909.55774,0
1715097600000,0.5398,0.5425,0.5213,0.5242,294521479.8,1715126399999,157134281.56394,201183,137470084.3,73366290.07537,0
