open_time,open,high,low,close,volume,close_time,quote_volume,count,taker_buy_volume,taker_buy_quote_volume,ignore
1711497600000,70044.20,70799.30,69690.10,69798.80,66974.922,1711526399999,4710353518.47786,998452,33564.855,2361098730.24474,0
1711526400000,69797.50,71888.00,68551.00,68922.00,241942.467,1711555199999,16959709976.23464,3055860,118600.869,8317314825.40199,0
1711555200000,68922.10,69703.70,68364.80,69532.60,98840.399,1711583999999,6818847026.94066,1424099,49432.636,3411218623.80720,0
