open_time,open,high,low,close,volume,close_time,quote_volume,count,taker_buy_volume,taker_buy_quote_volume,ignore
1711411200000,69920.60,71649.00,69782.20,70535.00,81039.457,1711439999999,5725598729.05589,1179667,41124.031,2906099232.29173,0
1711440000000,70535.00,71340.80,69320.00,70307.10,146118.863,1711468799999,10298194656.54785,2019924,72771.164,5129804661.88510,0
1711468800000,70307.00,70580.00,69420.00,70044.10,80702.796,1711497599999,5646092727.15082,1271388,39948.642,2795248700.12478,0
