open_time,open,high,low,close,volume,close_time,quote_volume,count,taker_buy_volume,taker_buy_quote_volume,ignore
1711756800000,69903.60,70388.00,69753.30,69900.10,35479.278,1711785599999,2484873322.33403,566180,17462.772,1223187646.95673,0
1711785600000,69900.20,70328.00,69872.30,70064.90,27512.119,1711814399999,1929237895.39260,424727,13382.869,938560344.73430,0
1711814400000,70065.00,70373.80,69577.20,69642.10,28135.353,1711843199999,1967067753.52130,478360,14015.987,980104321.69240,0
