open_time,open,high,low,close,volume,close_time,quote_volume,count,taker_buy_volume,taker_buy_quote_volume,ignore
1709596800000,68296.50,68824.70,65021.10,66223.80,204345.961,1709625599999,13780185778.37463,2578919,96871.543,6535216430.75233,0
1709625600000,66223.80,69350.00,65600.00,66841.30,268529.839,1709654399999,18127219899.45271,3129235,132304.979,8932251082.05399,0
1709654400000,66839.80,67096.50,59112.00,63747.40,580149.332,1709683199999,36878091503.45299,5879674,276948.649,17615898720.89240,0
