open_time,open,high,low,close,volume,close_time,quote_volume,count,taker_buy_volume,taker_buy_quote_volume,ignore
1710806400000,67660.00,68178.60,63625.00,64742.10,232743.508,1710835199999,15250019687.41844,3046711,111274.337,7292972384.77541,0
1710835200000,64742.10,64750.00,62412.10,64084.00,268856.179,1710863999999,17045994889.67439,3383166,135756.971,8608754210.17695,0
1710864000000,64084.10,65802.80,61582.80,61974.10,198867.108,1710892799999,12726399128.34489,2453963,94355.902,6042881288.69476,0
