open_time,open,high,low,close,volume,close_time,quote_volume,count,taker_buy_volume,taker_buy_quote_volume,ignore
1710720000000,68447.90,69044.40,66814.60,68262.90,91247.669,1710748799999,6206612315.01627,1475660,44932.969,3056409759.80310,0
1710748800000,68262.90,68685.30,66658.00,67509.20,138625.745,1710777599999,9386161101.19455,2101991,69022.431,4674093196.94089,0
1710777600000,67509.20,68140.00,66601.60,67660.00,88012.502,1710806399999,5933195906.89434,1351538,43562.656,2936980027.03832,0
