open_time,open,high,low,close,volume,close_time,quote_volume,count,taker_buy_volume,taker_buy_quote_volume,ignore
1711324800000,67260.90,67780.00,66427.60,66866.60,77620.799,1711353599999,5206796224.53982,1196095,38273.153,2567449759.06724,0
1711353600000,66866.50,70108.10,66784.20,69844.60,169898.323,1711382399999,11630188168.12334,2362545,88432.532,6054780180.14605,0
1711382400000,69844.50,71228.30,69505.80,69920.50,147637.069,1711411199999,10395110973.53578,2057714,73789.176,5196398636.83153,0
