open_time,open,high,low,close,volume,close_time,quote_volume,count,taker_buy_volume,taker_buy_quote_volume,ignore
1710115200000,69001.80,71537.70,67000.00,71223.80,184192.878,1710143999999,12802265270.16491,2367153,93412.076,6495247292.45859,0
1710144000000,71223.90,72772.50,71211.50,72061.40,196299.304,1710172799999,14116330183.92725,2763357,98112.077,7056443205.90059,0
1710172800000,72061.30,72890.00,71800.00,72153.80,93904.715,1710201599999,6799520864.39494,1294274,46632.656,3377094217.11234,0
