open_time,open,high,low,close,volume,close_time,quote_volume,count,taker_buy_volume,taker_buy_quote_volume,ignore
1711065600000,65539.90,66691.90,65163.00,66223.40,67881.454,1711094399999,4477342562.77446,1155136,33816.689,2230721491.05613,0
1711094400000,66223.30,66413.00,62614.50,63920.00,206467.689,1711123199999,13233344386.54342,2711104,97720.792,6263658045.68994,0
1711123200000,63920.00,64168.00,62294.00,63826.00,126800.190,1711151999999,8032111613.55990,1744673,61705.377,3910248932.56039,0
