open_time,open,high,low,close,volume,close_time,quote_volume,count,taker_buy_volume,taker_buy_quote_volume,ignore
1710547200000,69552.10,70097.60,68646.00,69490.20,61967.302,1710575999999,4297754967.37048,1033270,30446.377,2111846011.94483,0
1710576000000,69490.20,69490.20,67576.00,68431.80,91282.445,1710604799999,6236069688.69891,1327042,44362.453,3030604091.51142,0
1710604800000,68431.90,68477.00,64750.00,65351.00,180176.382,1710633599999,12007899082.01798,2368057,84002.305,5601465987.78669,0
