open_time,open,high,low,close,volume,close_time,quote_volume,count,taker_buy_volume,taker_buy_quote_volume,ignore
1709337600000,62430.60,62513.10,61820.00,62071.90,59225.792,1709366399999,3681745702.68097,907162,29543.712,1836791049.17591,0
1709366400000,62071.90,62248.20,61605.00,61834.50,63135.874,1709395199999,3910667845.44044,952069,30756.241,1905316335.68253,0
1709395200000,61834.50,62276.60,61700.00,62039.90,36921.963,1709423999999,2287659514.30038,586090,17857.101,1106477692.28814,0
