open_time,open,high,low,close,volume,close_time,quote_volume,count,taker_buy_volume,taker_buy_quote_volume,ignore
1710460800000,71455.60,72500.00,66660.10,68487.40,296082.349,1710489599999,20374836783.86748,3880935,140691.233,9682281301.32258,0
1710489600000,68487.40,68777.00,65580.00,68199.20,236203.594,1710518399999,15949740947.67712,3260487,114878.150,7760427353.60180,0
1710518400000,68199.20,70715.90,67420.00,69552.20,173524.742,1710547199999,11948011340.88743,2291077,87731.345,6043028556.57791,0
