open_time,open,high,low,close,volume,close_time,quote_volume,count,taker_buy_volume,taker_buy_quote_volume,ignore
1711843200000,69642.00,70555.60,69608.00,70366.50,36392.403,1711871999999,2552801019.56864,571454,19338.979,1356603659.16174,0
1711872000000,70367.50,70824.00,70200.00,70446.20,38419.815,1711900799999,2709643026.93740,564461,18207.672,1284309530.24980,0
1711900800000,70446.20,71495.50,70387.80,71363.00,57646.572,1711929599999,4093234916.24111,819374,31103.303,2208555362.96661,0
