open_time,open,high,low,close,volume,close_time,quote_volume,count,taker_buy_volume,taker_buy_quote_volume,ignore
1711238400000,64020.40,64770.30,63822.00,64624.60,53482.668,1711267199999,3437473873.16493,825039,28244.555,1815552563.31608,0
1711267200000,64624.60,65974.70,64511.90,65718.60,81014.311,1711295999999,5292968908.67755,1186841,41640.063,2720681154.02155,0
1711296000000,65718.60,67700.00,64635.00,67260.90,109682.456,1711324799999,7258108055.77746,1662556,57568.501,3811472728.37755,0
