open_time,open,high,low,close,volume,close_time,quote_volume,count,taker_buy_volume,taker_buy_quote_volume,ignore
1710374400000,73127.60,73881.40,72540.50,73280.70,81739.590,1710403199999,5987011273.52683,1268409,40310.706,2953102815.09295,0
1710403200000,73280.70,73598.00,70563.00,70904.50,179972.833,1710431999999,12972413720.51855,2510225,88432.647,6375245296.45182,0
1710432000000,70904.50,71785.00,68600.00,71455.50,252188.814,1710460799999,17757133425.93398,3307565,123897.768,8726819093.30114,0
