open_time,open,high,low,close,volume,close_time,quote_volume,count,taker_buy_volume,taker_buy_quote_volume,ignore
1709424000000,62039.90,62181.20,61339.50,61641.00,49982.944,1709452799999,3089490852.30421,750536,23130.770,1430105894.29753,0
1709452800000,61641.00,62720.00,61452.30,62210.70,79222.281,1709481599999,4922974388.29146,1141846,40364.670,2508181678.70483,0
1709481600000,62210.80,63330.90,62141.00,63178.50,71107.278,1709510399999,4468121020.88631,1084108,37193.986,2337162356.04671,0
