open_time,open,high,low,close,volume,close_time,quote_volume,count,taker_buy_volume,taker_buy_quote_volume,ignore
1710201600000,72153.90,72571.00,71300.00,72175.50,83674.749,1710230399999,6023122069.25225,1270876,40583.606,2921966709.75048,0
1710230400000,72175.60,73370.00,70777.70,71779.20,168704.789,1710259199999,12147349009.69243,2422302,83354.960,6003829045.30230,0
1710259200000,71779.20,71910.00,68600.00,71503.20,219692.793,1710287999999,15509490783.96512,2923771,107800.958,7612955148.73327,0
