open_time,open,high,low,close,volume,close_time,quote_volume,count,taker_buy_volume,taker_buy_quote_volume,ignore
1709942400000,68180.20,68608.70,67908.70,68336.30,32737.012,1709971199999,2234756335.49430,543340,16326.155,1114471246.42500,0
1709971200000,68336.30,68580.00,67996.00,68341.60,40504.004,1709999999999,2766664114.90460,589683,18414.940,1258086953.97570,0
1710000000000,68341.50,68497.80,68050.00,68360.10,21657.989,1710028799999,1479271875.41520,404591,10840.184,740442572.20870,0
