open_time,open,high,low,close,volume,close_time,quote_volume,count,taker_buy_volume,taker_buy_quote_volume,ignore
1709683200000,63747.50,66846.60,62829.30,66759.40,162703.010,1709711999999,10550930722.11034,1956786,83708.223,5430361101.35401,0
1709712000000,66759.30,67729.50,64615.50,66541.30,267903.212,1709740799999,17822403965.37044,3276031,130568.437,8687633865.09378,0
1709740800000,66541.30,67570.00,65750.60,66128.10,103405.591,1709769599999,6909374968.12930,1547263,50689.866,3387722197.67215,0
