open_time,open,high,low,close,volume,close_time,quote_volume,count,taker_buy_volume,taker_buy_quote_volume,ignore
1711152000000,63826.10,64887.60,63020.20,64606.50,83747.218,1711180799999,5359512241.04654,1147895,42256.567,2704904459.25149,0
1711180800000,64606.60,65473.80,64221.30,65147.50,80590.663,1711209599999,5220895693.62704,1082366,40158.201,2602345404.03204,0
1711209600000,65147.40,66050.00,63861.90,64020.30,74786.119,1711238399999,4874056507.12439,1025513,36486.238,2379353345.17813,0
