open_time,open,high,low,close,volume,close_time,quote_volume,count,taker_buy_volume,taker_buy_quote_volume,ignore
1709510400000,63178.50,64429.30,62299.00,64120.60,144279.283,1709539199999,9180245672.64122,1912792,73341.946,4667915536.99625,0
1709539200000,64120.60,66666.60,64078.20,66505.40,235114.234,1709567999999,15387287311.03089,2986129,118349.236,7745847643.98293,0
1709568000000,66505.40,68600.00,66100.00,68296.40,253488.627,1709596799999,17039459680.90117,3723565,124263.312,8355582464.12895,0
