open_time,open,high,low,close,volume,close_time,quote_volume,count,taker_buy_volume,taker_buy_quote_volume,ignore
1709856000000,66870.00,67719.30,66800.00,67308.50,51687.270,1709884799999,3472544953.75834,810536,26579.634,1785796943.86224,0
1709884800000,67308.50,70330.80,67093.00,67685.80,195754.764,1709913599999,13374932932.56499,2529984,99446.267,6798564667.11552,0
1709913600000,67685.80,69447.00,66120.00,68180.20,211945.173,1709942399999,14396562181.86821,2640172,105542.842,7171620179.25883,0
