open_time,open,high,low,close,volume,close_time,quote_volume,count,taker_buy_volume,taker_buy_quote_volume,ignore
1710633600000,65351.00,66630.70,64559.80,65681.20,124330.301,1710662399999,8173355551.73353,1643392,60634.525,3986507739.12527,0
1710662400000,65681.10,68199.00,65333.00,68009.80,124591.122,1710691199999,8345363955.66682,1738040,63452.837,4250947002.17128,0
1710691200000,68009.90,68972.40,67812.20,68447.90,65968.886,1710719999999,4509616596.49300,1059770,33659.569,2301461239.89441,0
