open_time,open,high,low,close,volume,close_time,quote_volume,count,taker_buy_volume,taker_buy_quote_volume,ignore
1709251200000,61203.30,61856.70,60844.80,61485.80,65400.384,1709279999999,4015236731.30972,1083714,32468.485,1993474164.89541,0
1709280000000,61485.90,62750.00,61200.00,61335.30,120336.993,1709308799999,7468014863.72846,1693617,59150.218,3671210910.61755,0
1709308800000,61335.40,63199.00,61312.10,62430.60,113494.450,1709337599999,7072089933.16155,1465231,57573.344,3587240454.90812,0
