open_time,open,high,low,close,volume,close_time,quote_volume,count,taker_buy_volume,taker_buy_quote_volume,ignore
1710892800000,61974.10,63544.10,60800.00,62995.10,212407.526,1710921599999,13211346778.28288,2664800,105543.530,6568385397.04416,0
1710921600000,62995.10,64450.00,62676.60,63649.00,164252.813,1710950399999,10442085214.92133,2141519,83768.231,5325220469.88131,0
1710950400000,63648.90,68140.00,62057.70,67876.40,260702.126,1710979199999,17037686773.68964,3274970,133433.662,8725840321.07844,0
