open_time,open,high,low,close,volume,close_time,quote_volume,count,taker_buy_volume,taker_buy_quote_volume,ignore
1711584000000,69532.60,70564.00,68941.00,70456.80,69350.253,1711612799999,4841455316.78291,1058902,35271.605,2463125956.93121,0
1711612800000,70457.00,71636.20,70344.90,71335.10,121311.426,1711641599999,8606937977.00939,1781933,61206.688,4343337829.35995,0
1711641600000,71335.20,71381.40,70455.60,70838.70,51537.546,1711670399999,3650315847.59726,850958,25313.118,1792955680.29580,0
