open_time,open,high,low,close,volume,close_time,quote_volume,count,taker_buy_volume,taker_buy_quote_volume,ignore
1710979200000,67876.40,68293.90,66129.00,67031.80,107942.615,1711007999999,7253778201.91364,1672878,53982.046,3627813798.57032,0
1711008000000,67031.80,67774.30,66105.80,66601.60,113347.813,1711036799999,7597762113.58814,1756872,56387.362,3780732974.58784,0
1711036800000,66601.60,67066.60,64550.10,65539.90,125927.957,1711065599999,8262747118.47124,1884548,60332.058,3959891735.19933,0
