open_time,open,high,low,close,volume,close_time,quote_volume,count,taker_buy_volume,taker_buy_quote_volume,ignore
1710028800000,68360.20,69780.00,68262.50,69430.00,74570.376,1710057599999,5155728214.56313,1092314,38223.013,2642564945.52785,0
1710057600000,69429.90,69999.80,68672.90,69254.70,97097.510,1710086399999,6753124654.48876,1377375,47829.218,3327016332.12402,0
1710086400000,69254.60,69845.90,68155.00,69001.80,61928.637,1710115199999,4276540972.62134,906031,30109.175,2079982067.23647,0
