open_time,open,high,low,close,volume,close_time,quote_volume,count,taker_buy_volume,taker_buy_quote_volume,ignore
1711670400000,70838.80,70976.90,69801.90,69855.60,49374.732,1711699199999,3475821171.39599,804588,23540.345,1657253272.21860,0
1711699200000,69855.60,70704.80,69000.00,69240.10,97067.597,1711727999999,6789484111.11466,1401973,45766.545,3202426668.37104,0
1711728000000,69240.40,69970.10,69125.40,69903.60,41528.512,1711756799999,2888237109.98042,692225,21005.719,1461046837.80652,0
