open_time,open,high,low,close,volume,close_time,quote_volume,count,taker_buy_volume,taker_buy_quote_volume,ignore
1709769600000,66128.00,66539.00,65609.30,66447.80,70564.174,1709798399999,4663397864.28126,1122073,36102.683,2386303341.79083,0
1709798400000,66447.80,67994.00,66404.20,67317.10,132351.003,1709827199999,8876470966.41370,1940990,66461.038,4458148273.01416,0
1709827200000,67317.20,68101.30,66852.10,66870.00,93177.611,1709855999999,6291604759.46364,1342464,45091.029,3045337030.96426,0
