open_time,open,high,low,close,volume,close_time,quote_volume,count,taker_buy_volume,taker_buy_quote_volume,ignore
1710288000000,71503.30,73311.70,71388.10,72964.00,79286.943,1710316799999,5742743858.26736,1224207,41772.797,3025918284.62996,0
1710316800000,72964.10,73755.00,71671.10,72670.20,147532.784,1710345599999,10753211603.92571,2181406,72901.520,5314644267.70261,0
1710345600000,72670.20,73485.10,72410.60,73127.60,61626.611,1710374399999,4500725069.79294,1008161,30092.896,2197930574.07964,0
