open_time,open,high,low,close,volume,close_time,quote_volume,count,taker_buy_volume,taker_buy_quote_volume,ignore
1713830400000,5.9302000,6.0700000,5.4114000,5.7098000,33528279.8,1713916799999,190551637.54961000,975180,15608029.8,88738805.65953000,0
