open_time,open,high,low,close,volume,close_time,quote_volume,count,taker_buy_volume,taker_buy_quote_volume,ignore
1713484800000,6.5165000,7.2755000,5.9560000,6.0613000,104395489.5,1713571199999,689822402.24335000,2686495,51075675.9,337815748.82232000,0
