open_time,open,high,low,close,volume,close_time,quote_volume,count,taker_buy_volume,taker_buy_quote_volume,ignore
1712534400000,5.3584000,6.5249000,5.3300000,6.3470000,32847611.7,1712620799999,197733130.34114000,857254,16322233.2,98230073.05745000,0
