open_time,open,high,low,close,volume,close_time,quote_volume,count,taker_buy_volume,taker_buy_quote_volume,ignore
1712966400000,6.6198000,6.9650000,5.0000000,5.9577000,71245409.1,1713052799999,446083113.99205000,2169046,34433866.6,216375486.61314000,0
