open_time,open,high,low,close,volume,close_time,quote_volume,count,taker_buy_volume,taker_buy_quote_volume,ignore
1714176000000,5.3261000,5.4527000,5.1298000,5.3999000,12882746.0,1714262399999,68188951.91303000,408255,6313602.6,33429417.03380000,0
