open_time,open,high,low,close,volume,close_time,quote_volume,count,taker_buy_volume,taker_buy_quote_volume,ignore
1714003200000,5.5525000,5.6388000,5.1285000,5.3967000,20676574.2,1714089599999,111181235.19348000,639687,9850011.1,52964533.99045000,0
