open_time,open,high,low,close,volume,close_time,quote_volume,count,taker_buy_volume,taker_buy_quote_volume,ignore
1712793600000,6.7761000,7.6750000,6.6920000,7.2565000,45435912.6,1712879999999,333002645.96676000,1449537,22452558.3,164566894.75171000,0
