open_time,open,high,low,close,volume,close_time,quote_volume,count,taker_buy_volume,taker_buy_quote_volume,ignore
1712620800000,6.3469000,7.1298000,6.2892000,6.7231000,74885901.0,1712707199999,505677941.34641000,1869398,37543535.2,253633279.66308000,0
