open_time,open,high,low,close,volume,close_time,quote_volume,count,taker_buy_volume,taker_buy_quote_volume,ignore
1712707200000,6.7240000,6.9733000,6.3606000,6.7754000,39688512.7,1712793599999,266726852.32933000,1298181,19674438.3,132309039.34966000,0
