open_time,open,high,low,close,volume,close_time,quote_volume,count,taker_buy_volume,taker_buy_quote_volume,ignore
1712361600000,5.3261000,5.5653000,5.2891000,5.4907000,10427086.9,1712447999999,56674620.51484000,317189,5065735.1,27533615.03596000,0
