open_time,open,high,low,close,volume,close_time,quote_volume,count,taker_buy_volume,taker_buy_quote_volume,ignore
1713657600000,6.2110000,6.3025000,5.9625000,6.1334000,18773145.5,1713743999999,115732806.57725000,709323,8772764.4,54105472.47856000,0
