open_time,open,high,low,close,volume,close_time,quote_volume,count,taker_buy_volume,taker_buy_quote_volume,ignore
1712880000000,7.2564000,7.4900000,4.9354000,6.6201000,54974416.7,1712966399999,364097627.24302000,1506120,26300572.6,174657082.14136000,0
