open_time,open,high,low,close,volume,close_time,quote_volume,count,taker_buy_volume,taker_buy_quote_volume,ignore
1713571200000,6.0612000,6.3621000,5.9049000,6.2110000,27069461.1,1713657599999,166521269.07251000,1038986,12962820.4,79769028.66485000,0
