open_time,open,high,low,close,volume,close_time,quote_volume,count,taker_buy_volume,taker_buy_quote_volume,ignore
1713398400000,6.0830000,6.6087000,5.8062000,6.5165000,28917659.2,1713484799999,178886488.53303000,835847,14194551.3,87871643.09397000,0
