open_time,open,high,low,close,volume,close_time,quote_volume,count,taker_buy_volume,taker_buy_quote_volume,ignore
1713052800000,5.9578000,6.7990000,5.7116000,6.7792000,41657037.4,1713139199999,264090567.97647000,1444089,20943102.8,132798498.94327000,0
