open_time,open,high,low,close,volume,close_time,quote_volume,count,taker_buy_volume,taker_buy_quote_volume,ignore
1714348800000,5.4214000,5.4918000,5.1750000,5.3138000,9991974.5,1714435199999,52807363.13148000,309339,4843975.2,25602492.62815000,0
