open_time,open,high,low,close,volume,close_time,quote_volume,count,taker_buy_volume,taker_buy_quote_volume,ignore
1714089600000,5.3971000,5.4711000,5.2651000,5.3258000,11672392.2,1714175999999,62721701.52595000,426043,5815201.4,31250779.37958000,0
