open_time,open,high,low,close,volume,close_time,quote_volume,count,taker_buy_volume,taker_buy_quote_volume,ignore
1712275200000,5.0979000,5.5115000,5.0459000,5.3252000,18438554.2,1712361599999,97907841.39897000,572019,8930494.6,47436783.86576000,0
