open_time,open,high,low,close,volume,close_time,quote_volume,count,taker_buy_volume,taker_buy_quote_volume,ignore
1713225600000,6.5667000,6.6949000,5.9116000,6.3403000,31603210.2,1713311999999,196927202.20976000,1053478,15498101.2,96619788.54110000,0
