open_time,open,high,low,close,volume,close_time,quote_volume,count,taker_buy_volume,taker_buy_quote_volume,ignore
1713312000000,6.3411000,6.6920000,6.0122000,6.0836000,27632800.2,1713398399999,173277015.91352000,870472,13400350.4,84052739.07502000,0
