open_time,open,high,low,close,volume,close_time,quote_volume,count,taker_buy_volume,taker_buy_quote_volume,ignore
1712016000000,5.3526000,5.3886000,4.8518000,4.8562000,15106061.6,1712102399999,76300888.60123000,431916,6933929.0,35041608.03799000,0
