open_time,open,high,low,close,volume,close_time,quote_volume,count,taker_buy_volume,taker_buy_quote_volume,ignore
1712448000000,5.4907000,5.5054000,5.3303000,5.3584000,5483486.6,1712534399999,29630114.15912000,193402,2606836.0,14089041.79470000,0
