open_time,open,high,low,close,volume,close_time,quote_volume,count,taker_buy_volume,taker_buy_quote_volume,ignore
1711929600000,5.4279000,5.5479000,5.0000000,5.3517000,18711844.7,1712015999999,99817907.60909000,556302,8880646.1,47409796.83450000,0
