open_time,open,high,low,close,volume,close_time,quote_volume,count,taker_buy_volume,taker_buy_quote_volume,ignore
1709294400000,2.9950000,2.9950000,2.6687000,2.6765000,5030344.9,1709308799999,13800675.54178000,50786,2366480.5,6497978.31513000,0
1709308800000,2.6765000,2.7846000,2.6650000,2.7468000,2499544.5,1709323199999,6806808.40144000,34736,1185948.8,3230764.39976000,0
1709323200000,2.7470000,2.7788000,2.7009000,2.7120000,1369253.8,1709337599999,3742745.20288000,23260,619158.4,1693003.84913000,0
