open_time,open,high,low,close,volume,close_time,quote_volume,count,taker_buy_volume,taker_buy_quote_volume,ignore
1711670400000,4.9035000,4.9620000,4.8518000,4.8708000,1092805.6,1711684799999,5355556.11337000,35446,510869.8,2503957.44220000,0
1711684800000,4.8706000,4.9302000,4.7690000,4.7956000,1525042.9,1711699199999,7398839.91772000,33987,591372.9,2874994.21383000,0
1711699200000,4.7956000,4.9846000,4.7940000,4.9271000,2348047.8,1711713599999,11508099.21566000,56216,1139379.0,5587991.25139000,0
1711713600000,4.9267000,5.1724000,4.8900000,5.0151000,3832423.2,1711727999999,19371449.30616000,103504,1795524.6,9077861.50314000,0
1711728000000,5.0146000,5.1663000,5.0033000,5.1414000,1846617.0,1711742399999,9369146.57066000,49854,963960.1,4892691.64111000,0
1711742400000,5.1422000,5.1528000,5.0130000,5.0262000,1500894.7,1711756799999,7661576.83765000,41448,714194.0,3647915.02465000,0
