open_time,open,high,low,close,volume,close_time,quote_volume,count,taker_buy_volume,taker_buy_quote_volume,ignore
1711756800000,5.0259000,5.0721000,4.9769000,5.0519000,1059933.7,1711771199999,5334018.83388000,32355,469323.3,2363632.72872000,0
1711771200000,5.0522000,5.1215000,4.9900000,5.0580000,1354933.3,1711785599999,6852477.80263000,41730,598502.4,3028623.25811000,0
1711785600000,5.0570000,5.3579000,5.0385000,5.3268000,5174211.0,1711799999999,27047779.82809000,118246,2650845.5,13859979.34006000,0
1711800000000,5.3259000,5.3544000,5.2122000,5.3112000,3667146.3,1711814399999,19398549.87708000,89295,1681586.9,8897705.69859000,0
1711814400000,5.3125000,5.3741000,5.2569000,5.3076000,2015300.2,1711828799999,10693395.72020000,55364,973982.5,5170811.48427000,0
1711828800000,5.3074000,5.3155000,5.2212000,5.2687000,1238407.6,1711843199999,6527359.82808000,41052,598631.7,3156215.10473000,0
