open_time,open,high,low,close,volume,close_time,quote_volume,count,taker_buy_volume,taker_buy_quote_volume,ignore
1709942400000,2.8358000,2.8863000,2.7765000,2.8146000,1166701.9,1709956799999,3298130.27068000,27758,557325.0,1579463.56182000,0
1709956800000,2.8146000,2.8850000,2.8087000,2.8642000,498610.4,1709971199999,1418857.68207000,14804,207289.8,589584.98858000,0
1709971200000,2.8644000,2.9125000,2.8191000,2.8793000,975986.2,1709985599999,2802538.16353000,26232,487244.4,1401484.37681000,0
1709985600000,2.8799000,2.9200000,2.8521000,2.8796000,988629.2,1709999999999,2851522.77750000,27126,413419.5,1193233.83986000,0
1710000000000,2.8796000,2.8848000,2.8256000,2.8389000,630257.2,1710014399999,1793014.37539000,20460,233725.2,665178.76823000,0
1710014400000,2.8380000,2.8813000,2.8336000,2.8813000,318004.5,1710028799999,910506.41221000,10565,209298.1,599362.57380000,0
