open_time,open,high,low,close,volume,close_time,quote_volume,count,taker_buy_volume,taker_buy_quote_volume,ignore
1709769600000,2.6846000,2.7379000,2.6846000,2.7217000,744307.1,1709783999999,2023350.76303000,20277,406096.8,1104140.53126000,0
1709784000000,2.7222000,2.7454000,2.6749000,2.6861000,808134.5,1709798399999,2190938.95466000,19299,383006.1,1038455.80052000,0
1709798400000,2.6861000,2.7097000,2.6586000,2.7020000,1062423.1,1709812799999,2855654.83178000,18951,559022.7,1501579.16403000,0
1709812800000,2.7017000,2.7373000,2.6783000,2.7166000,877530.4,1709827199999,2376151.74966000,19769,424464.4,1149747.09741000,0
1709827200000,2.7164000,2.7510000,2.6964000,2.7495000,639956.7,1709841599999,1743610.30316000,15147,280613.0,765187.90955000,0
1709841600000,2.7496000,2.7687000,2.7304000,2.7557000,387036.7,1709855999999,1065586.86878000,12005,206191.9,567943.67652000,0
