open_time,open,high,low,close,volume,close_time,quote_volume,count,taker_buy_volume,taker_buy_quote_volume,ignore
1709510400000,2.6767000,2.7125000,2.6443000,2.6732000,784010.6,1709524799999,2095966.76185000,21970,347145.2,928475.50921000,0
1709524800000,2.6747000,2.7200000,2.6558000,2.7065000,592050.4,1709539199999,1590057.88308000,20296,262107.5,704516.08786000,0
1709539200000,2.7064000,2.7500000,2.6700000,2.7234000,1464327.4,1709553599999,3969418.52200000,32946,650033.8,1763804.93664000,0
1709553600000,2.7235000,2.7876000,2.6646000,2.7520000,1714732.7,1709567999999,4683939.76716000,30907,773599.9,2114859.05994000,0
1709568000000,2.7527000,2.7589000,2.6694000,2.7222000,1501543.4,1709582399999,4080618.21770000,29169,679738.4,1847081.18516000,0
1709582400000,2.7214000,2.7617000,2.7110000,2.7328000,696678.8,1709596799999,1909126.54541000,19710,322793.6,884831.70632000,0
