open_time,open,high,low,close,volume,close_time,quote_volume,count,taker_buy_volume,taker_buy_quote_volume,ignore
1710460800000,4.0408000,4.0968000,3.6342000,3.8088000,3504112.5,1710475199999,13549688.95394000,79734,1598476.0,6179317.84727000,0
1710475200000,3.8095000,3.9233000,3.7284000,3.9023000,2317463.7,1710489599999,8882607.68252000,65530,1148941.8,4406637.11067000,0
1710489600000,3.9017000,3.9369000,3.5182000,3.7509000,4830295.9,1710503999999,17754563.59576000,96647,2169832.6,7977526.70896000,0
1710504000000,3.7504000,3.9441000,3.7291000,3.8598000,2396966.2,1710518399999,9205560.34694000,77508,1193183.5,4582330.70152000,0
1710518400000,3.8609000,4.1670000,3.7903000,3.9498000,3686372.4,1710532799999,14646958.53334000,93212,1773602.8,7041621.94119000,0
1710532800000,3.9501000,3.9556000,3.8366000,3.8902000,2250660.3,1710547199999,8780570.97938000,62082,1002726.6,3914058.83438000,0
