open_time,open,high,low,close,volume,close_time,quote_volume,count,taker_buy_volume,taker_buy_quote_volume,ignore
1711324800000,4.9841000,5.4200000,4.9307000,5.3454000,4028453.6,1711339199999,20748541.64978000,107767,2066506.7,10646183.54820000,0
1711339200000,5.3430000,5.5675000,5.2221000,5.3223000,9127864.9,1711353599999,49354289.13749000,198274,4340345.4,23469387.06811000,0
1711353600000,5.3227000,5.4573000,5.2733000,5.4175000,3709232.9,1711367999999,19902003.56531000,101947,1836572.2,9853520.78368000,0
1711368000000,5.4180000,5.6938000,5.3249000,5.4701000,8704321.3,1711382399999,48397814.28492000,201563,4083728.4,22705165.13586000,0
1711382400000,5.4723000,5.6026000,5.4341000,5.4636000,3298662.3,1711396799999,18190982.03711000,92826,1626455.1,8972215.85359000,0
1711396800000,5.4630000,5.4712000,5.3466000,5.3535000,2345288.3,1711411199999,12648106.45674000,70325,1105569.9,5964264.25227000,0
