open_time,open,high,low,close,volume,close_time,quote_volume,count,taker_buy_volume,taker_buy_quote_volume,ignore
1710288000000,4.0697000,4.4586000,4.0141000,4.4380000,11736857.4,1710302399999,50213692.42659000,273646,5956661.3,25492239.33751000,0
1710302400000,4.4375000,4.5406000,4.2300000,4.4112000,8344238.6,1710316799999,36564598.34331000,197913,4061958.7,17809081.77180000,0
1710316800000,4.4076000,4.4400000,4.2400000,4.3688000,6634136.7,1710331199999,28729009.75964000,152308,3297507.6,14281362.66240000,0
1710331200000,4.3696000,4.5961000,4.2615000,4.5930000,11430555.0,1710345599999,50407097.44567000,237290,5742026.3,25342061.76945000,0
1710345600000,4.5932000,4.6265000,4.3567000,4.3731000,5509457.3,1710359999999,24585060.04595000,133856,2699682.5,12046826.92043000,0
1710360000000,4.3730000,4.4353000,4.2743000,4.3177000,2399803.3,1710374399999,10423785.10578000,66761,1135462.8,4935725.44550000,0
