open_time,open,high,low,close,volume,close_time,quote_volume,count,taker_buy_volume,taker_buy_quote_volume,ignore
1711238400000,4.8234000,5.0373000,4.8044000,5.0246000,3625498.0,1711252799999,17892021.83653000,124067,1877151.8,9265622.89122000,0
1711252800000,5.0236000,5.1581000,4.9112000,4.9820000,5502474.3,1711267199999,27617805.27463000,175841,2582411.2,12972206.79891000,0
1711267200000,4.9812000,4.9855000,4.8277000,4.8950000,2936810.1,1711281599999,14414334.39714000,99138,1408550.0,6913497.88312000,0
1711281600000,4.8950000,4.9994000,4.8546000,4.9432000,3649697.5,1711295999999,18015938.01618000,106919,1714542.5,8466718.91036000,0
1711296000000,4.9428000,5.0089000,4.8700000,4.9133000,2307336.8,1711310399999,11380693.06190000,73183,1082301.9,5340115.37677000,0
1711310400000,4.9120000,5.0293000,4.9081000,4.9841000,1591557.3,1711324799999,7930881.04291000,53908,770375.0,3840033.54545000,0
