open_time,open,high,low,close,volume,close_time,quote_volume,count,taker_buy_volume,taker_buy_quote_volume,ignore
1711497600000,5.0601000,5.0909000,4.8811000,4.9071000,2997638.1,1711511999999,14924522.09865000,70643,1317187.6,6563276.02180000,0
1711512000000,4.9077000,4.9783000,4.8506000,4.9430000,2897405.1,1711526399999,14227657.12050000,67989,1438769.3,7069320.12354000,0
1711526400000,4.9449000,5.0096000,4.8100000,4.9985000,3269526.1,1711540799999,16064658.92827000,77940,1558021.2,7665861.07054000,0
1711540800000,4.9985000,5.2854000,4.8157000,4.9446000,8030423.4,1711555199999,40305055.98284000,164890,3819088.2,19204234.00958000,0
1711555200000,4.9444000,5.0730000,4.9200000,4.9931000,2046706.7,1711569599999,10231532.35090000,62561,961873.6,4811140.24586000,0
1711569600000,4.9932000,5.0279000,4.9312000,4.9735000,1041505.4,1711583999999,5184935.08355000,30611,531857.1,2649212.88459000,0
