open_time,open,high,low,close,volume,close_time,quote_volume,count,taker_buy_volume,taker_buy_quote_volume,ignore
1709683200000,2.5952000,2.6487000,2.5589000,2.5911000,1005100.2,1709697599999,2608542.24735000,19075,466087.5,1211008.41327000,0
1709697600000,2.5929000,2.7018000,2.5864000,2.6976000,781519.7,1709711999999,2079594.25944000,17623,351801.5,936770.51582000,0
1709712000000,2.6991000,2.7143000,2.6418000,2.7018000,688562.4,1709726399999,1846239.84718000,19327,314370.5,843086.48029000,0
1709726400000,2.7008000,2.8303000,2.6190000,2.7015000,4554464.2,1709740799999,12388009.82016000,62364,2187912.5,5959977.66251000,0
1709740800000,2.7011000,2.7208000,2.6585000,2.6926000,855241.8,1709755199999,2306866.14256000,21203,393115.0,1060823.20737000,0
1709755200000,2.6947000,2.7180000,2.6754000,2.6841000,655098.5,1709769599999,1766328.63973000,16092,357541.6,964366.69747000,0
