open_time,open,high,low,close,volume,close_time,quote_volume,count,taker_buy_volume,taker_buy_quote_volume,ignore
1709424000000,2.7188000,2.7275000,2.6824000,2.6960000,706795.4,1709438399999,1909730.63986000,13110,326796.1,883286.91054000,0
1709438400000,2.6941000,2.7454000,2.5000000,2.6046000,2423622.9,1709452799999,6387699.25016000,38008,989607.2,2613627.62511000,0
1709452800000,2.6040000,2.6754000,2.5863000,2.6499000,1101205.1,1709467199999,2905793.59816000,26123,560987.5,1481069.97609000,0
1709467200000,2.6497000,2.6742000,2.6122000,2.6496000,1047983.0,1709481599999,2776042.38197000,26284,591433.0,1567476.45297000,0
1709481600000,2.6505000,2.6842000,2.6378000,2.6628000,794110.8,1709495999999,2112327.41442000,21375,375503.8,999409.53592000,0
1709496000000,2.6650000,2.6932000,2.6637000,2.6767000,470322.3,1709510399999,1260092.44924000,14469,227960.9,610804.92719000,0
