open_time,open,high,low,close,volume,close_time,quote_volume,count,taker_buy_volume,taker_buy_quote_volume,ignore
1711152000000,4.4498000,4.6915000,4.3859000,4.6061000,9123214.5,1711166399999,41528869.77261000,212513,4501455.5,20502558.76119000,0
1711166400000,4.6058000,4.9763000,4.5717000,4.9461000,11333576.6,1711180799999,54398528.10230000,228123,5742082.9,27585216.42152000,0
1711180800000,4.9454000,5.1839000,4.7400000,4.7642000,18231279.4,1711195199999,90658113.72047000,347540,8721475.0,43395754.57455000,0
1711195200000,4.7644000,5.0620000,4.7381000,4.9897000,8782825.8,1711209599999,43217909.96655000,201224,4276067.2,21044310.82776000,0
1711209600000,4.9898000,5.3000000,4.9444000,4.9991000,10019543.6,1711223999999,51366588.50970000,262046,5019335.4,25740172.03322000,0
1711224000000,4.9979000,5.0017000,4.8126000,4.8234000,3184787.6,1711238399999,15647127.26384000,99296,1428498.6,7023822.48935000,0
