open_time,open,high,low,close,volume,close_time,quote_volume,count,taker_buy_volume,taker_buy_quote_volume,ignore
1710979200000,4.2337000,4.3682000,4.1880000,4.2347000,2440558.0,1710993599999,10408013.77526000,101121,1239685.8,5288832.06644000,0
1710993600000,4.2352000,4.2988000,4.1251000,4.1552000,2529141.6,1711007999999,10629192.75590000,96098,1295510.3,5448114.74583000,0
1711008000000,4.1549000,4.1868000,4.0815000,4.1321000,1628077.5,1711022399999,6729130.96371000,59914,793354.5,3279227.97193000,0
1711022400000,4.1325000,4.2210000,4.0812000,4.1446000,1931751.1,1711036799999,8025810.96990000,69294,968706.3,4027804.72999000,0
1711036800000,4.1441000,4.1624000,4.0461000,4.0799000,1471542.4,1711051199999,6030263.14777000,65135,649188.9,2661884.00843000,0
1711051200000,4.0793000,4.1238000,4.0398000,4.0655000,1094462.8,1711065599999,4465202.08021000,39706,561635.3,2292767.43670000,0
