open_time,open,high,low,close,volume,close_time,quote_volume,count,taker_buy_volume,taker_buy_quote_volume,ignore
1710633600000,3.5280000,3.5900000,3.4538000,3.5629000,998922.3,1710647999999,3525768.01542000,30367,486500.2,1718764.74067000,0
1710648000000,3.5629000,3.5650000,3.3213000,3.4399000,1610143.3,1710662399999,5520109.06994000,42549,728119.1,2499029.73549000,0
1710662400000,3.4406000,3.6805000,3.4347000,3.6198000,2028032.6,1710676799999,7271052.75603000,48562,1036749.8,3717965.20155000,0
1710676800000,3.6201000,3.9295000,3.5576000,3.8736000,3446731.7,1710691199999,13018844.60873000,73406,1803317.2,6820943.85070000,0
1710691200000,3.8739000,4.0759000,3.8381000,3.9142000,4474893.7,1710705599999,17676745.28340000,96540,2197527.5,8684265.20264000,0
1710705600000,3.9115000,3.9285000,3.8229000,3.8647000,1252254.5,1710719999999,4854785.55847000,33867,538861.6,2090584.15256000,0
