open_time,open,high,low,close,volume,close_time,quote_volume,count,taker_buy_volume,taker_buy_quote_volume,ignore
1711411200000,5.3532000,5.4276000,5.3336000,5.3487000,1540331.9,1711425599999,8268882.84041000,47509,707735.2,3800848.66799000,0
1711425600000,5.3464000,5.4364000,5.2758000,5.3266000,3065295.3,1711439999999,16415410.22438000,85101,1393775.2,7467849.83724000,0
1711440000000,5.3266000,5.3705000,5.1978000,5.2263000,3290692.6,1711454399999,17368116.64218000,92867,1462620.2,7725095.06350000,0
1711454400000,5.2274000,5.2500000,5.0324000,5.1350000,5507850.7,1711468799999,28269217.53751000,131761,2533774.1,13012704.19457000,0
1711468800000,5.1351000,5.1645000,4.9949000,5.0066000,3109711.2,1711483199999,15758301.15713000,77263,1552788.9,7874956.18303000,0
1711483200000,5.0066000,5.0840000,4.9989000,5.0601000,1420629.1,1711497599999,7158360.00920000,44697,730262.5,3680449.52050000,0
