open_time,open,high,low,close,volume,close_time,quote_volume,count,taker_buy_volume,taker_buy_quote_volume,ignore
1711584000000,4.9721000,5.0158000,4.8001000,4.8407000,1782327.2,1711598399999,8698375.48982000,46971,754727.9,3685419.07642000,0
1711598400000,4.8413000,4.9507000,4.8205000,4.9461000,1242876.5,1711612799999,6053755.48542000,36598,663496.4,3232976.62028000,0
1711612800000,4.9483000,4.9879000,4.8900000,4.9507000,1598861.5,1711627199999,7884681.58527000,45140,742813.0,3664057.61938000,0
1711627200000,4.9536000,5.1405000,4.9355000,5.0457000,3920399.1,1711641599999,19805328.99729000,97233,1898042.2,9588173.96081000,0
1711641600000,5.0458000,5.0664000,4.8860000,4.9056000,2347370.0,1711655999999,11667505.07292000,49219,1056068.0,5250850.26866000,0
1711656000000,4.9053000,4.9431000,4.8600000,4.9022000,1292334.3,1711670399999,6333152.75429000,31955,615975.8,3020241.14446000,0
