open_time,open,high,low,close,volume,close_time,quote_volume,count,taker_buy_volume,taker_buy_quote_volume,ignore
1709596800000,2.7333000,2.7550000,2.6988000,2.7462000,741958.0,1709611199999,2022831.39654000,20674,347041.3,946747.60536000,0
1709611200000,2.7468000,2.7629000,2.6538000,2.6977000,1391871.4,1709625599999,3775153.39149000,31765,656375.7,1780993.39781000,0
1709625600000,2.6977000,2.7489000,2.6794000,2.7041000,846138.2,1709639999999,2301527.53119000,19318,420965.1,1145378.48499000,0
1709640000000,2.7041000,2.7358000,2.6300000,2.6888000,1546264.2,1709654399999,4165465.80446000,35076,727360.6,1960407.45111000,0
1709654400000,2.6905000,2.7027000,2.1612000,2.4276000,3242167.6,1709668799999,8238486.60270000,46557,1397374.5,3573361.76063000,0
1709668800000,2.4276000,2.5984000,2.4173000,2.5951000,1773920.8,1709683199999,4458198.00464000,39941,890933.3,2239800.59904000,0
