open_time,open,high,low,close,volume,close_time,quote_volume,count,taker_buy_volume,taker_buy_quote_volume,ignore
1709856000000,2.7556000,2.7635000,2.7162000,2.7342000,320971.8,1709870399999,878005.38221000,10533,106555.6,291527.42503000,0
1709870400000,2.7343000,2.8042000,2.7243000,2.7722000,965459.8,1709884799999,2677039.50512000,21361,432702.1,1200070.14803000,0
1709884800000,2.7719000,2.8120000,2.7407000,2.7456000,1017759.5,1709899199999,2816286.47988000,19283,443253.5,1227840.18940000,0
1709899200000,2.7473000,2.8100000,2.6983000,2.7236000,1187863.3,1709913599999,3276595.87356000,23413,499903.7,1378937.55454000,0
1709913600000,2.7233000,2.8014000,2.6806000,2.7995000,984271.9,1709927999999,2702894.82901000,24759,454599.6,1250075.67533000,0
1709928000000,2.8002000,2.8499000,2.7827000,2.8370000,657595.2,1709942399999,1853503.84991000,23155,353974.4,998180.48305000,0
