open_time,open,high,low,close,volume,close_time,quote_volume,count,taker_buy_volume,taker_buy_quote_volume,ignore
1710115200000,2.8214000,2.8275000,2.7227000,2.7827000,896463.0,1710129599999,2473750.53558000,20713,350514.4,966314.12398000,0
1710129600000,2.7827000,2.8545000,2.7797000,2.8473000,702213.5,1710143999999,1976356.40331000,18579,285685.5,804771.28563000,0
1710144000000,2.8458000,2.9072000,2.8385000,2.8729000,827634.7,1710158399999,2377949.88660000,22875,381312.4,1096111.77910000,0
1710158400000,2.8726000,3.2572000,2.8695000,3.0527000,17048524.5,1710172799999,52795501.76051000,219580,8498072.8,26309664.57234000,0
1710172800000,3.0530000,3.3582000,3.0431000,3.2282000,6076980.4,1710187199999,19542006.70822000,124881,2908690.2,9355026.49058000,0
1710187200000,3.2281000,3.3553000,3.2056000,3.2925000,3842008.2,1710201599999,12654484.84530000,82703,1734760.4,5713734.22152000,0
