open_time,open,high,low,close,volume,close_time,quote_volume,count,taker_buy_volume,taker_buy_quote_volume,ignore
1710720000000,3.8655000,4.0572000,3.7330000,3.9576000,2389753.6,1710734399999,9312561.82307000,67505,1116245.7,4356994.74131000,0
1710734400000,3.9579000,4.0619000,3.8879000,4.0303000,2349923.5,1710748799999,9379887.11134000,62657,1219738.7,4871509.19130000,0
1710748800000,4.0317000,4.0335000,3.8417000,3.8718000,3104046.3,1710763199999,12102535.28235000,73236,1382817.0,5390708.23446000,0
1710763200000,3.8717000,3.9099000,3.6300000,3.7353000,3387199.6,1710777599999,12750421.49789000,75461,1540556.5,5805107.05953000,0
1710777600000,3.7358000,3.9205000,3.6594000,3.8517000,4186711.1,1710791999999,15862701.06362000,93756,2065139.1,7828424.44761000,0
1710792000000,3.8517000,3.9875000,3.8184000,3.8261000,1939420.7,1710806399999,7566142.03255000,55854,876313.0,3423402.12257000,0
