open_time,open,high,low,close,volume,close_time,quote_volume,count,taker_buy_volume,taker_buy_quote_volume,ignore
1710547200000,3.8898000,3.9232000,3.7785000,3.7914000,1320042.5,1710561599999,5063743.71716000,42495,584475.0,2242875.55582000,0
1710561600000,3.7917000,3.8412000,3.6930000,3.8377000,1563346.5,1710575999999,5898424.47549000,46445,693685.1,2619332.67419000,0
1710576000000,3.8346000,3.8510000,3.7069000,3.7468000,1299851.5,1710590399999,4930366.75147000,37244,589705.0,2237422.79624000,0
1710590400000,3.7470000,3.7505000,3.5902000,3.7075000,1714034.9,1710604799999,6271337.61187000,44820,750270.2,2746811.69009000,0
1710604800000,3.7072000,3.7394000,3.4920000,3.5596000,2189696.0,1710619199999,7899395.69082000,58001,1017344.4,3675358.03754000,0
1710619200000,3.5587000,3.6198000,3.4696000,3.5279000,1485233.4,1710633599999,5268303.79797000,41364,788552.3,2799247.59363000,0
