open_time,open,high,low,close,volume,close_time,quote_volume,count,taker_buy_volume,taker_buy_quote_volume,ignore
1710201600000,3.2926000,3.6200000,3.2634000,3.5031000,9360951.7,1710215999999,32432449.82333000,196103,4645721.1,16099710.86643000,0
1710216000000,3.5024000,3.9493000,3.4518000,3.6749000,19702736.2,1710230399999,73338439.03188000,330771,9993169.4,37219731.17235000,0
1710230400000,3.6738000,3.6756000,3.5030000,3.5871000,9020412.5,1710244799999,32333242.52432000,164710,4392619.5,15751781.46322000,0
1710244800000,3.5872000,3.7991000,3.5191000,3.6501000,8884515.6,1710259199999,32578588.53956000,171498,4378477.5,16060496.60546000,0
1710259200000,3.6513000,3.8000000,3.4620000,3.7856000,6526466.6,1710273599999,23812941.20913000,141928,3133723.2,11446116.06570000,0
1710273600000,3.7849000,4.2457000,3.7401000,4.0718000,7059369.3,1710287999999,28072498.69570000,168790,3524691.1,14023400.57845000,0
