open_time,open,high,low,close,volume,close_time,quote_volume,count,taker_buy_volume,taker_buy_quote_volume,ignore
1709337600000,2.7134000,2.7610000,2.6267000,2.7525000,2023375.3,1709351999999,5473884.55443000,26023,913661.7,2475963.21683000,0
1709352000000,2.7512000,2.7610000,2.6889000,2.7295000,1124139.9,1709366399999,3066560.86261000,20198,518678.6,1415667.33791000,0
1709366400000,2.7254000,2.7395000,2.6705000,2.6730000,1178635.8,1709380799999,3178403.26163000,19347,539902.5,1456591.83547000,0
1709380800000,2.6735000,2.7479000,2.6728000,2.7098000,1326954.0,1709395199999,3592858.79245000,28288,647502.4,1753180.36838000,0
1709395200000,2.7092000,2.7417000,2.6868000,2.6991000,742151.5,1709409599999,2014499.74254000,17506,355413.1,964830.91496000,0
1709409600000,2.6997000,2.7301000,2.6804000,2.7198000,678374.5,1709423999999,1836123.00435000,12886,369646.4,1000577.91955000,0
