open_time,open,high,low,close,volume,close_time,quote_volume,count,taker_buy_volume,taker_buy_quote_volume,ignore
1710028800000,2.8809000,2.8876000,2.8250000,2.8454000,607554.1,1710043199999,1730703.44025000,14473,262419.8,747401.27140000,0
1710043200000,2.8454000,2.8720000,2.8390000,2.8673000,305297.9,1710057599999,871056.75928000,8596,159773.1,455852.80176000,0
1710057600000,2.8673000,2.8838000,2.8294000,2.8398000,484597.1,1710071999999,1383159.31970000,15208,238489.4,680896.72218000,0
1710072000000,2.8397000,2.8425000,2.7656000,2.7961000,653523.9,1710086399999,1831806.40589000,18751,300512.1,842891.91143000,0
1710086400000,2.7961000,2.8515000,2.7932000,2.8240000,966851.6,1710100799999,2725650.22520000,23724,506795.6,1429143.11803000,0
1710100800000,2.8246000,2.8411000,2.7660000,2.8216000,568729.9,1710115199999,1597613.23120000,15301,281193.8,790763.94100000,0
