open_time,open,high,low,close,volume,close_time,quote_volume,count,taker_buy_volume,taker_buy_quote_volume,ignore
1711843200000,5.2692000,5.2782000,5.1046000,5.1126000,1777680.0,1711857599999,9225794.67202000,49514,734568.6,3814324.77740000,0
1711857600000,5.1116000,5.2327000,5.0906000,5.1698000,1579606.2,1711871999999,8161827.59548000,41438,715140.3,3694790.42862000,0
1711872000000,5.1694000,5.2121000,5.1449000,5.1730000,789712.9,1711886399999,4084052.85773000,29468,387314.1,2003407.41616000,0
1711886400000,5.1723000,5.2347000,5.1609000,5.2218000,836942.0,1711900799999,4351779.05483000,31564,419921.7,2184314.42800000,0
1711900800000,5.2194000,5.4263000,5.1706000,5.3500000,1912673.1,1711915199999,10150710.83634000,72028,927253.0,4923908.15244000,0
1711915200000,5.3501000,5.4511000,5.3105000,5.4280000,1689675.3,1711929599999,9107895.12922000,64599,826502.2,4456709.85677000,0
