open_time,open,high,low,close,volume,close_time,quote_volume,count,taker_buy_volume,taker_buy_quote_volume,ignore
1710892800000,3.7894000,3.9326000,3.7003000,3.8200000,2118712.0,1710907199999,8107078.00426000,80312,959122.7,3670005.30625000,0
1710907200000,3.8200000,3.9289000,3.7121000,3.9178000,3023031.5,1710921599999,11576711.68533000,95532,1458558.6,5586484.06735000,0
1710921600000,3.9187000,4.2219000,3.8915000,4.1678000,5154188.1,1710935999999,20834439.97215000,162434,2609815.0,10566895.32062000,0
1710936000000,4.1674000,4.4220000,4.0333000,4.2476000,14195760.8,1710950399999,60096033.04163000,304048,7199535.8,30508025.98135000,0
1710950400000,4.2492000,4.2768000,4.0593000,4.2178000,4927856.2,1710964799999,20530794.80990000,144582,2339409.8,9751814.36811000,0
1710964800000,4.2174000,4.2855000,4.1790000,4.2337000,2407036.9,1710979199999,10197008.82116000,83563,1101705.0,4669136.20597000,0
