open_time,open,high,low,close,volume,close_time,quote_volume,count,taker_buy_volume,taker_buy_quote_volume,ignore
1711065600000,4.0640000,4.3203000,4.0379000,4.3097000,1617913.6,1711079999999,6738306.55987000,57908,869260.2,3622526.84424000,0
1711080000000,4.3097000,4.4959000,4.2443000,4.4612000,3707411.8,1711094399999,16207056.81843000,118147,1806183.3,7897457.26251000,0
1711094400000,4.4621000,4.4917000,4.2574000,4.2958000,3764106.2,1711108799999,16509475.81662000,109923,1672123.0,7343383.39218000,0
1711108800000,4.2953000,4.3442000,4.1510000,4.2634000,3637281.7,1711123199999,15496586.19811000,113284,1741601.1,7425036.87616000,0
1711123200000,4.2633000,4.4389000,4.1861000,4.4020000,2851466.5,1711137599999,12344126.44462000,97073,1457862.0,6319736.77075000,0
1711137600000,4.4037000,4.4874000,4.2895000,4.4494000,4352097.6,1711151999999,19162867.14117000,132707,2123464.4,9359906.21813000,0
