open_time,open,high,low,close,volume,close_time,quote_volume,count,taker_buy_volume,taker_buy_quote_volume,ignore
1710374400000,4.3177000,4.3625000,4.0714000,4.1170000,4027820.7,1710388799999,16904596.70070000,83039,1695311.4,7121074.53066000,0
1710388800000,4.1143000,4.2480000,4.0348000,4.2329000,2993151.4,1710403199999,12258569.99267000,81744,1608052.2,6593008.18346000,0
1710403200000,4.2312000,4.3194000,4.1669000,4.2487000,3055827.2,1710417599999,12989486.55885000,94202,1495135.0,6358711.83848000,0
1710417600000,4.2489000,4.3470000,4.0531000,4.0798000,4591400.7,1710431999999,19254652.85404000,120913,2187706.5,9178990.36904000,0
1710432000000,4.0815000,4.1611000,3.7697000,3.8743000,5474651.7,1710446399999,21798714.06487000,114041,2461048.6,9807217.50495000,0
1710446400000,3.8772000,4.0770000,3.8767000,4.0403000,1767174.5,1710460799999,7080105.55425000,52845,931522.6,3731413.25138000,0
