open_time,open,high,low,close,volume,close_time,quote_volume,count,taker_buy_volume,taker_buy_quote_volume,ignore
1710806400000,3.8232000,3.9858000,3.5500000,3.6771000,4828272.8,1710820799999,18120220.62535000,126765,2356281.3,8855507.97322000,0
1710820800000,3.6760000,3.8320000,3.5767000,3.8302000,3549388.3,1710835199999,13217986.83821000,106685,1738915.3,6479897.12776000,0
1710835200000,3.8305000,3.8377000,3.6081000,3.7696000,3998572.8,1710849599999,14887066.97750000,112376,1917108.2,7138498.46884000,0
1710849600000,3.7705000,4.0049000,3.7257000,3.9982000,5634143.2,1710863999999,21813754.09848000,139388,2752296.0,10661730.91939000,0
1710864000000,3.9972000,4.0261000,3.8579000,3.9559000,3272440.8,1710878399999,12896076.24089000,84630,1569199.6,6186270.78321000,0
1710878400000,3.9577000,3.9718000,3.7081000,3.7893000,2171216.5,1710892799999,8327703.97252000,77111,950168.8,3644713.42571000,0
