open_time,open,high,low,close,volume,close_time,quote_volume,count,taker_buy_volume,taker_buy_quote_volume,ignore
1709942400000,0.6204,0.6331,0.6186,0.6296,243842452.4,1709971199999,152931266.63717,213331,125850619.1,78936831.63438,0
1709971200000,0.6296,0.6308,0.6163,0.6222,398878065.0,1709999999999,248481561.30074,277423,198140460.6,123444100.14615,0
1710000000000,0.6222,0.6244,0.6168,0.6206,248547830.6,1710028799999,154484801.23728,208187,118797923.6,73848784.53216,0
