open_time,open,high,low,close,volume,close_time,quote_volume,count,taker_buy_volume,taker_buy_quote_volume,ignore
1709769600000,0.6128,0.6311,0.6069,0.6259,862838676.9,1709798399999,534930486.75136,684341,420843106.5,260899364.22401,0
1709798400000,0.6258,0.6295,0.6153,0.6263,609111820.9,1709827199999,379579736.12283,516731,297979872.4,185695965.54841,0
1709827200000,0.6261,0.6399,0.6205,0.6280,503743341.0,1709855999999,317670139.61487,393408,246262699.3,155305446.59636,0
