open_time,open,high,low,close,volume,close_time,quote_volume,count,taker_buy_volume,taker_buy_quote_volume,ignore
1710115200000,0.6087,0.6252,0.5810,0.6208,692644635.7,1710143999999,419906631.60114,622339,337930275.1,204932512.92492,0
1710144000000,0.6209,0.6964,0.6163,0.6937,1126602399.7,1710172799999,723764048.16246,864620,569268945.8,365679288.97269,0
1710172800000,0.6938,0.7455,0.6787,0.7243,2918523982.8,1710201599999,2108272865.38980,2648926,1459341495.0,1054279169.84121,0
