open_time,open,high,low,close,volume,close_time,quote_volume,count,taker_buy_volume,taker_buy_quote_volume,ignore
1710288000000,0.6887,0.7033,0.6825,0.6966,486356591.8,1710316799999,338049253.00360,401792,245654867.6,170750729.54427,0
1710316800000,0.6967,0.6999,0.6688,0.6776,722653364.1,1710345599999,494885597.74474,540204,337796999.8,231343520.96731,0
1710345600000,0.6776,0.6926,0.6743,0.6898,387959384.9,1710374399999,265657285.38252,375405,190206994.4,130254981.43138,0
