open_time,open,high,low,close,volume,close_time,quote_volume,count,taker_buy_volume,taker_buy_quote_volume,ignore
1709337600000,0.6018,0.6400,0.6000,0.6314,929587835.7,1709366399999,580649894.57774,659693,464839907.2,290356352.07012,0
1709366400000,0.6314,0.6525,0.6207,0.6304,972418846.4,1709395199999,619748827.42311,687828,469319055.5,299199851.19417,0
1709395200000,0.6303,0.6461,0.6263,0.6449,377092222.3,1709423999999,239202677.37233,310308,191398770.7,121425720.52409,0
