open_time,open,high,low,close,volume,close_time,quote_volume,count,taker_buy_volume,taker_buy_quote_volume,ignore
1711497600000,0.6324,0.6355,0.6187,0.6210,312415191.3,1711526399999,196523142.26481,266259,143011305.6,90020477.96456,0
1711526400000,0.6210,0.6306,0.6056,0.6116,726138283.7,1711555199999,449147247.18153,665664,349453846.8,216225752.93768,0
1711555200000,0.6116,0.6186,0.6077,0.6123,290612405.8,1711583999999,178354074.84522,296357,141974919.9,87148945.24067,0
