open_time,open,high,low,close,volume,close_time,quote_volume,count,taker_buy_volume,taker_buy_quote_volume,ignore
1711238400000,0.6173,0.6342,0.6136,0.6272,337470147.6,1711267199999,210447872.17552,375103,163362484.0,101870971.29057,0
1711267200000,0.6272,0.6349,0.6258,0.6322,314364276.3,1711295999999,198486195.22571,348680,156840022.0,99035062.05476,0
1711296000000,0.6322,0.6362,0.6239,0.6333,301123504.2,1711324799999,190008352.09056,337779,148854552.7,93916873.98100,0
