open_time,open,high,low,close,volume,close_time,quote_volume,count,taker_buy_volume,taker_buy_quote_volume,ignore
1711065600000,0.6412,0.6460,0.6234,0.6354,485739384.0,1711094399999,307584355.79532,493245,234232956.3,148365806.54190,0
1711094400000,0.6354,0.6386,0.5990,0.6111,821799461.4,1711123199999,506912270.96881,777379,396900368.7,244837701.78301,0
1711123200000,0.6112,0.6152,0.6042,0.6119,384784185.1,1711151999999,234689575.43214,375007,184448925.9,112485465.18393,0
