open_time,open,high,low,close,volume,close_time,quote_volume,count,taker_buy_volume,taker_buy_quote_volume,ignore
1710633600000,0.6036,0.6165,0.5869,0.6008,570686696.8,1710662399999,344953507.72665,522478,274819475.4,166185833.42948,0
1710662400000,0.6007,0.6224,0.5975,0.6209,514131732.5,1710691199999,315557591.08168,457163,257874234.8,158253415.55756,0
1710691200000,0.6209,0.6253,0.6167,0.6198,270810054.2,1710719999999,168181750.37866,287986,133695054.0,83036002.27114,0
