open_time,open,high,low,close,volume,close_time,quote_volume,count,taker_buy_volume,taker_buy_quote_volume,ignore
1711411200000,0.6408,0.6534,0.6397,0.6473,302538844.3,1711439999999,195555890.81018,260638,148309308.8,95858185.08106,0
1711440000000,0.6474,0.6509,0.6262,0.6347,533216642.5,1711468799999,341032645.63306,487646,249527723.1,159656376.38065,0
1711468800000,0.6348,0.6363,0.6252,0.6323,306093820.1,1711497599999,193423158.74622,321007,151177763.3,95540783.78764,0
