open_time,open,high,low,close,volume,close_time,quote_volume,count,taker_buy_volume,taker_buy_quote_volume,ignore
1711584000000,0.6123,0.6250,0.6036,0.6227,349114950.5,1711612799999,214485901.61241,371789,176498983.6,108481487.13460,0
1711612800000,0.6228,0.6255,0.6176,0.6231,353112518.4,1711641599999,219838078.04701,374932,171511069.9,106791596.47983,0
1711641600000,0.6231,0.6380,0.6201,0.6252,450270565.2,1711670399999,283792742.00197,475209,231238443.0,145737759.96646,0
