open_time,open,high,low,close,volume,close_time,quote_volume,count,taker_buy_volume,taker_buy_quote_volume,ignore
1710720000000,0.6198,0.6286,0.6026,0.6217,456893139.4,1710748799999,282346780.16871,418341,222247861.4,137345833.07017,0
1710748800000,0.6218,0.6219,0.5978,0.6069,664850979.1,1710777599999,404586626.57403,592889,323020878.5,196550239.88551,0
1710777600000,0.6069,0.6691,0.5946,0.6457,1176646189.9,1710806399999,742167009.95068,977977,575518231.9,362868359.79744,0
