open_time,open,high,low,close,volume,close_time,quote_volume,count,taker_buy_volume,taker_buy_quote_volume,ignore
1711324800000,0.6333,0.6377,0.6282,0.6297,255843605.1,1711353599999,161802181.66710,255887,123086981.5,77850300.11814,0
1711353600000,0.6296,0.6465,0.6267,0.6425,430535512.9,1711382399999,273648801.66447,394881,217493687.9,138239891.17074,0
1711382400000,0.6426,0.6636,0.6290,0.6408,830912446.2,1711411199999,538698229.29390,706319,401062859.0,260188433.75243,0
