open_time,open,high,low,close,volume,close_time,quote_volume,count,taker_buy_volume,taker_buy_quote_volume,ignore
1709251200000,0.5872,0.5973,0.5834,0.5853,432002426.6,1709279999999,255603332.33447,332436,212141016.7,125550952.20475,0
1709280000000,0.5854,0.5994,0.5837,0.5884,483385305.0,1709308799999,286099394.74453,346504,240095512.3,142110740.52023,0
1709308800000,0.5884,0.6041,0.5870,0.6019,394243120.1,1709337599999,234900550.76406,303439,191921912.0,114350342.44711,0
