open_time,open,high,low,close,volume,close_time,quote_volume,count,taker_buy_volume,taker_buy_quote_volume,ignore
1711152000000,0.6119,0.6187,0.6030,0.6165,263779311.7,1711180799999,161669092.26904,288098,127651319.7,78231245.56121,0
1711180800000,0.6165,0.6334,0.6153,0.6283,350306471.9,1711209599999,218724951.57047,355718,170898200.5,106718972.36095,0
1711209600000,0.6284,0.6319,0.6161,0.6172,253272898.3,1711238399999,158427203.82590,298140,124791979.3,78062750.80761,0
