open_time,open,high,low,close,volume,close_time,quote_volume,count,taker_buy_volume,taker_buy_quote_volume,ignore
1711843200000,0.6217,0.6289,0.6210,0.6280,138745945.1,1711871999999,86708746.61516,160715,68042555.5,42523071.02931,0
1711872000000,0.6279,0.6296,0.6253,0.6275,116503317.2,1711900799999,73130189.15236,125015,58377100.1,36645291.87395,0
1711900800000,0.6275,0.6311,0.6256,0.6297,153601030.2,1711929599999,96517590.86321,161747,75557600.1,47477259.51414,0
