open_time,open,high,low,close,volume,close_time,quote_volume,count,taker_buy_volume,taker_buy_quote_volume,ignore
1710460800000,0.6698,0.6767,0.6049,0.6362,1079230045.3,1710489599999,691657428.45376,972666,516407114.3,331221189.60891,0
1710489600000,0.6362,0.6375,0.5945,0.6276,1116460919.7,1710518399999,690930802.71373,972506,538754336.0,333489325.29966,0
1710518400000,0.6277,0.6453,0.6190,0.6348,585968731.7,1710547199999,369112932.07362,532902,290998659.1,183316074.07634,0
