open_time,open,high,low,close,volume,close_time,quote_volume,count,taker_buy_volume,taker_buy_quote_volume,ignore
1710201600000,0.7242,0.7350,0.6859,0.7034,1243285482.2,1710230399999,875556735.70255,987506,610090493.2,429874989.98155,0
1710230400000,0.7033,0.7145,0.6770,0.7035,1527568777.4,1710259199999,1064624362.14341,1122793,740159892.1,515969715.52364,0
1710259200000,0.7035,0.7043,0.6565,0.6886,1062833036.1,1710287999999,725405618.59583,875615,508055165.7,346891768.80463,0
