open_time,open,high,low,close,volume,close_time,quote_volume,count,taker_buy_volume,taker_buy_quote_volume,ignore
1711670400000,0.6252,0.6262,0.6090,0.6109,314828814.9,1711699199999,194998149.62048,320833,149660868.6,92738677.91917,0
1711699200000,0.6109,0.6464,0.6106,0.6254,756121792.7,1711727999999,476123731.28585,715823,369930335.8,232935879.75506,0
1711728000000,0.6254,0.6370,0.6214,0.6308,337600709.8,1711756799999,212313796.38457,367997,170598254.2,107278685.54898,0
