open_time,open,high,low,close,volume,close_time,quote_volume,count,taker_buy_volume,taker_buy_quote_volume,ignore
1710806400000,0.6457,0.6494,0.5779,0.5999,1551649909.3,1710835199999,949007761.56499,1278792,740633711.4,453191490.47298,0
1710835200000,0.5999,0.6079,0.5712,0.6066,1224205821.2,1710863999999,721276565.96551,942436,593530370.4,349706090.59405,0
1710864000000,0.6067,0.6114,0.5757,0.5850,712016831.2,1710892799999,425142835.41727,591838,347461834.6,207575230.25608,0
