open_time,open,high,low,close,volume,close_time,quote_volume,count,taker_buy_volume,taker_buy_quote_volume,ignore
1710547200000,0.6347,0.6484,0.6311,0.6408,398622060.6,1710575999999,254743296.32254,358419,191076685.7,122098495.37668,0
1710576000000,0.6407,0.6432,0.6132,0.6250,524552304.8,1710604799999,329102190.91379,490069,256040508.2,160660102.01772,0
1710604800000,0.6250,0.6261,0.5922,0.6036,851020242.6,1710633599999,517420726.54601,786252,412416590.6,250788724.43575,0
