open_time,open,high,low,close,volume,close_time,quote_volume,count,taker_buy_volume,taker_buy_quote_volume,ignore
1709424000000,0.6450,0.6455,0.5800,0.6107,785698446.3,1709452799999,489334052.25977,585240,362330774.3,225901095.87298,0
1709452800000,0.6107,0.6308,0.6070,0.6234,571254939.8,1709481599999,354265200.66127,450446,275119951.1,170602325.73080,0
1709481600000,0.6233,0.6337,0.6205,0.6272,325149663.5,1709510399999,203857442.03997,269337,148518330.8,93132746.98945,0
