open_time,open,high,low,close,volume,close_time,quote_volume,count,taker_buy_volume,taker_buy_quote_volume,ignore
1709856000000,0.6280,0.6349,0.6192,0.6218,399616473.8,1709884799999,250581882.50588,283129,194861559.6,122220135.98787,0
1709884800000,0.6219,0.6320,0.5920,0.6146,653519912.4,1709913599999,407125689.07968,546419,309807119.1,193164423.10463,0
1709913600000,0.6146,0.6254,0.6028,0.6204,531140603.2,1709942399999,327392056.93945,445871,256923038.8,158349492.74382,0
