open_time,open,high,low,close,volume,close_time,quote_volume,count,taker_buy_volume,taker_buy_quote_volume,ignore
1709596800000,0.6485,0.6699,0.6193,0.6409,1190142557.9,1709625599999,771912871.58468,998049,570131681.7,369910239.21470,0
1709625600000,0.6410,0.6553,0.6320,0.6392,931329711.9,1709654399999,601285717.37830,771739,448022232.0,289278279.84482,0
1709654400000,0.6392,0.6428,0.5235,0.5915,1923173694.0,1709683199999,1144691323.42446,1702210,873245079.6,520854946.05705,0
