open_time,open,high,low,close,volume,close_time,quote_volume,count,taker_buy_volume,taker_buy_quote_volume,ignore
1709683200000,0.5915,0.6179,0.5759,0.6155,693264565.5,1709711999999,412750385.46560,616536,338989373.8,201964493.52237,0
1709712000000,0.6154,0.6250,0.5891,0.5996,886271129.7,1709740799999,537724606.57564,749329,421787101.7,255963961.06195,0
1709740800000,0.5996,0.6170,0.5982,0.6128,407085188.4,1709769599999,248010010.71378,359339,202874230.4,123593213.31158,0
