open_time,open,high,low,close,volume,close_time,quote_volume,count,taker_buy_volume,taker_buy_quote_volume,ignore
1710892800000,0.5850,0.5968,0.5687,0.5954,838077669.5,1710921599999,489480149.10044,660236,414102752.3,241922498.23667,0
1710921600000,0.5954,0.6009,0.5850,0.5869,654336833.9,1710950399999,389090685.80112,581589,320312389.0,190498191.15183,0
1710950400000,0.5869,0.6191,0.5679,0.6112,990923697.4,1710979199999,589472042.69813,787739,486643782.6,289434738.97976,0
