open_time,open,high,low,close,volume,close_time,quote_volume,count,taker_buy_volume,taker_buy_quote_volume,ignore
1710374400000,0.6898,0.6904,0.6725,0.6814,404967796.1,1710403199999,276471819.75026,352624,195895566.1,133738314.09022,0
1710403200000,0.6815,0.7085,0.6602,0.6694,1279962422.3,1710431999999,872744909.77785,1050030,610321424.8,416237426.15542,0
1710432000000,0.6695,0.6788,0.6375,0.6698,819617037.2,1710460799999,542101844.15785,757101,386985144.1,256079018.85542,0
