open_time,open,high,low,close,volume,close_time,quote_volume,count,taker_buy_volume,taker_buy_quote_volume,ignore
1710028800000,0.6206,0.6282,0.6200,0.6270,233170865.0,1710057599999,145395503.56694,187928,114909802.3,71652987.89035,0
1710057600000,0.6270,0.6288,0.6017,0.6108,561710975.8,1710086399999,346093935.22682,418036,260106353.5,160299915.82302,0
1710086400000,0.6108,0.6153,0.5966,0.6086,314017678.3,1710115199999,190965331.09560,270890,144961847.2,88171359.04383,0
