open_time,open,high,low,close,volume,close_time,quote_volume,count,taker_buy_volume,taker_buy_quote_volume,ignore
1711756800000,0.6307,0.6327,0.6228,0.6230,183693353.1,1711785599999,115232213.18203,200495,89320250.3,56036754.09665,0
1711785600000,0.6230,0.6380,0.6212,0.6294,261380971.4,1711814399999,164493063.53825,245120,127002169.1,79925519.86688,0
1711814400000,0.6295,0.6339,0.6180,0.6217,263907080.4,1711843199999,165226567.46588,271223,125113247.6,78366784.75984,0
