open_time,open,high,low,close,volume,close_time,quote_volume,count,taker_buy_volume,taker_buy_quote_volume,ignore
1709510400000,0.6271,0.6449,0.6088,0.6378,756305588.4,1709539199999,477798809.67712,615426,363900119.8,229935613.21708,0
1709539200000,0.6378,0.6670,0.6335,0.6628,1133381511.6,1709567999999,738371743.12777,842529,548800998.1,357670791.26015,0
1709568000000,0.6628,0.6635,0.6348,0.6484,800165798.9,1709596799999,519980352.78102,632042,390139256.0,253576082.97636,0
