open_time,open,high,low,close,volume,close_time,quote_volume,count,taker_buy_volume,taker_buy_quote_volume,ignore
1710979200000,0.6112,0.6141,0.5976,0.6051,485330363.1,1711007999999,294650476.21712,435186,226420846.1,137461338.72107,0
1711008000000,0.6051,0.6550,0.6048,0.6368,1045031974.2,1711036799999,655151563.48142,978986,513822808.9,322043362.45471,0
1711036800000,0.6367,0.6474,0.6283,0.6412,911852534.6,1711065599999,582080874.52112,814398,450803319.3,287766802.83834,0
