open_time,open,high,low,close,volume,close_time,quote_volume,count,taker_buy_volume,taker_buy_quote_volume,ignore
1717113600000,6.4661000,6.4938000,6.4003000,6.4153000,1170425.1,1717127999999,7545520.60609000,31228,463318.1,2989558.86485000,0
1717128000000,6.4152000,6.4510000,6.3765000,6.4199000,1075502.0,1717142399999,6903230.89815000,35663,521709.9,3348960.65029000,0
1717142400000,6.4199000,6.4367000,6.3866000,6.4074000,928269.4,1717156799999,5953736.30112000,31684,434085.9,2784254.53288000,0
1717156800000,6.4080000,6.4424000,6.3604000,6.3663000,2291641.4,1717171199999,14667742.33743000,60253,1124957.0,7202806.77351000,0
1717171200000,6.3663000,6.3904000,6.3262000,6.3636000,984362.0,1717185599999,6260384.15389000,35337,448340.1,2851737.35064000,0
1717185600000,6.3636000,6.3764000,6.3282000,6.3384000,570618.1,1717199999999,3624949.91542000,22323,280696.6,1783343.52918000,0
