open_time,open,high,low,close,volume,close_time,quote_volume,count,taker_buy_volume,taker_buy_quote_volume,ignore
1716681600000,6.3852000,6.4420000,6.3657000,6.4112000,1121657.5,1716695999999,7189877.77776000,33122,555642.5,3562603.36626000,0
1716696000000,6.4111000,6.4299000,6.3120000,6.3379000,1106383.6,1716710399999,7041962.25600000,28754,471076.3,2999458.94166000,0
1716710400000,6.3378000,6.3553000,6.3001000,6.3206000,974577.1,1716724799999,6160186.34954000,29998,479071.4,3028632.90477000,0
1716724800000,6.3207000,6.3623000,6.2811000,6.3036000,1239286.6,1716739199999,7837834.69097000,34181,587277.8,3715754.47454000,0
1716739200000,6.3037000,6.3300000,6.2686000,6.3059000,748137.8,1716753599999,4717272.91346000,25503,364385.9,2298280.23942000,0
1716753600000,6.3060000,6.3699000,6.2892000,6.3174000,679409.4,1716767999999,4298247.32044000,21260,347717.8,2199888.37479000,0
