open_time,open,high,low,close,volume,close_time,quote_volume,count,taker_buy_volume,taker_buy_quote_volume,ignore
1715644800000,7.0108000,7.0650000,6.8650000,7.0341000,4786431.2,1715659199999,33383750.01846000,162697,2277451.3,15895034.80151000,0
1715659200000,7.0337000,7.2232000,6.9714000,7.0569000,6495832.2,1715673599999,46015636.05447000,217380,3224310.7,22849918.22531000,0
1715673600000,7.0581000,7.0780000,6.8000000,6.8438000,5006103.4,1715687999999,34692332.13559000,164370,2266716.2,15721969.53591000,0
1715688000000,6.8436000,6.9258000,6.5663000,6.5972000,8704674.4,1715702399999,58429781.12200000,268007,4195159.2,28176216.12722000,0
1715702400000,6.5967000,7.0784000,6.5809000,6.9841000,8118203.7,1715716799999,55761176.78336000,248878,4214116.5,28956686.35717000,0
1715716800000,6.9843000,7.0445000,6.8241000,6.8430000,3677680.7,1715731199999,25475324.01575000,121480,1651330.6,11441636.19782000,0
