open_time,open,high,low,close,volume,close_time,quote_volume,count,taker_buy_volume,taker_buy_quote_volume,ignore
1716508800000,6.2098000,6.2961000,6.1875000,6.1972000,1574239.6,1716523199999,9827079.02327000,39968,783128.0,4888661.26967000,0
1716523200000,6.1974000,6.2188000,6.0900000,6.1443000,2034345.1,1716537599999,12527598.46485000,55695,976845.7,6018318.81019000,0
1716537600000,6.1443000,6.2174000,6.0547000,6.1810000,1399900.7,1716551999999,8611279.31465000,42549,693928.8,4268894.42784000,0
1716552000000,6.1819000,6.2744000,6.1510000,6.2557000,1589563.7,1716566399999,9873021.29517000,46461,774574.7,4811427.72433000,0
1716566400000,6.2574000,6.3268000,6.2283000,6.3189000,1544614.8,1716580799999,9707864.24894000,44747,788873.0,4959480.63212000,0
1716580800000,6.3189000,6.4117000,6.2977000,6.3874000,1304120.7,1716595199999,8293456.57437000,40598,765005.6,4864621.12288000,0
