open_time,open,high,low,close,volume,close_time,quote_volume,count,taker_buy_volume,taker_buy_quote_volume,ignore
1715472000000,6.8942000,6.9334000,6.8096000,6.9050000,2527632.4,1715486399999,17402105.21735000,95145,1156792.2,7964178.89009000,0
1715486400000,6.9051000,6.9793000,6.8350000,6.8716000,3969616.2,1715500799999,27446289.95480000,118732,1958693.0,13541024.07248000,0
1715500800000,6.8716000,7.0447000,6.8550000,7.0251000,5271768.4,1715515199999,36693198.30749000,145942,2538974.6,17670645.03007000,0
1715515200000,7.0248000,7.1000000,6.9470000,6.9936000,5368394.0,1715529599999,37681959.67879000,160428,2533494.8,17785062.72735000,0
1715529600000,6.9941000,7.0814000,6.9164000,7.0120000,5460355.6,1715543999999,38150653.53391000,167539,2636578.2,18415889.61659000,0
1715544000000,7.0123000,7.0150000,6.8700000,6.9508000,2712307.5,1715558399999,18813202.42289000,94048,1299985.1,9019253.88937000,0
