open_time,open,high,low,close,volume,close_time,quote_volume,count,taker_buy_volume,taker_buy_quote_volume,ignore
1716422400000,6.5425000,6.7330000,6.5002000,6.6122000,4183312.4,1716436799999,27736386.99801000,113261,1978352.1,13113540.60099000,0
1716436800000,6.6122000,6.6242000,6.4027000,6.4853000,3068805.6,1716451199999,19899677.47090000,73020,1383304.9,8964738.19390000,0
1716451200000,6.4853000,6.5138000,6.4150000,6.4880000,2185096.6,1716465599999,14149883.32683000,57400,1066236.9,6906426.63352000,0
1716465600000,6.4879000,6.4967000,6.1949000,6.3006000,4338341.4,1716479999999,27479546.82128000,114074,1910698.5,12099078.12342000,0
1716480000000,6.3005000,6.3113000,6.1000000,6.1303000,3068154.5,1716494399999,19105625.76234000,83703,1359610.2,8475196.20912000,0
1716494400000,6.1303000,6.2352000,5.9777000,6.2098000,4366410.6,1716508799999,26797289.37628000,113458,2105425.2,12929725.54234000,0
