open_time,open,high,low,close,volume,close_time,quote_volume,count,taker_buy_volume,taker_buy_quote_volume,ignore
1714953600000,5.9684000,5.9968000,5.8709000,5.8999000,1603349.1,1714967999999,9508548.65107000,52183,748778.6,4441773.74056000,0
1714968000000,5.8996000,6.1254000,5.8901000,6.1210000,2831585.9,1714982399999,17020893.91667000,82550,1454894.2,8742044.84714000,0
1714982400000,6.1216000,6.2083000,5.8924000,6.0463000,5214746.8,1714996799999,31603376.65389000,129606,2488927.8,15096638.16059000,0
1714996800000,6.0464000,6.0464000,5.8220000,5.9182000,3927302.0,1715011199999,23266492.62847000,113360,1849077.3,10959261.84651000,0
1715011200000,5.9182000,5.9439000,5.7317000,5.8310000,2342669.0,1715025599999,13667140.51885000,63778,1087561.5,6347670.53671000,0
1715025600000,5.8311000,5.8735000,5.7663000,5.7792000,790200.8,1715039999999,4605734.55975000,29673,387442.1,2259581.54660000,0
