open_time,open,high,low,close,volume,close_time,quote_volume,count,taker_buy_volume,taker_buy_quote_volume,ignore
1715904000000,6.7839000,6.7889000,6.6745000,6.7170000,2578276.1,1715918399999,17345593.31276000,95103,1300513.6,8749959.42276000,0
1715918400000,6.7170000,6.7630000,6.6028000,6.7518000,3154518.9,1715932799999,21097367.17991000,112157,1593510.3,10657180.09547000,0
1715932800000,6.7517000,6.7592000,6.6270000,6.6419000,3232089.8,1715947199999,21567952.24590000,112587,1745909.9,11648836.50356000,0
1715947200000,6.6422000,6.7200000,6.6325000,6.6971000,3091354.5,1715961599999,20632226.49449000,112154,1465585.7,9783810.46155000,0
1715961600000,6.6971000,6.7100000,6.5405000,6.5960000,4079918.1,1715975999999,27043803.03588000,135339,2003729.4,13281402.63840000,0
1715976000000,6.5959000,6.6499000,6.5673000,6.6291000,1822443.4,1715990399999,12042497.24691000,68880,843713.7,5575454.41009000,0
