open_time,open,high,low,close,volume,close_time,quote_volume,count,taker_buy_volume,taker_buy_quote_volume,ignore
1715817600000,6.9926000,7.0733000,6.9279000,6.9646000,2796936.3,1715831999999,19567155.90554000,98754,1379475.8,9653348.79018000,0
1715832000000,6.9655000,6.9781000,6.6500000,6.7312000,7285314.5,1715846399999,49333220.20516000,213444,3486046.9,23593684.38721000,0
1715846400000,6.7320000,6.7448000,6.4839000,6.6042000,8929440.5,1715860799999,58945200.97235000,228473,4324520.9,28553725.54318000,0
1715860800000,6.6040000,6.7606000,6.3334000,6.7174000,17833336.6,1715875199999,117602516.95775000,469088,9075273.3,59885369.63928000,0
1715875200000,6.7178000,6.7994000,6.5700000,6.6652000,5242326.4,1715889599999,35055789.41067000,166109,2555065.0,17088779.25988000,0
1715889600000,6.6650000,6.7868000,6.6377000,6.7855000,2784306.0,1715903999999,18658244.24082000,113070,1378301.8,9238820.94364000,0
