open_time,open,high,low,close,volume,close_time,quote_volume,count,taker_buy_volume,taker_buy_quote_volume,ignore
1716854400000,6.4039000,6.4194000,6.2801000,6.3264000,1786083.9,1716868799999,11334685.76881000,55868,753320.5,4783600.70045000,0
1716868800000,6.3261000,6.3672000,6.2217000,6.3526000,1625812.2,1716883199999,10226836.74035000,45412,687695.9,4325430.22071000,0
1716883200000,6.3530000,6.5070000,6.3530000,6.4399000,2256504.0,1716897599999,14539307.63948000,56721,1184152.2,7630177.98463000,0
1716897600000,6.4398000,6.4750000,6.3551000,6.4744000,2167707.7,1716911999999,13918261.71067000,59991,1066994.8,6853803.27632000,0
1716912000000,6.4744000,6.5000000,6.4070000,6.4841000,1359760.4,1716926399999,8786190.45120000,41984,680032.0,4395210.37296000,0
1716926400000,6.4839000,6.5100000,6.4620000,6.4718000,758852.0,1716940799999,4924083.23419000,23214,364615.2,2366305.36938000,0
