open_time,open,high,low,close,volume,close_time,quote_volume,count,taker_buy_volume,taker_buy_quote_volume,ignore
1715990400000,6.6291000,6.6694000,6.4861000,6.5063000,2522265.4,1716004799999,16547341.32496000,88875,1222245.6,8020572.43566000,0
1716004800000,6.5064000,6.5420000,6.4077000,6.4191000,3065914.6,1716019199999,19786894.72507000,92965,1546549.4,9983278.30818000,0
1716019200000,6.4194000,6.5419000,6.4181000,6.5138000,2732955.3,1716033599999,17730308.85990000,86577,1464429.3,9500298.75407000,0
1716033600000,6.5138000,6.5180000,6.4015000,6.4563000,3256846.6,1716047999999,20983617.07065000,99724,1646349.9,10607287.44927000,0
1716048000000,6.4562000,6.5129000,6.4216000,6.4440000,1582525.3,1716062399999,10233530.65836000,55573,836717.8,5411912.12747000,0
1716062400000,6.4441000,6.4747000,6.3512000,6.3989000,1640621.6,1716076799999,10500729.66161000,53756,728872.7,4667012.89858000,0
