open_time,open,high,low,close,volume,close_time,quote_volume,count,taker_buy_volume,taker_buy_quote_volume,ignore
1716768000000,6.3175000,6.4512000,6.3166000,6.4176000,1571146.1,1716782399999,10051547.17033000,41659,869261.3,5561215.12358000,0
1716782400000,6.4183000,6.4467000,6.2970000,6.3530000,2280068.8,1716796799999,14561853.75993000,49723,1030482.5,6588293.98059000,0
1716796800000,6.3531000,6.4892000,6.3335000,6.4396000,1985825.5,1716811199999,12730123.74315000,52904,978200.8,6270938.87940000,0
1716811200000,6.4395000,6.5242000,6.4301000,6.4916000,2127231.3,1716825599999,13782483.64749000,54585,1054904.2,6834834.26545000,0
1716825600000,6.4916000,6.5257000,6.3286000,6.3395000,2085556.6,1716839999999,13403024.27025000,47419,975396.9,6269729.88341000,0
1716840000000,6.3399000,6.4164000,6.3350000,6.4039000,864682.1,1716854399999,5520039.17087000,29068,407049.9,2599046.61791000,0
