open_time,open,high,low,close,volume,close_time,quote_volume,count,taker_buy_volume,taker_buy_quote_volume,ignore
1716940800000,6.4718000,6.5514000,6.4529000,6.5273000,1098373.5,1716955199999,7139970.02775000,30613,558676.1,3631813.89985000,0
1716955200000,6.5269000,6.6174000,6.4750000,6.4815000,2035521.7,1716969599999,13317784.40296000,50600,953978.8,6244277.32751000,0
1716969600000,6.4820000,6.5492000,6.4260000,6.4836000,2085718.0,1716983999999,13555825.30804000,53831,933797.8,6071414.54611000,0
1716984000000,6.4844000,6.5476000,6.4609000,6.4704000,1698131.0,1716998399999,11047304.22546000,49991,786444.7,5117038.24132000,0
1716998400000,6.4712000,6.5801000,6.4113000,6.4672000,2571703.1,1717012799999,16719655.61198000,56908,1267511.6,8245497.89301000,0
1717012800000,6.4674000,6.5357000,6.4260000,6.5064000,1348797.2,1717027199999,8745786.74221000,36967,715804.4,4643362.69818000,0
