open_time,open,high,low,close,volume,close_time,quote_volume,count,taker_buy_volume,taker_buy_quote_volume,ignore
1716163200000,6.2593000,6.3807000,6.2071000,6.3506000,1881921.2,1716177599999,11851515.56562000,57237,936684.6,5901491.06042000,0
1716177600000,6.3505000,6.4413000,6.2959000,6.3591000,2306436.7,1716191999999,14708431.34870000,71926,1135685.4,7242281.61038000,0
1716192000000,6.3590000,6.4034000,6.3246000,6.3665000,1244540.7,1716206399999,7919244.56018000,42777,540698.0,3442126.14246000,0
1716206400000,6.3665000,6.5499000,6.3479000,6.5275000,2808952.4,1716220799999,18120629.06290000,84097,1538407.0,9927330.05766000,0
1716220800000,6.5265000,6.6257000,6.4876000,6.6016000,4010886.0,1716235199999,26284487.39291000,116859,1937242.6,12698558.92773000,0
1716235200000,6.6009000,6.6423000,6.4967000,6.5523000,3491500.1,1716249599999,22888077.38123000,103577,1778425.2,11658782.36665000,0
