open_time,open,high,low,close,volume,close_time,quote_volume,count,taker_buy_volume,taker_buy_quote_volume,ignore
1715040000000,5.7790000,5.8772000,5.7414000,5.7881000,1327385.1,1715054399999,7710744.41860000,42474,691641.5,4019517.58229000,0
1715054400000,5.7882000,5.8707000,5.7772000,5.8517000,1356449.7,1715068799999,7903961.59518000,39297,636702.0,3710935.42667000,0
1715068800000,5.8508000,6.0161000,5.8413000,5.8605000,2273455.3,1715083199999,13478738.00918000,63819,1101646.1,6534667.93751000,0
1715083200000,5.8604000,5.9540000,5.8583000,5.8831000,1465896.5,1715097599999,8658346.68836000,44944,698828.6,4128025.79551000,0
1715097600000,5.8823000,5.9009000,5.7581000,5.8454000,1317597.0,1715111999999,7670255.03107000,37787,619555.5,3606762.57442000,0
1715112000000,5.8454000,5.8856000,5.6383000,5.6493000,1892328.5,1715126399999,10884266.46746000,50392,828810.3,4774311.37543000,0
