open_time,open,high,low,close,volume,close_time,quote_volume,count,taker_buy_volume,taker_buy_quote_volume,ignore
1714780800000,5.6874000,5.7803000,5.6501000,5.7776000,1781762.0,1714795199999,10170338.34733000,49499,871873.3,4976697.00367000,0
1714795200000,5.7777000,5.8230000,5.7343000,5.7485000,2232047.2,1714809599999,12890069.96585000,53428,1122060.0,6481513.77730000,0
1714809600000,5.7486000,5.8469000,5.6864000,5.7136000,3113706.4,1714823999999,17996706.67237000,62491,1455339.2,8417058.97525000,0
1714824000000,5.7141000,5.7586000,5.6600000,5.7044000,2297315.5,1714838399999,13118281.76774000,58096,1097191.1,6265887.55133000,0
1714838400000,5.7045000,5.7395000,5.6792000,5.7214000,936246.4,1714852799999,5344685.36201000,32012,457605.7,2612461.22351000,0
1714852800000,5.7200000,5.7878000,5.7058000,5.7496000,1404365.7,1714867199999,8079493.58274000,42286,723408.9,4161677.05759000,0
