open_time,open,high,low,close,volume,close_time,quote_volume,count,taker_buy_volume,taker_buy_quote_volume,ignore
1714867200000,5.7501000,5.7895000,5.5684000,5.6137000,2538058.6,1714881599999,14391296.11945000,63360,1208223.5,6852804.89010000,0
1714881600000,5.6141000,5.7441000,5.5781000,5.6936000,1334196.1,1714895999999,7536358.55849000,39530,692147.0,3910992.80717000,0
1714896000000,5.6936000,5.7826000,5.6704000,5.7628000,1730118.1,1714910399999,9930142.57123000,47446,837496.0,4807610.08591000,0
1714910400000,5.7628000,5.9881000,5.7353000,5.9601000,4387570.2,1714924799999,25704942.20873000,107282,2427211.7,14215948.48283000,0
1714924800000,5.9609000,5.9706000,5.8102000,5.8584000,2269536.9,1714939199999,13372758.08742000,67938,1050356.2,6188230.97557000,0
1714939200000,5.8580000,5.9800000,5.8455000,5.9684000,1099115.6,1714953599999,6487195.49794000,40172,576478.4,3402538.39879000,0
