open_time,open,high,low,close,volume,close_time,quote_volume,count,taker_buy_volume,taker_buy_quote_volume,ignore
1716076800000,6.3989000,6.4550000,6.3855000,6.4211000,1025194.5,1716091199999,6588296.90242000,40535,475808.5,3058038.03423000,0
1716091200000,6.4212000,6.5486000,6.3945000,6.5164000,2117621.8,1716105599999,13721132.64280000,58887,1073855.5,6958173.66457000,0
1716105600000,6.5163000,6.5739000,6.4236000,6.4584000,2637514.6,1716119999999,17140156.07046000,71105,1298173.5,8435251.81787000,0
1716120000000,6.4584000,6.4836000,6.3573000,6.3878000,2307221.2,1716134399999,14780053.48522000,70402,1170361.3,7499056.19903000,0
1716134400000,6.3885000,6.4464000,6.3163000,6.3177000,2205885.7,1716148799999,14087616.47729000,63668,1044541.3,6674167.00191000,0
1716148800000,6.3172000,6.3516000,6.2275000,6.2592000,2111663.4,1716163199999,13280089.68265000,56063,985440.0,6201311.95483000,0
