open_time,open,high,low,close,volume,close_time,quote_volume,count,taker_buy_volume,taker_buy_quote_volume,ignore
1715731200000,6.8433000,6.9857000,6.8125000,6.8729000,2416404.8,1715745599999,16673557.10569000,96446,1153777.0,7963656.31668000,0
1715745600000,6.8724000,7.0555000,6.8648000,6.9634000,3178088.0,1715759999999,22155806.89362000,112129,1643980.4,11459066.17455000,0
1715760000000,6.9634000,7.0032000,6.8310000,6.8667000,3783323.4,1715774399999,26147927.43013000,123410,1800919.5,12449237.22342000,0
1715774400000,6.8671000,7.0500000,6.8596000,6.9498000,6353639.4,1715788799999,44298651.38573000,219393,3150635.6,21976161.30148000,0
1715788800000,6.9503000,7.0359000,6.9108000,6.9830000,3157113.4,1715803199999,22025385.77691000,124595,1554086.8,10845533.11191000,0
1715803200000,6.9829000,7.1464000,6.8772000,6.9926000,4215771.9,1715817599999,29480080.78355000,141762,2143927.4,15002919.06316000,0
