open_time,open,high,low,close,volume,close_time,quote_volume,count,taker_buy_volume,taker_buy_quote_volume,ignore
1716595200000,6.3873000,6.4134000,6.3125000,6.3482000,1591127.2,1716609599999,10111869.13417000,51585,748092.6,4754903.97572000,0
1716609600000,6.3492000,6.3681000,6.2923000,6.3492000,1372055.6,1716623999999,8690113.62561000,43561,706350.1,4474330.19097000,0
1716624000000,6.3492000,6.4590000,6.3430000,6.3777000,2166260.8,1716638399999,13853126.44132000,51958,1156842.0,7400215.39104000,0
1716638400000,6.3778000,6.4753000,6.3692000,6.4434000,1710355.6,1716652799999,10991159.80829000,48943,808386.5,5194999.04275000,0
1716652800000,6.4440000,6.4957000,6.3714000,6.4009000,1665373.8,1716667199999,10714821.90288000,41312,779737.6,5016508.94076000,0
1716667200000,6.4026000,6.4114000,6.3686000,6.3849000,516669.5,1716681599999,3299721.79649000,18315,234005.8,1494549.42125000,0
