open_time,open,high,low,close,volume,close_time,quote_volume,count,taker_buy_volume,taker_buy_quote_volume,ignore
1717027200000,6.5058000,6.5670000,6.5056000,6.5304000,1130462.2,1717041599999,7391943.74104000,34521,543580.9,3554828.20671000,0
1717041600000,6.5306000,6.5535000,6.3739000,6.3889000,1971494.5,1717055999999,12740413.93832000,48187,869102.7,5620142.54534000,0
1717056000000,6.3889000,6.5365000,6.3247000,6.4737000,2598469.7,1717070399999,16740840.31630000,67318,1246390.9,8041015.57641000,0
1717070400000,6.4738000,6.5300000,6.4572000,6.5206000,1473448.9,1717084799999,9573875.77199000,44576,746538.6,4852155.62459000,0
1717084800000,6.5206000,6.5644000,6.4740000,6.4868000,1423410.2,1717099199999,9297311.30171000,46789,635925.7,4155137.12579000,0
1717099200000,6.4866000,6.5015000,6.4428000,6.4661000,803956.0,1717113599999,5206586.33567000,28992,355819.1,2304768.92015000,0
