open_time,open,high,low,close,volume,close_time,quote_volume,count,taker_buy_volume,taker_buy_quote_volume,ignore
1714694400000,5.1312000,5.3470000,5.1014000,5.3172000,2483933.3,1714708799999,13050613.73291000,73724,1272605.4,6685297.71033000,0
1714708800000,5.3179000,5.3973000,5.2457000,5.2934000,3193733.6,1714723199999,16965015.14059000,94475,1415548.6,7522006.31024000,0
1714723200000,5.2942000,5.4094000,5.2200000,5.2625000,3985495.9,1714737599999,21244533.27017000,101391,1920728.9,10241684.71134000,0
1714737600000,5.2627000,5.5538000,5.2500000,5.4699000,6492344.9,1714751999999,35330047.06380000,159549,3212098.0,17474474.01876000,0
1714752000000,5.4699000,5.7985000,5.4695000,5.7288000,6127300.9,1714766399999,34637964.50028000,144920,3066041.0,17332399.15809000,0
1714766400000,5.7287000,5.7999000,5.6636000,5.6884000,2769088.8,1714780799999,15905629.56745000,77425,1345517.3,7731202.97459000,0
