open_time,open,high,low,close,volume,close_time,quote_volume,count,taker_buy_volume,taker_buy_quote_volume,ignore
1716249600000,6.5530000,6.6530000,6.4740000,6.5966000,2873299.9,1716263999999,18867874.59418000,80063,1388228.6,9122049.23593000,0
1716264000000,6.5966000,6.6908000,6.5490000,6.6889000,2313948.7,1716278399999,15330017.17984000,63300,1162047.6,7701385.80081000,0
1716278400000,6.6889000,6.7310000,6.5210000,6.5300000,2989982.9,1716292799999,19829460.28907000,84085,1362381.9,9040899.95955000,0
1716292800000,6.5299000,6.5332000,6.3225000,6.3370000,5336764.9,1716307199999,34222475.28197000,135350,2477293.9,15888116.25808000,0
1716307200000,6.3371000,6.4469000,6.3000000,6.3336000,2186668.4,1716321599999,13949963.99303000,70464,1088795.2,6950299.09109000,0
1716321600000,6.3340000,6.3756000,6.3057000,6.3212000,1278999.3,1716335999999,8100889.32061000,38453,595608.0,3773022.17429000,0
