open_time,open,high,low,close,volume,close_time,quote_volume,count,taker_buy_volume,taker_buy_quote_volume,ignore
1715558400000,6.9508000,7.0755000,6.7550000,6.8908000,6859371.6,1715572799999,47411535.35189000,217429,3269940.4,22599801.96125000,0
1715572800000,6.8907000,7.2730000,6.8124000,7.2646000,14318207.9,1715587199999,101472193.04513000,380058,7288780.8,51673133.90994000,0
1715587200000,7.2646000,7.4500000,7.1969000,7.3504000,18192435.2,1715601599999,133494635.44834000,478737,9008315.2,66114930.39320000,0
1715601600000,7.3505000,7.3649000,7.1730000,7.2527000,8037966.9,1715615999999,58206315.60193000,249921,3861847.4,27972414.64853000,0
1715616000000,7.2527000,7.3538000,7.2210000,7.2816000,6520840.6,1715630399999,47523087.36182000,216446,3418486.3,24914896.03783000,0
1715630400000,7.2816000,7.2820000,7.0001000,7.0106000,5233611.9,1715644799999,37184337.29513000,166178,2326793.5,16538356.19375000,0
