open_time,open,high,low,close,volume,close_time,quote_volume,count,taker_buy_volume,taker_buy_quote_volume,ignore
1714521600000,5.1638000,5.1800000,5.0488000,5.0816000,1603441.9,1714535999999,8171272.92705000,57477,715823.5,3648349.96379000,0
1714536000000,5.0814000,5.0896000,4.7165000,4.7662000,5950672.1,1714550399999,28937355.73384000,132399,2551237.8,12411699.36432000,0
1714550400000,4.7664000,4.8236000,4.6415000,4.7399000,5554255.7,1714564799999,26275422.58479000,126364,2663863.8,12609738.37106000,0
1714564800000,4.7401000,4.8157000,4.5983000,4.6127000,4291682.6,1714579199999,20205246.00418000,113557,1974439.7,9302675.75749000,0
1714579200000,4.6130000,4.9661000,4.6006000,4.7687000,6333059.2,1714593599999,30383708.93113000,147956,3186074.9,15284055.08380000,0
1714593600000,4.7691000,4.9211000,4.7342000,4.8806000,2009973.4,1714607999999,9725635.57876000,61546,985282.1,4767026.69557000,0
