open_time,open,high,low,close,volume,close_time,quote_volume,count,taker_buy_volume,taker_buy_quote_volume,ignore
1715385600000,6.7693000,6.8776000,6.6932000,6.7936000,5722910.4,1715399999999,38900928.50775000,180458,2761291.2,18772630.28334000,0
1715400000000,6.7929000,7.0054000,6.7376000,6.8284000,8559146.8,1715414399999,58897042.02685000,225069,4157387.2,28615430.80308000,0
1715414400000,6.8291000,6.8350000,6.6115000,6.6409000,6488824.2,1715428799999,43356911.59993000,173972,2967175.4,19827365.46652000,0
1715428800000,6.6410000,6.8499000,6.6347000,6.8355000,4174195.7,1715443199999,28184621.56730000,147597,2128688.8,14375876.28433000,0
1715443200000,6.8355000,6.9313000,6.7642000,6.9162000,3398681.9,1715457599999,23301571.32906000,136131,1677353.3,11504091.23866000,0
1715457600000,6.9157000,6.9199000,6.7672000,6.8929000,2724334.0,1715471999999,18662806.13998000,99347,1329628.2,9111773.08400000,0
