open_time,open,high,low,close,volume,close_time,quote_volume,count,taker_buy_volume,taker_buy_quote_volume,ignore
1715212800000,5.7577000,5.9768000,5.7564000,5.9458000,2010076.2,1715227199999,11844713.09322000,56860,1036619.2,6109593.78004000,0
1715227200000,5.9462000,6.0899000,5.8748000,6.0312000,3347773.9,1715241599999,20095210.89071000,82997,1556539.1,9347069.13872000,0
1715241600000,6.0312000,6.0672000,5.8856000,5.9874000,3934158.4,1715255999999,23525997.42840000,92825,1704142.0,10193952.11563000,0
1715256000000,5.9874000,6.3854000,5.9534000,6.3286000,10872142.5,1715270399999,67120721.17534000,213065,5491282.2,33921183.88794000,0
1715270400000,6.3285000,6.4500000,6.1071000,6.4237000,8116497.0,1715284799999,50990341.90954000,179675,4186730.2,26308226.95316000,0
1715284800000,6.4247000,6.4760000,6.3361000,6.4130000,3116446.9,1715299199999,19936192.50306000,89846,1589657.9,10170943.36680000,0
