open_time,open,high,low,close,volume,close_time,quote_volume,count,taker_buy_volume,taker_buy_quote_volume,ignore
1716336000000,6.3200000,6.3713000,6.2659000,6.2743000,1498477.0,1716350399999,9471801.56162000,43497,752652.7,4759740.68133000,0
1716350400000,6.2743000,6.3382000,6.2101000,6.3064000,2061471.4,1716364799999,12941210.07954000,55501,1058399.8,6646222.75875000,0
1716364800000,6.3063000,6.3455000,6.2631000,6.2650000,1349277.2,1716379199999,8511736.35751000,41587,668921.6,4220599.92247000,0
1716379200000,6.2665000,6.4087000,6.1435000,6.3907000,3824261.4,1716393599999,24051695.08358000,90631,1806922.9,11375349.09812000,0
1716393600000,6.3908000,6.6256000,6.3549000,6.5921000,9430504.5,1716407999999,61607441.26667000,196438,4585826.8,29961316.80374000,0
1716408000000,6.5922000,6.6282000,6.4706000,6.5426000,2777400.2,1716422399999,18198929.41814000,72322,1344623.4,8814460.57798000,0
