open_time,open,high,low,close,volume,close_time,quote_volume,count,taker_buy_volume,taker_buy_quote_volume,ignore
1714608000000,4.8812000,4.8859000,4.6860000,4.7458000,1925659.5,1714622399999,9179786.03102000,65396,946731.8,4512493.63589000,0
1714622400000,4.7458000,4.7839000,4.6788000,4.7518000,1656447.6,1714636799999,7837603.23097000,49981,869119.7,4112873.61866000,0
1714636800000,4.7516000,4.9008000,4.7339000,4.8845000,2355450.2,1714651199999,11393308.35744000,65065,1165835.0,5641184.44427000,0
1714651200000,4.8846000,5.0969000,4.7782000,5.0422000,6332811.2,1714665599999,31140300.21488000,124766,3100524.9,15241918.93214000,0
1714665600000,5.0429000,5.1876000,4.9717000,5.1638000,4213653.9,1714679999999,21516180.42222000,108981,2050105.9,10473082.41199000,0
1714680000000,5.1639000,5.2716000,5.0864000,5.1302000,2636224.2,1714694399999,13674194.84978000,75593,1231086.7,6391191.66151000,0
