open_time,open,high,low,close,volume,close_time,quote_volume,count,taker_buy_volume,taker_buy_quote_volume,ignore
1715299200000,6.4132000,6.4678000,6.3083000,6.4346000,2663299.7,1715313599999,17011347.09613000,77030,1236461.6,7897564.52437000,0
1715313600000,6.4349000,6.9468000,6.4010000,6.8962000,8922843.3,1715327999999,59927501.55843000,241566,4462088.4,29970388.21332000,0
1715328000000,6.8952000,7.0077000,6.7801000,6.9865000,10795874.0,1715342399999,74561805.84364000,306846,5295582.0,36590180.54287000,0
1715342400000,6.9865000,7.2000000,6.6037000,6.7535000,29046241.7,1715356799999,200410328.28443000,635954,13823694.8,95440164.43324000,0
1715356800000,6.7535000,6.8086000,6.5615000,6.7237000,10847873.1,1715371199999,72584330.81591000,288652,5255124.8,35176847.09540000,0
1715371200000,6.7246000,6.8527000,6.6151000,6.7684000,4592587.4,1715385599999,30829456.64576000,150532,2255313.4,15143579.19521000,0
