open_time,open,high,low,close,volume,close_time,quote_volume,count,taker_buy_volume,taker_buy_quote_volume,ignore
1715126400000,5.6498000,5.7687000,5.6007000,5.7685000,1477299.1,1715140799999,8372429.02732000,45891,771485.7,4376128.06483000,0
1715140800000,5.7685000,5.8257000,5.6061000,5.6400000,2690803.6,1715155199999,15413238.72517000,72344,1296946.1,7422727.21242000,0
1715155200000,5.6395000,5.7363000,5.6027000,5.6964000,1980817.4,1715169599999,11229980.81478000,53982,979676.0,5552742.61257000,0
1715169600000,5.6968000,5.9294000,5.6968000,5.8052000,3450710.1,1715183999999,20048800.98224000,92839,1680541.4,9765288.87234000,0
1715184000000,5.8063000,5.8643000,5.7219000,5.7613000,1814241.1,1715198399999,10505813.94262000,47940,870691.5,5043324.78368000,0
1715198400000,5.7625000,5.7856000,5.6820000,5.7593000,1444315.0,1715212799999,8275145.63518000,45714,645200.2,3696932.88057000,0
