open_time,open,high,low,close,volume,close_time,quote_volume,count,taker_buy_volume,taker_buy_quote_volume,ignore
1709769600000,66128.00,66539.00,65609.30,65852.80,52072.799,1709791199999,3440605334.60826,826044,26331.454,1740086634.98993,0
1709791200000,65852.80,67350.00,65723.60,66974.90,66729.785,1709812799999,4447756818.99807,1083022,33810.955,2253604498.77715,0
1709812800000,66975.00,68101.30,66588.00,67655.10,121397.655,1709834399999,8171554171.95046,1661552,60716.463,4087719350.58254,0
1709834400000,67656.40,67974.80,66852.10,66870.00,55892.549,1709855999999,3771557264.60181,834909,26795.878,1808378161.41963,0
