open_time,open,high,low,close,volume,close_time,quote_volume,count,taker_buy_volume,taker_buy_quote_volume,ignore
1709683200000,63747.50,66498.60,62829.30,66475.90,118212.984,1709704799999,7607630500.39696,1444779,61105.766,3934537801.83816,0
1709704800000,66476.40,67729.50,65528.50,67383.90,139358.231,1709726399999,9297823521.07949,1674087,69606.613,4645069845.40869,0
1709726400000,67383.90,67689.80,64615.50,67397.20,210641.280,1709747999999,13982650463.33878,2678133,102530.914,6807044581.20979,0
1709748000000,67397.20,67570.00,65750.60,66128.10,65799.318,1709769599999,4394605170.79485,983081,31723.233,2119064935.66330,0
