open_time,open,high,low,close,volume,close_time,quote_volume,count,taker_buy_volume,taker_buy_quote_volume,ignore
1709596800000,68296.50,68824.70,65021.10,67062.40,163732.014,1709618399999,11061155492.78195,2041646,78110.266,5278562757.39631,0
1709618400000,67062.40,67566.70,65600.00,66749.00,111650.061,1709639999999,7450008269.01927,1510939,54564.695,3641703194.53354,0
1709640000000,66749.10,69350.00,63500.10,65660.70,393724.928,1709661599999,26187153119.29977,4152598,191193.052,12721414356.62072,0
1709661600000,65660.70,65660.70,59112.00,63747.40,383918.129,1709683199999,24087180300.17934,3882645,182257.158,11441685925.14815,0
