open_time,open,high,low,close,volume,close_time,quote_volume,count,taker_buy_volume,taker_buy_quote_volume,ignore
1709856000000,66870.00,67339.60,66800.00,66961.40,32120.761,1709877599999,2154025639.24040,532084,16502.639,1106851924.59610,0
1709877600000,66961.40,67838.00,66891.10,67822.00,46931.988,1709899199999,3162540229.08894,728101,24050.361,1620720578.94694,0
1709899200000,67821.50,70330.80,66120.00,68402.20,288753.133,1709920799999,19637744633.99809,3431585,145452.451,9898135585.91000,0
1709920800000,68402.20,69447.00,67820.00,68180.20,91581.325,1709942399999,6289729565.86411,1288922,45563.292,3130273700.78355,0
