open_time,open,high,low,close,volume,close_time,quote_volume,count,taker_buy_volume,taker_buy_quote_volume,ignore
1710633600000,65351.00,66630.70,65166.60,66284.10,65770.842,1710655199999,4345119755.61910,934127,32254.015,2130794292.56309,0
1710655200000,66284.00,67600.00,64559.80,67015.00,125178.760,1710676799999,8271515977.29212,1619588,62119.573,4106002949.42285,0
1710676800000,67014.90,68757.10,66500.00,68592.40,82807.014,1710698399999,5596348232.24634,1205379,42545.034,2876322232.05842,0
1710698400000,68592.40,68972.40,68001.60,68447.90,41133.693,1710719999999,2815352138.73579,682108,20828.309,1425796507.14660,0
