open_time,open,high,low,close,volume,close_time,quote_volume,count,taker_buy_volume,taker_buy_quote_volume,ignore
1711324800000,67260.90,67780.00,66427.60,67395.00,60693.900,1711346399999,4070843229.61868,937849,30444.952,2042046093.20634,0
1711346400000,67395.10,67450.10,66744.00,66855.90,46623.301,1711367999999,3126437113.40932,749903,22458.842,1506203782.89358,0
1711368000000,66855.10,70888.00,66825.50,70605.80,199284.361,1711389599999,13791192494.41730,2665456,103818.893,7183443138.32890,0
1711389600000,70605.90,71228.30,69608.90,69920.50,88554.629,1711411199999,6243622528.75364,1263146,43772.174,3086935561.61600,0
