open_time,open,high,low,close,volume,close_time,quote_volume,count,taker_buy_volume,taker_buy_quote_volume,ignore
1710460800000,71455.60,72500.00,66660.10,67478.80,256218.033,1710482399999,17649103964.70370,3299438,120215.147,8282446502.98490,0
1710482400000,67478.70,68910.50,65580.00,67818.30,201200.342,1710503999999,13572437593.35879,2729439,98503.603,6647913233.95574,0
1710504000000,67818.30,68777.00,67444.90,68262.30,108655.686,1710525599999,7400715167.43954,1586821,53482.243,3643478708.02321,0
1710525600000,68262.20,70715.90,67420.00,69552.20,139736.624,1710547199999,9650332346.93000,1816801,71099.735,4911898766.53844,0
