open_time,open,high,low,close,volume,close_time,quote_volume,count,taker_buy_volume,taker_buy_quote_volume,ignore
1710547200000,69552.10,70097.60,68646.00,69032.40,51324.943,1710568799999,3560535067.01007,853322,24778.637,1719182937.01462,0
1710568800000,69032.40,69527.60,67739.60,68300.10,53987.952,1710590399999,3709898790.46068,786585,25640.370,1762590034.80132,0
1710590400000,68300.00,68557.60,67166.00,67325.90,72500.599,1710611999999,4930022432.13609,1078475,35331.360,2403283860.99221,0
1710612000000,67326.00,67785.00,64750.00,65351.00,155612.635,1710633599999,10341267448.48053,2009987,73060.768,4858859258.43479,0
