open_time,open,high,low,close,volume,close_time,quote_volume,count,taker_buy_volume,taker_buy_quote_volume,ignore
1709424000000,62039.90,62181.20,61700.00,61954.80,22126.776,1709445599999,1370628524.63775,382968,11056.952,684958272.32951,0
1709445600000,61954.80,62112.80,61339.50,61900.00,52250.504,1709467199999,3224873354.94612,753342,24724.114,1526199859.50538,0
1709467200000,61900.00,63079.00,61885.60,62635.80,85139.476,1709488799999,5317509799.21881,1191048,43449.648,2713653990.72913,0
1709488800000,62635.90,63330.90,62635.80,63178.50,40795.747,1709510399999,2567574582.67930,649132,21458.712,1350637806.48505,0
