open_time,open,high,low,close,volume,close_time,quote_volume,count,taker_buy_volume,taker_buy_quote_volume,ignore
1710115200000,69001.80,69016.30,67000.00,68609.20,80569.743,1710136799999,5499215000.08030,1126101,39283.185,2681703761.76128,0
1710136800000,68609.10,72346.30,68502.40,71558.60,201167.616,1710158399999,14298499115.17243,2556534,102186.312,7260513128.55541,0
1710158400000,71558.60,72772.50,71405.20,72548.00,128764.568,1710179999999,9293677116.97803,1888723,65206.507,4706524216.03279,0
1710180000000,72548.00,72890.00,71800.00,72153.80,63894.970,1710201599999,4626725086.25634,853426,31480.805,2280043609.12204,0
