open_time,open,high,low,close,volume,close_time,quote_volume,count,taker_buy_volume,taker_buy_quote_volume,ignore
1710979200000,67876.40,68293.90,66129.00,67059.30,87961.953,1711000799999,5911880652.58766,1354714,44166.517,2968534475.55634,0
1711000800000,67059.20,67716.60,66695.60,67082.30,60687.478,1711022399999,4075049450.86826,986901,30102.482,2021742221.19172,0
1711022400000,67082.30,67774.30,65715.00,65785.10,104097.758,1711043999999,6952458574.08221,1586185,50768.579,3392312152.21044,0
1711044000000,65784.60,66000.00,64550.10,65539.90,94471.196,1711065599999,6174898756.43489,1386498,45663.888,2985849659.39899,0
