open_time,open,high,low,close,volume,close_time,quote_volume,count,taker_buy_volume,taker_buy_quote_volume,ignore
1710720000000,68447.90,69044.40,66814.60,68746.50,77055.876,1710741599999,5235321740.05366,1229028,38404.505,2609586181.40480,0
1710741600000,68746.60,68783.40,67350.60,68307.70,59693.610,1710763199999,4065057055.88681,1009654,29545.383,2012071696.79037,0
1710763200000,68307.60,68685.30,66601.60,67432.20,136874.407,1710784799999,9238859903.32782,1963063,67778.642,4575341427.72797,0
1710784800000,67432.30,68054.90,66910.90,67660.00,44262.023,1710806399999,2986730623.83687,727444,21789.526,1470483677.85917,0
