open_time,open,high,low,close,volume,close_time,quote_volume,count,taker_buy_volume,taker_buy_quote_volume,ignore
1709337600000,62430.60,62513.10,61820.00,62072.40,45917.123,1709359199999,2855210983.94084,704616,22703.332,1411913127.86064,0
1709359200000,62072.40,62337.10,61711.50,61900.00,42083.380,1709380799999,2609472730.26419,659125,20580.065,1276384191.45316,0
1709380800000,61900.00,62248.20,61605.00,61836.70,43673.448,1709402399999,2703951266.68574,649504,21686.244,1342756225.39080,0
1709402400000,61836.60,62276.60,61720.00,62039.90,27609.678,1709423999999,1711438081.53102,432076,13187.413,817531532.44198,0
