open_time,open,high,low,close,volume,close_time,quote_volume,count,taker_buy_volume,taker_buy_quote_volume,ignore
1711756800000,69903.60,70388.00,69753.30,70075.10,29238.293,1711778399999,2047855499.25623,459749,14555.238,1019562425.61743,0
1711778400000,70075.00,70254.70,69872.30,70237.10,20425.514,1711799999999,1431211416.66530,316255,10113.304,708743748.89990,0
1711800000000,70237.10,70373.80,69959.50,70100.00,21191.192,1711821599999,1486649464.86260,341525,10516.089,737820619.00900,0
1711821600000,70099.90,70101.30,69577.20,69642.10,20271.751,1711843199999,1415462590.46380,351738,9676.997,675725519.85710,0
