open_time,open,high,low,close,volume,close_time,quote_volume,count,taker_buy_volume,taker_buy_quote_volume,ignore
1710028800000,68360.20,69780.00,68262.50,69402.20,65298.692,1710050399999,4512591151.27523,940365,33571.286,2319855384.26075,0
1710050400000,69402.20,69999.80,69125.60,69639.50,56274.065,1710071999999,3920441510.18062,835662,27930.432,1946075073.65852,0
1710072000000,69639.60,69937.70,68672.90,69484.00,65548.743,1710093599999,4550889872.43765,920397,32634.329,2266001854.58941,0
1710093600000,69484.00,69545.00,68155.00,69001.80,46475.023,1710115199999,3201471307.77973,679296,22025.359,1517631032.37966,0
