open_time,open,high,low,close,volume,close_time,quote_volume,count,taker_buy_volume,taker_buy_quote_volume,ignore
1709510400000,63178.50,64429.30,62299.00,63406.10,121682.669,1709531999999,7736016558.95793,1568071,61236.111,3894129372.64952,0
1709532000000,63406.10,65717.40,63375.30,65314.00,137757.038,1709553599999,8940797630.79457,1885891,71023.389,4609131949.73314,0
1709553600000,65313.90,67648.60,64566.30,66935.90,203683.474,1709575199999,13489922938.93346,2653821,100817.976,6678718524.27964,0
1709575200000,66936.00,68600.00,66156.10,68296.40,169758.963,1709596799999,11440255535.88732,2514703,82877.018,5587365798.44583,0
