open_time,open,high,low,close,volume,close_time,quote_volume,count,taker_buy_volume,taker_buy_quote_volume,ignore
1710288000000,71503.30,72300.00,71388.10,72227.40,39048.699,1710309599999,2810786697.65736,680316,20301.191,1461454302.33756,0
1710309600000,72227.50,73755.00,72180.00,73149.90,90399.571,1710331199999,6614582629.54667,1301634,46534.112,3404584743.42077,0
1710331200000,73149.80,73276.90,71671.10,72889.30,119212.895,1710352799999,8661741046.61554,1760331,58817.145,4274437561.62034,0
1710352800000,72889.30,73485.10,72777.90,73127.60,39785.173,1710374399999,2909570158.16644,671493,19114.765,1398016519.03354,0
