open_time,open,high,low,close,volume,close_time,quote_volume,count,taker_buy_volume,taker_buy_quote_volume,ignore
1711411200000,69920.60,70729.70,69782.20,70344.10,42612.963,1711432799999,2997121642.26420,664335,21035.286,1479333848.56560,0
1711432800000,70344.20,71649.00,70295.90,70734.20,82563.762,1711454399999,5856741061.53982,1182429,42419.583,3009632437.59843,0
1711454400000,70734.10,71200.00,69320.00,70125.40,136016.840,1711475999999,9550060913.24838,1848560,67373.963,4731376801.48084,0
1711476000000,70125.40,70478.20,69420.00,70044.10,46667.551,1711497599999,3265962495.70216,775655,23015.005,1610809506.65674,0
