open_time,open,high,low,close,volume,close_time,quote_volume,count,taker_buy_volume,taker_buy_quote_volume,ignore
1711065600000,65539.90,66484.80,65163.00,66470.10,53654.021,1711087199999,3532660440.88116,918265,27397.896,1804435767.90073,0
1711087200000,66470.20,66691.90,64102.00,64268.00,78510.289,1711108799999,5133891978.96010,1143421,35478.590,2320841424.55570,0
1711108800000,64268.10,64729.10,62614.50,63624.20,188328.060,1711130399999,11971435996.84106,2413291,91157.519,5796460568.11365,0
1711130400000,63624.10,64168.00,62294.00,63826.00,80656.963,1711151999999,5104810146.19546,1135936,39208.853,2482890708.73638,0
