open_time,open,high,low,close,volume,close_time,quote_volume,count,taker_buy_volume,taker_buy_quote_volume,ignore
1710806400000,67660.00,68178.60,64675.20,65265.90,163484.050,1710827999999,10786162769.98227,2181831,78415.767,5174319864.98347,0
1710828000000,65265.80,65498.50,62545.00,63137.10,217905.649,1710849599999,13899416893.11855,2698079,107480.915,6856481111.34449,0
1710849600000,63137.10,65802.80,62412.10,64916.50,194833.305,1710871199999,12454763298.76629,2408046,97461.578,6228849620.74327,0
1710871200000,64916.40,65353.80,61582.80,61974.10,124243.791,1710892799999,7882070743.57061,1595884,58028.950,3684957286.57589,0
