open_time,open,high,low,close,volume,close_time,quote_volume,count,taker_buy_volume,taker_buy_quote_volume,ignore
1711152000000,63826.10,64418.00,63020.20,64106.60,61760.740,1711173599999,3941720989.67596,851933,30839.079,1968620718.52131,0
1711173600000,64106.70,64887.60,64010.80,64674.90,52562.053,1711195199999,3389983377.32628,723802,26060.029,1680940087.16668,0
1711195200000,64674.80,66050.00,64320.00,65701.10,76918.496,1711216799999,5014240764.79097,1012565,39959.196,2605588980.80377,0
1711216800000,65701.20,65727.70,63861.90,64020.30,47882.711,1711238399999,3108519310.00476,667474,22042.702,1431453421.96990,0
