open_time,open,high,low,close,volume,close_time,quote_volume,count,taker_buy_volume,taker_buy_quote_volume,ignore
1711843200000,69642.00,70555.60,69608.00,70428.60,29572.480,1711864799999,2073092981.77994,445297,16091.672,1128185121.66644,0
1711864800000,70428.60,70549.50,70200.00,70442.60,19629.684,1711886399999,1381397122.05700,331653,9421.558,663115667.29120,0
1711886400000,70442.60,70824.00,70329.60,70573.30,33680.355,1711907999999,2377526758.06550,472677,16306.386,1151195242.02370,0
1711908000000,70573.30,71495.50,70488.40,71363.00,49576.271,1711929599999,3523662100.84471,705662,26830.338,1906972521.39681,0
