open_time,open,high,low,close,volume,close_time,quote_volume,count,taker_buy_volume,taker_buy_quote_volume,ignore
1711670400000,70838.80,70976.90,70231.00,70237.10,27944.641,1711691999999,1972394544.46137,498598,12833.332,905958967.60800,0
1711692000000,70237.00,70574.60,69612.80,70182.90,57767.302,1711713599999,4045986635.22002,859902,28749.958,2014061960.35340,0
1711713600000,70183.00,70704.80,69000.00,69465.30,79094.136,1711735199999,5521389722.11176,1134727,37055.837,2587369297.23374,0
1711735200000,69465.20,69970.10,69327.00,69903.60,23164.762,1711756799999,1613771490.69792,405559,11673.482,813336553.20102,0
