open_time,open,high,low,close,volume,close_time,quote_volume,count,taker_buy_volume,taker_buy_quote_volume,ignore
1711584000000,69532.60,70081.90,68941.00,69758.00,44544.091,1711605599999,3098832381.51074,705161,21894.840,1523398683.07474,0
1711605600000,69757.90,71050.00,69685.80,70707.70,67747.961,1711627199999,4778802304.15833,1001034,34490.350,2432708738.23323,0
1711627200000,70707.70,71636.20,70411.00,70848.00,99132.216,1711648799999,7041755097.64869,1465370,49722.298,3532524715.70449,0
1711648800000,70847.90,71138.00,70455.60,70838.70,30774.957,1711670399999,2179319358.07180,520228,15683.923,1110787329.57450,0
