open_time,open,high,low,close,volume,close_time,quote_volume,count,taker_buy_volume,taker_buy_quote_volume,ignore
1711238400000,64020.40,64770.30,63822.00,64343.40,41354.323,1711259999999,2657505647.86433,642462,21828.462,1402835086.33978,0
1711260000000,64343.50,65432.90,64060.90,65371.90,50975.387,1711281599999,3306523198.72012,729307,26863.633,1742801349.56722,0
1711281600000,65371.90,65974.70,64635.00,65384.70,73505.670,1711303199999,4811157079.43987,1109594,36188.499,2369203842.65446,0
1711303200000,65384.40,67700.00,65378.80,67260.90,78344.055,1711324799999,5213364911.59562,1193073,42572.525,2832866167.15372,0
