open_time,open,high,low,close,volume,close_time,quote_volume,count,taker_buy_volume,taker_buy_quote_volume,ignore
1710892800000,61974.10,63544.10,60800.00,61596.40,170571.903,1710914399999,10603831112.29976,2131034,83106.251,5169729988.77884,0
1710914400000,61596.00,64010.00,61567.20,63432.00,112352.762,1710935999999,7065026425.87203,1456971,59079.208,3715149549.18773,0
1710936000000,63432.00,64872.00,62057.70,64149.90,185346.228,1710957599999,11796376961.29600,2304459,92520.434,5890191842.84275,0
1710957600000,64149.90,68140.00,63908.00,67876.40,169091.572,1710979199999,11225884267.42606,2188825,88039.530,5844374807.19459,0
