open_time,open,high,low,close,volume,close_time,quote_volume,count,taker_buy_volume,taker_buy_quote_volume,ignore
1709942400000,68180.20,68436.90,67908.70,68299.60,23103.558,1709963999999,1575223485.66240,393169,11946.289,814600948.55710,0
1709964000000,68299.70,68608.70,67996.00,68360.30,31783.746,1709985599999,2171692083.55260,461683,14300.562,977248500.41740,0
1709985600000,68360.30,68580.00,68050.00,68218.30,25780.977,1710007199999,1760877428.26270,423369,12142.895,829476911.35620,0
1710007200000,68218.30,68497.80,68172.30,68360.10,14230.724,1710028799999,972899328.33640,259393,7191.533,491674412.27870,0
