open_time,open,high,low,close,volume,close_time,quote_volume,count,taker_buy_volume,taker_buy_quote_volume,ignore
1710374400000,73127.60,73769.60,72540.50,73210.60,52591.306,1710395999999,3844569395.88405,838127,26199.936,1915633127.87571,0
1710396000000,73210.70,73881.40,72678.00,72939.40,63312.398,1710417599999,4640573813.01832,988738,30447.230,2232126892.37954,0
1710417600000,72939.40,73115.50,69900.00,71097.20,220197.072,1710439199999,15744358665.87725,2933444,108676.245,7773099291.13953,0
1710439200000,71097.10,71785.00,68600.00,71455.50,177800.461,1710460799999,12487056545.19974,2325890,87317.710,6134307893.45113,0
