open_time,open,high,low,close,volume,close_time,quote_volume,count,taker_buy_volume,taker_buy_quote_volume,ignore
1709251200000,61203.30,61842.20,60844.80,61385.90,47427.726,1709272799999,2908037261.29972,797707,23448.846,1437801282.34533,0
1709272800000,61385.90,62332.00,61275.80,61927.70,59645.811,1709294399999,3692561700.66832,915459,29824.933,1846475398.97255,0
1709294400000,61927.70,62750.00,61200.00,61977.00,110158.042,1709315999999,6826668577.14383,1465171,54957.104,3405889838.52487,0
1709316000000,61976.90,63199.00,61889.00,62430.60,82000.248,1709337599999,5128073989.08786,1064225,40961.164,2561759010.57833,0
