open_time,open,high,low,close,volume,close_time,quote_volume,count,taker_buy_volume,taker_buy_quote_volume,ignore
1710201600000,72153.90,72571.00,71300.00,72043.00,61526.952,1710223199999,4427769155.82319,885523,29470.520,2121414512.80720,0
1710223200000,72043.00,72461.40,71438.50,72098.70,61826.884,1710244799999,4450363546.14868,1044292,30810.272,2217933388.59336,0
1710244800000,72098.70,73370.00,68600.00,71161.20,265811.928,1710266399999,18901595754.27926,3487055,129819.795,9235549256.00680,0
1710266400000,71161.20,71730.90,70531.50,71503.20,82906.567,1710287999999,5900233406.65867,1200079,41638.937,2963853746.37869,0
