open_time,open,high,low,close,volume,close_time,quote_volume,count,taker_buy_volume,taker_buy_quote_volume,ignore
1714262400000,63420.90,64350.00,62700.00,63088.30,126056.151,1714348799999,8016661482.17870,2107056,61663.900,3922114045.40610,0
