open_time,open,high,low,close,volume,close_time,quote_volume,count,taker_buy_volume,taker_buy_quote_volume,ignore
1714348800000,63088.40,64200.00,61726.20,63842.40,228411.163,1714435199999,14315434994.61380,3576356,113518.040,7117036656.13180,0
