open_time,open,high,low,close,volume,close_time,quote_volume,count,taker_buy_volume,taker_buy_quote_volume,ignore
1714435200000,63842.40,64700.00,59150.00,60651.20,408747.703,1714521599999,25092892151.66800,5955376,198449.988,12187483940.32830,0
