open_time,open,high,low,close,volume,close_time,quote_volume,count,taker_buy_volume,taker_buy_quote_volume,ignore
1711929600000,5.4279000,5.5117000,5.0000000,5.2361000,6057170.5,1711958399999,31956352.38059000,178472,2773789.8,14645795.36930000,0
1711958400000,5.2369000,5.5479000,5.1904000,5.3347000,8751751.1,1711987199999,47140542.21293000,253371,4204634.9,22664800.40399000,0
1711987200000,5.3346000,5.3840000,5.2330000,5.3517000,3902923.1,1712015999999,20721013.01557000,124459,1902221.4,10099201.06121000,0
