open_time,open,high,low,close,volume,close_time,quote_volume,count,taker_buy_volume,taker_buy_quote_volume,ignore
1713916800000,5.7098000,5.9820000,5.6865000,5.8694000,7728070.7,1713945599999,45158783.62666000,269695,3745198.8,21881260.31070000,0
1713945600000,5.8697000,5.8797000,5.4546000,5.5171000,11116141.3,1713974399999,62936460.53452000,308867,5035800.6,28525647.60767000,0
1713974400000,5.5155000,5.6754000,5.4559000,5.5530000,6610262.3,1714003199999,36904938.98939000,228509,3173422.4,17726514.45566000,0
