open_time,open,high,low,close,volume,close_time,quote_volume,count,taker_buy_volume,taker_buy_quote_volume,ignore
1713657600000,6.2110000,6.3025000,6.1229000,6.2441000,6233992.7,1713686399999,38782606.39244000,247342,2903777.9,18067685.06256000,0
1713686400000,6.2439000,6.2750000,6.0750000,6.1072000,6990455.7,1713715199999,43194981.96329000,247003,3290049.8,20340285.59248000,0
1713715200000,6.1072000,6.1687000,5.9625000,6.1334000,5548697.1,1713743999999,33755218.22152000,214978,2578936.7,15697501.82352000,0
