open_time,open,high,low,close,volume,close_time,quote_volume,count,taker_buy_volume,taker_buy_quote_volume,ignore
1714435200000,5.3140000,5.4301000,5.2769000,5.3806000,3536073.2,1714463999999,18963183.72566000,99975,1759327.4,9435903.29365000,0
1714464000000,5.3809000,5.3843000,5.0337000,5.1780000,11821007.9,1714492799999,61767496.56910000,287997,5524477.1,28879650.26789000,0
1714492800000,5.1770000,5.2340000,4.9795000,5.1640000,8588248.6,1714521599999,43634302.66908000,211253,4139251.5,21037824.41424000,0
