open_time,open,high,low,close,volume,close_time,quote_volume,count,taker_buy_volume,taker_buy_quote_volume,ignore
1712188800000,4.9553000,5.0597000,4.8937000,5.0290000,1689599.6,1712217599999,8405721.48294000,65555,812201.5,4044586.41085000,0
1712217600000,5.0290000,5.1551000,5.0157000,5.1217000,2433649.4,1712246399999,12388463.04330000,84072,1238387.7,6306200.93810000,0
1712246400000,5.1217000,5.1526000,4.9768000,5.0986000,2066245.3,1712275199999,10490558.11003000,68042,951338.8,4831914.98944000,0
