open_time,open,high,low,close,volume,close_time,quote_volume,count,taker_buy_volume,taker_buy_quote_volume,ignore
1713139200000,6.7775000,7.2442000,6.7028000,7.0855000,13553164.4,1713167999999,94783274.11628000,463889,6822454.3,47711026.85051000,0
1713168000000,7.0846000,7.1613000,6.5863000,6.7874000,12909264.9,1713196799999,89564209.52694000,400308,6196932.7,43015792.27873000,0
1713196800000,6.7880000,6.9112000,6.5000000,6.5662000,11842985.2,1713225599999,79410904.78288000,410435,5771372.1,38721007.29416000,0
