open_time,open,high,low,close,volume,close_time,quote_volume,count,taker_buy_volume,taker_buy_quote_volume,ignore
1712620800000,6.3469000,7.0345000,6.2892000,6.8005000,29256357.7,1712649599999,197336808.37588000,665689,14622415.6,98678637.14218000,0
1712649600000,6.7994000,7.1298000,6.5000000,6.7173000,35458435.7,1712678399999,240299000.14107000,854832,17771533.9,120496793.01479000,0
1712678400000,6.7166000,6.8114000,6.5316000,6.7231000,10171107.6,1712707199999,68042132.82946000,348877,5149585.7,34457849.50611000,0
