open_time,open,high,low,close,volume,close_time,quote_volume,count,taker_buy_volume,taker_buy_quote_volume,ignore
1712102400000,4.8579000,5.1777000,4.7265000,5.0933000,3738872.8,1712131199999,18534811.14606000,108204,1793132.5,8903650.83479000,0
1712131200000,5.0942000,5.2261000,4.9901000,5.0043000,4468275.8,1712159999999,22825468.63513000,135025,2115728.0,10806437.42756000,0
1712160000000,5.0043000,5.0796000,4.9023000,4.9544000,2005911.1,1712188799999,10015607.00158000,63835,920754.8,4599186.54733000,0
