open_time,open,high,low,close,volume,close_time,quote_volume,count,taker_buy_volume,taker_buy_quote_volume,ignore
1712275200000,5.0979000,5.2419000,5.0459000,5.1846000,3533628.0,1712303999999,18191450.44056000,121696,1704713.9,8781445.15140000,0
1712304000000,5.1825000,5.4988000,5.1302000,5.3946000,9646545.9,1712332799999,51262011.14434000,282687,4715538.7,25066265.00912000,0
1712332800000,5.3951000,5.5115000,5.3100000,5.3252000,5258380.3,1712361599999,28454379.81407000,167636,2510242.0,13589073.70524000,0
