open_time,open,high,low,close,volume,close_time,quote_volume,count,taker_buy_volume,taker_buy_quote_volume,ignore
1714003200000,5.5525000,5.6388000,5.4219000,5.4639000,4822587.0,1714031999999,26601898.35272000,181343,2318826.3,12790742.55706000,0
1714032000000,5.4645000,5.4972000,5.1285000,5.4054000,11425083.4,1714060799999,60325768.96587000,299390,5437850.0,28701894.93061000,0
1714060800000,5.4052000,5.5487000,5.3801000,5.3967000,4428903.8,1714089599999,24253567.87489000,158954,2093334.8,11471896.50278000,0
