open_time,open,high,low,close,volume,close_time,quote_volume,count,taker_buy_volume,taker_buy_quote_volume,ignore
1713052800000,5.9578000,6.6000000,5.7116000,6.4992000,14678177.5,1713081599999,89105383.64181000,508300,7431089.3,45122527.34795000,0
1713081600000,6.4988000,6.6822000,6.2303000,6.4319000,14456314.7,1713110399999,93245836.31487000,498399,7227918.6,46641070.77509000,0
1713110400000,6.4329000,6.7990000,6.2222000,6.7792000,12522545.2,1713139199999,81739348.01979000,437390,6284094.9,41034900.82023000,0
