open_time,open,high,low,close,volume,close_time,quote_volume,count,taker_buy_volume,taker_buy_quote_volume,ignore
1712361600000,5.3261000,5.4465000,5.2891000,5.4093000,3013970.9,1712390399999,16175074.68281000,96093,1528339.6,8206361.00505000,0
1712390400000,5.4094000,5.5653000,5.3570000,5.4010000,5057434.0,1712419199999,27596482.33675000,141770,2407058.0,13137434.70745000,0
1712419200000,5.4003000,5.5600000,5.3807000,5.4907000,2355682.0,1712447999999,12903063.49528000,79326,1130337.5,6189819.32346000,0
