open_time,open,high,low,close,volume,close_time,quote_volume,count,taker_buy_volume,taker_buy_quote_volume,ignore
1712448000000,5.4907000,5.5054000,5.3800000,5.4405000,2245469.2,1712476799999,12179524.47211000,75969,1068391.6,5796695.51663000,0
1712476800000,5.4404000,5.4499000,5.3356000,5.3413000,2100596.8,1712505599999,11343593.74342000,64932,948044.2,5121716.36964000,0
1712505600000,5.3414000,5.4106000,5.3303000,5.3584000,1137420.6,1712534399999,6106995.94359000,52501,590400.2,3170629.90843000,0
