open_time,open,high,low,close,volume,close_time,quote_volume,count,taker_buy_volume,taker_buy_quote_volume,ignore
1714348800000,5.4214000,5.4918000,5.1974000,5.2746000,3644666.1,1714377599999,19426491.52016000,109488,1704931.6,9085920.99421000,0
1714377600000,5.2743000,5.3141000,5.2000000,5.2931000,3505665.2,1714406399999,18437576.33792000,107220,1756146.2,9240238.36107000,0
1714406400000,5.2931000,5.3611000,5.1750000,5.3138000,2841643.2,1714435199999,14943295.27340000,92631,1382897.4,7276333.27287000,0
