open_time,open,high,low,close,volume,close_time,quote_volume,count,taker_buy_volume,taker_buy_quote_volume,ignore
1712016000000,5.3526000,5.3886000,4.9851000,5.1688000,5717629.7,1712044799999,29398938.87674000,173959,2603587.3,13384359.39883000,0
1712044800000,5.1703000,5.2020000,4.8556000,4.9094000,7090944.8,1712073599999,35606736.76531000,183997,3283931.2,16508524.70214000,0
1712073600000,4.9093000,4.9881000,4.8518000,4.8562000,2297487.1,1712102399999,11295212.95918000,73960,1046410.5,5148723.93702000,0
