open_time,open,high,low,close,volume,close_time,quote_volume,count,taker_buy_volume,taker_buy_quote_volume,ignore
1712880000000,7.2564000,7.4900000,6.9899000,7.0312000,9139594.9,1712908799999,65897023.55183000,316970,4412365.2,31827164.33884000,0
1712908800000,7.0311000,7.2733000,7.0010000,7.0596000,9118776.9,1712937599999,65086942.14455000,268593,4520895.1,32254669.94066000,0
1712937600000,7.0605000,7.0716000,4.9354000,6.6201000,36716044.9,1712966399999,233113661.54664000,920557,17367312.3,110575247.86186000,0
