open_time,open,high,low,close,volume,close_time,quote_volume,count,taker_buy_volume,taker_buy_quote_volume,ignore
1712793600000,6.7761000,7.6750000,6.6920000,7.4903000,24307889.9,1712822399999,178216121.56586000,688472,12253314.5,89805141.42312000,0
1712822400000,7.4904000,7.5463000,7.1804000,7.3081000,13822830.3,1712851199999,101937638.54591000,476925,6671562.3,49233574.55245000,0
1712851200000,7.3082000,7.3372000,7.1453000,7.2565000,7305192.4,1712879999999,52848885.85499000,284140,3527681.5,25528178.77614000,0
