open_time,open,high,low,close,volume,close_time,quote_volume,count,taker_buy_volume,taker_buy_quote_volume,ignore
1713398400000,6.0830000,6.1911000,5.8062000,5.9160000,7314160.6,1713427199999,43862555.08124000,234488,3510279.2,21060578.70901000,0
1713427200000,5.9162000,6.3676000,5.8998000,6.2243000,13280776.6,1713455999999,81799401.88302000,351079,6498548.3,40034756.30190000,0
1713456000000,6.2243000,6.6087000,6.1762000,6.5165000,8322722.0,1713484799999,53224531.56877000,250280,4185723.8,26776308.08306000,0
