open_time,open,high,low,close,volume,close_time,quote_volume,count,taker_buy_volume,taker_buy_quote_volume,ignore
1713744000000,6.1331000,6.2407000,6.1002000,6.1406000,6588541.2,1713772799999,40680519.54919000,244814,3200570.6,19767019.62751000,0
1713772800000,6.1406000,6.1911000,6.0400000,6.0558000,5708232.4,1713801599999,34834651.61948000,196993,2649482.4,16170083.04395000,0
1713801600000,6.0559000,6.0799000,5.8087000,5.9302000,9310482.7,1713830399999,55320659.15444000,283145,4312145.5,25633362.79075000,0
