open_time,open,high,low,close,volume,close_time,quote_volume,count,taker_buy_volume,taker_buy_quote_volume,ignore
1713571200000,6.0612000,6.2274000,5.9049000,6.2240000,8382944.7,1713599999999,50861760.97532000,333275,4084402.0,24791473.75786000,0
1713600000000,6.2245000,6.3621000,6.0508000,6.1700000,10765276.6,1713628799999,66787213.68693000,407447,5139254.4,31902418.00918000,0
1713628800000,6.1700000,6.2772000,6.0609000,6.2110000,7921239.8,1713657599999,48872294.41026000,298264,3739164.0,23075136.89781000,0
