open_time,open,high,low,close,volume,close_time,quote_volume,count,taker_buy_volume,taker_buy_quote_volume,ignore
1713225600000,6.5667000,6.6949000,6.2666000,6.3658000,8531571.8,1713254399999,54951042.58349000,340589,4113104.3,26512995.19794000,0
1713254400000,6.3658000,6.3730000,5.9176000,5.9387000,12716998.1,1713283199999,78153935.44157000,394426,6107804.9,37559662.66446000,0
1713283200000,5.9386000,6.4488000,5.9116000,6.3403000,10354640.3,1713311999999,63822224.18470000,318463,5277192.0,32547130.67870000,0
