open_time,open,high,low,close,volume,close_time,quote_volume,count,taker_buy_volume,taker_buy_quote_volume,ignore
1712707200000,6.7240000,6.8999000,6.3606000,6.7860000,17685931.1,1712735999999,117823924.65733000,524568,8710892.9,58103734.08953000,0
1712736000000,6.7860000,6.9733000,6.5601000,6.8317000,15873917.7,1712764799999,107761846.43221000,530062,7802489.2,52985677.91553000,0
1712764800000,6.8329000,6.8629000,6.6069000,6.7754000,6128663.9,1712793599999,41141081.23979000,243551,3161056.2,21219627.34460000,0
