open_time,open,high,low,close,volume,close_time,quote_volume,count,taker_buy_volume,taker_buy_quote_volume,ignore
1713312000000,6.3411000,6.6920000,6.2675000,6.3723000,8758044.0,1713340799999,56748251.38250000,298195,4303077.8,27886008.32013000,0
1713340800000,6.3723000,6.4567000,6.0204000,6.0891000,10261141.0,1713369599999,63690740.45855000,309934,5009425.0,31090474.93968000,0
1713369600000,6.0875000,6.2493000,6.0122000,6.0836000,8613615.2,1713398399999,52838024.07247000,262343,4087847.6,25076255.81521000,0
