open_time,open,high,low,close,volume,close_time,quote_volume,count,taker_buy_volume,taker_buy_quote_volume,ignore
1713830400000,5.9302000,6.0700000,5.4954000,5.5425000,14017870.9,1713859199999,80432875.64378000,364188,6151843.0,35326179.78103000,0
1713859200000,5.5430000,5.7305000,5.4114000,5.6742000,13806436.5,1713887999999,77614465.70178000,392701,6603540.0,37151103.96658000,0
1713888000000,5.6745000,5.7654000,5.6134000,5.7098000,5703972.4,1713916799999,32504296.20405000,218291,2852646.8,16261521.91192000,0
