open_time,open,high,low,close,volume,close_time,quote_volume,count,taker_buy_volume,taker_buy_quote_volume,ignore
1714262400000,5.3995000,5.5962000,5.3859000,5.5498000,3489495.9,1714291199999,19156623.69694000,111135,1843024.0,10122454.62825000,0
1714291200000,5.5494000,5.5921000,5.3859000,5.5030000,4126293.4,1714319999999,22620393.21140000,115769,1889278.4,10361209.44580000,0
1714320000000,5.5040000,5.6000000,5.3990000,5.4199000,2762006.8,1714348799999,15226548.12027000,90715,1285872.7,7092371.69116000,0
