open_time,open,high,low,close,volume,close_time,quote_volume,count,taker_buy_volume,taker_buy_quote_volume,ignore
1713484800000,6.5165000,7.0125000,6.2100000,6.9071000,22690192.5,1713513599999,151121638.37485000,603975,11507479.4,76721040.48900000,0
1713513600000,6.9085000,7.2755000,6.2000000,6.3622000,65009586.6,1713542399999,435773692.23932000,1545281,31604317.5,211970509.20545000,0
1713542400000,6.3646000,6.3889000,5.9560000,6.0613000,16695710.4,1713571199999,102927071.62918000,537239,7963879.0,49124199.12787000,0
