open_time,open,high,low,close,volume,close_time,quote_volume,count,taker_buy_volume,taker_buy_quote_volume,ignore
1712534400000,5.3584000,5.5506000,5.3300000,5.4926000,2735575.4,1712563199999,14906811.44850000,89343,1401544.3,7639147.43539000,0
1712563200000,5.4923000,6.0460000,5.4859000,6.0057000,12739769.7,1712591999999,74153039.29600000,325745,6351872.6,36981258.48947000,0
1712592000000,6.0054000,6.5249000,6.0007000,6.3470000,17372266.6,1712620799999,108673279.59664000,442166,8568816.3,53609667.13259000,0
