open_time,open,high,low,close,volume,close_time,quote_volume,count,taker_buy_volume,taker_buy_quote_volume,ignore
1714089600000,5.3971000,5.4711000,5.2651000,5.3554000,4097219.4,1714118399999,22002609.05892000,145791,1970621.7,10583925.75740000,0
1714118400000,5.3554000,5.4475000,5.2895000,5.3493000,4863583.9,1714147199999,26154986.50201000,174204,2518036.8,13543145.73473000,0
1714147200000,5.3490000,5.4220000,5.3018000,5.3258000,2711588.9,1714175999999,14564105.96502000,106048,1326542.9,7123707.88745000,0
