open_time,open,high,low,close,volume,close_time,quote_volume,count,taker_buy_volume,taker_buy_quote_volume,ignore
1714176000000,5.3261000,5.4192000,5.1298000,5.2430000,5863913.1,1714204799999,30842574.14970000,182752,2790419.4,14679609.94575000,0
1714204800000,5.2430000,5.3200000,5.1852000,5.2796000,3142215.9,1714233599999,16547657.42054000,112422,1571631.2,8278201.12796000,0
1714233600000,5.2795000,5.4527000,5.2777000,5.3999000,3876617.0,1714262399999,20798720.34279000,113081,1951552.0,10471605.96009000,0
