open_time,open,high,low,close,volume,close_time,quote_volume,count,taker_buy_volume,taker_buy_quote_volume,ignore
1712966400000,6.6198000,6.9650000,6.1678000,6.8304000,14856290.6,1712995199999,98643581.94954000,509972,7331054.0,48734076.19749000,0
1712995200000,6.8306000,6.9534000,6.5631000,6.6371000,12099612.0,1713023999999,81378195.25066000,429758,6060970.1,40771407.63999000,0
1713024000000,6.6379000,6.7622000,5.0000000,5.9577000,44289506.5,1713052799999,266061336.79185000,1229316,21041842.5,126870002.77566000,0
