open_time,open,high,low,close,volume,close_time,quote_volume,count,taker_buy_volume,taker_buy_quote_volume,ignore
1712275200000,5.0979000,5.2419000,5.0459000,5.1258000,3004049.4,1712296799999,15466293.99038000,101708,1465683.8,7550698.40199000,0
1712296800000,5.1268000,5.2593000,5.0915000,5.1872000,3055484.8,1712318399999,15859799.97124000,103100,1458128.6,7572107.47706000,0
1712318400000,5.1879000,5.4988000,5.1302000,5.3711000,8807339.1,1712339999999,47229500.72829000,251043,4320709.3,23176373.34039000,0
1712340000000,5.3710000,5.5115000,5.3100000,5.3252000,3571680.9,1712361599999,19352246.70906000,116168,1685972.9,9137604.64632000,0
