open_time,open,high,low,close,volume,close_time,quote_volume,count,taker_buy_volume,taker_buy_quote_volume,ignore
1713830400000,5.9302000,6.0700000,5.6104000,5.6980000,8579259.1,1713851999999,50105624.32179000,249922,3775421.5,22071253.92543000,0
1713852000000,5.6982000,5.7193000,5.4114000,5.6687000,13891626.8,1713873599999,77631834.83192000,327020,6352184.3,35524725.52051000,0
1713873600000,5.6682000,5.7654000,5.6000000,5.7241000,7525909.8,1713895199999,42719458.76298000,251344,3742341.2,21248611.39367000,0
1713895200000,5.7241000,5.7603000,5.6134000,5.7098000,3531484.1,1713916799999,20094719.63292000,146894,1738082.8,9894214.81992000,0
