open_time,open,high,low,close,volume,close_time,quote_volume,count,taker_buy_volume,taker_buy_quote_volume,ignore
1712188800000,4.9553000,5.0597000,4.8937000,4.9511000,1265691.0,1712210399999,6280450.43118000,47860,605288.0,3006857.48163000,0
1712210400000,4.9493000,5.0804000,4.9423000,5.0613000,1284020.8,1712231999999,6467868.99132000,49913,605642.1,3051131.85153000,0
1712232000000,5.0619000,5.1551000,5.0602000,5.1398000,2072804.3,1712253599999,10607072.42477000,68109,1086106.3,5557012.26569000,0
1712253600000,5.1389000,5.1500000,4.9768000,5.0986000,1566978.2,1712275199999,7929350.78900000,51787,704891.6,3567700.73954000,0
