open_time,open,high,low,close,volume,close_time,quote_volume,count,taker_buy_volume,taker_buy_quote_volume,ignore
1712448000000,5.4907000,5.5054000,5.3800000,5.4380000,1823250.7,1712469599999,9893119.52571000,61315,862580.5,4681939.35161000,0
1712469600000,5.4377000,5.4499000,5.3950000,5.4274000,1420573.2,1712491199999,7699163.31310000,40053,682360.7,3698285.62325000,0
1712491200000,5.4274000,5.4274000,5.3303000,5.3685000,1450260.8,1712512799999,7800783.99496000,55924,664221.7,3574314.04109000,0
1712512800000,5.3689000,5.4049000,5.3361000,5.3584000,789401.9,1712534399999,4237047.32535000,36110,397673.1,2134502.77875000,0
