open_time,open,high,low,close,volume,close_time,quote_volume,count,taker_buy_volume,taker_buy_quote_volume,ignore
1712361600000,5.3261000,5.4465000,5.2891000,5.3394000,2481906.1,1712383199999,13313670.13265000,78031,1236147.4,6634246.96416000,0
1712383200000,5.3386000,5.5000000,5.3272000,5.4942000,2727275.4,1712404799999,14825194.88410000,73835,1258062.1,6837666.66693000,0
1712404800000,5.4942000,5.5653000,5.3570000,5.4696000,3563439.1,1712426399999,19442364.13939000,109769,1800196.4,9823050.52017000,0
1712426400000,5.4705000,5.5600000,5.4341000,5.4907000,1654466.3,1712447999999,9093391.35870000,55554,771329.2,4238650.88470000,0
