open_time,open,high,low,close,volume,close_time,quote_volume,count,taker_buy_volume,taker_buy_quote_volume,ignore
1712880000000,7.2564000,7.4900000,7.1068000,7.2000000,6717664.0,1712901599999,48764591.49090000,242694,3252530.2,23620064.37778000,0
1712901600000,7.1980000,7.2733000,6.9899000,7.2568000,6389950.9,1712923199999,45557093.20931000,189356,3192484.6,22762998.00375000,0
1712923200000,7.2558000,7.2626000,6.3500000,6.6504000,13826903.8,1712944799999,94886675.89472000,360976,6430973.2,44175593.06559000,0
1712944800000,6.6504000,6.7382000,4.9354000,6.6201000,28039898.0,1712966399999,174889266.64809000,713094,13424584.6,84098426.69424000,0
