open_time,open,high,low,close,volume,close_time,quote_volume,count,taker_buy_volume,taker_buy_quote_volume,ignore
1711929600000,5.4279000,5.5117000,5.0000000,5.1329000,4472042.9,1711951199999,23667678.86762000,129667,1996131.3,10579017.74564000,0
1711951200000,5.1329000,5.4414000,5.1300000,5.4413000,4341413.2,1711972799999,22966443.41704000,134520,2157549.1,11420540.59131000,0
1711972800000,5.4400000,5.5479000,5.2679000,5.3441000,7675153.8,1711994399999,41397247.14832000,216418,3639095.4,19642922.33813000,0
1711994400000,5.3432000,5.3840000,5.2330000,5.3517000,2223234.8,1712015999999,11786538.17611000,75697,1087870.3,5767316.15942000,0
