open_time,open,high,low,close,volume,close_time,quote_volume,count,taker_buy_volume,taker_buy_quote_volume,ignore
1713484800000,6.5165000,7.0125000,6.2100000,6.6817000,17368604.3,1713506399999,114523159.00547000,452615,8715772.0,57530110.92309000,0
1713506400000,6.6825000,7.2755000,6.5720000,6.8091000,30293167.2,1713527999999,212514194.91810000,779081,14947436.2,104882485.81064000,0
1713528000000,6.8082000,6.9030000,6.0985000,6.1161000,47909557.0,1713549599999,308874054.82918000,1136244,23291847.1,150215013.23791000,0
1713549600000,6.1162000,6.2342000,5.9560000,6.0613000,8824161.0,1713571199999,53910993.49060000,318555,4120620.6,25188138.85068000,0
