open_time,open,high,low,close,volume,close_time,quote_volume,count,taker_buy_volume,taker_buy_quote_volume,ignore
1713225600000,6.5667000,6.6949000,6.2666000,6.3422000,6594406.5,1713247199999,42655289.24950000,255181,3139978.1,20335641.43171000,0
1713247200000,6.3424000,6.4311000,6.0272000,6.2630000,8700655.0,1713268799999,54184064.17379000,306964,4214282.4,26258678.68013000,0
1713268800000,6.2639000,6.3140000,5.9116000,6.1699000,9697525.2,1713290399999,59161202.28038000,289325,4789195.5,29240512.40429000,0
1713290400000,6.1673000,6.4488000,6.0245000,6.3403000,6610623.5,1713311999999,40926646.50609000,202008,3354645.2,20784956.02497000,0
