open_time,open,high,low,close,volume,close_time,quote_volume,count,taker_buy_volume,taker_buy_quote_volume,ignore
1713744000000,6.1331000,6.2407000,6.1002000,6.1774000,4647268.8,1713765599999,28676364.26175000,184359,2251730.4,13896795.27176000,0
1713765600000,6.1768000,6.2196000,6.0400000,6.0629000,4769232.3,1713787199999,29321424.70212000,156126,2208083.0,13583566.15687000,0
1713787200000,6.0629000,6.1351000,5.9700000,6.0064000,4904897.4,1713808799999,29720638.21508000,164206,2339642.4,14180960.28837000,0
1713808800000,6.0065000,6.0446000,5.8087000,5.9302000,7285857.8,1713830399999,43117403.14416000,220261,3362742.7,19909143.74521000,0
