open_time,open,high,low,close,volume,close_time,quote_volume,count,taker_buy_volume,taker_buy_quote_volume,ignore
1713398400000,6.0830000,6.1911000,5.9198000,6.0327000,4149810.8,1713419999999,25217981.04394000,153429,2043527.7,12420879.60766000,0
1713420000000,6.0327000,6.3676000,5.8062000,6.1221000,9181715.5,1713441599999,55641768.22585000,249985,4466174.3,27087044.33457000,0
1713441600000,6.1212000,6.3130000,6.0190000,6.2491000,9355031.6,1713463199999,57872954.32105000,249722,4529825.9,28029535.20876000,0
1713463200000,6.2502000,6.6087000,6.1872000,6.5165000,6231101.3,1713484799999,40153784.94219000,182711,3155023.4,20334183.94298000,0
