open_time,open,high,low,close,volume,close_time,quote_volume,count,taker_buy_volume,taker_buy_quote_volume,ignore
1714003200000,5.5525000,5.6388000,5.4219000,5.5273000,3888295.0,1714024799999,21474577.77013000,146153,1864859.6,10299057.12632000,0
1714024800000,5.5255000,5.5352000,5.1285000,5.2156000,8036975.5,1714046399999,42665440.55009000,201910,3700211.4,19634354.44968000,0
1714046400000,5.2156000,5.5425000,5.1570000,5.4842000,6427331.7,1714067999999,34301852.03032000,198247,3266606.6,17441546.89113000,0
1714068000000,5.4860000,5.5487000,5.3801000,5.3967000,2323972.0,1714089599999,12739364.84294000,93377,1018333.5,5589575.52332000,0
