open_time,open,high,low,close,volume,close_time,quote_volume,count,taker_buy_volume,taker_buy_quote_volume,ignore
1713312000000,6.3411000,6.6920000,6.2675000,6.5714000,6707458.5,1713333599999,43548755.24594000,227965,3325999.8,21594796.43525000,0
1713333600000,6.5701000,6.5713000,6.1320000,6.1622000,6008570.2,1713355199999,38192869.83717000,196686,2806748.3,17850570.94450000,0
1713355200000,6.1627000,6.2664000,6.0122000,6.1562000,9582322.4,1713376799999,58755008.65406000,281522,4771904.2,29271404.87565000,0
1713376800000,6.1562000,6.2493000,6.0511000,6.0836000,5334449.1,1713398399999,32780382.17635000,164299,2495698.1,15335966.81962000,0
