open_time,open,high,low,close,volume,close_time,quote_volume,count,taker_buy_volume,taker_buy_quote_volume,ignore
1712966400000,6.6198000,6.9650000,6.1678000,6.7862000,12574214.6,1712987999999,83096530.51043000,418116,6223794.5,41188456.44999000,0
1712988000000,6.7850000,6.9102000,6.5631000,6.6182000,7550463.9,1713009599999,50748568.68767000,287290,3656274.0,24584153.19748000,0
1713009600000,6.6179000,6.9534000,6.2461000,6.4510000,17131856.8,1713031199999,113218817.00295000,515399,8554407.1,56593803.38384000,0
1713031200000,6.4491000,6.5117000,5.0000000,5.9577000,33988873.8,1713052799999,199019197.79100000,948241,15999391.0,94009073.58183000,0
