open_time,open,high,low,close,volume,close_time,quote_volume,count,taker_buy_volume,taker_buy_quote_volume,ignore
1713052800000,5.9578000,6.2528000,5.7116000,6.2415000,9878039.4,1713074399999,58310927.72626000,358040,5049736.9,29825300.09373000,0
1713074400000,6.2416000,6.6822000,6.1568000,6.3561000,11550518.3,1713095999999,74551782.64805000,381175,5633447.7,36399283.70002000,0
1713096000000,6.3558000,6.6485000,6.2222000,6.3760000,13686212.5,1713117599999,88079352.89293000,435198,6936938.1,44653716.95427000,0
1713117600000,6.3774000,6.7990000,6.3343000,6.7792000,6542267.2,1713139199999,43148504.70923000,269676,3322980.1,21920198.19525000,0
