open_time,open,high,low,close,volume,close_time,quote_volume,count,taker_buy_volume,taker_buy_quote_volume,ignore
1713916800000,5.7098000,5.9662000,5.6865000,5.9531000,5488941.8,1713938399999,31916902.62839000,197386,2702664.3,15712944.49164000,0
1713938400000,5.9528000,5.9820000,5.7352000,5.7841000,5538565.4,1713959999999,32404770.45957000,184903,2586969.0,15138365.76590000,0
1713960000000,5.7836000,5.7914000,5.4546000,5.6525000,10637320.5,1713981599999,59459149.96674000,273601,4844333.7,27085333.47637000,0
1713981600000,5.6530000,5.6754000,5.4945000,5.5530000,3789646.6,1714003199999,21219360.09587000,151181,1820454.8,10196778.64012000,0
