open_time,open,high,low,close,volume,close_time,quote_volume,count,taker_buy_volume,taker_buy_quote_volume,ignore
1712534400000,5.3584000,5.4630000,5.3300000,5.4542000,1559710.6,1712555999999,8432308.16228000,51530,808061.4,4370199.68438000,0
1712556000000,5.4555000,5.9622000,5.4493000,5.8460000,8623466.2,1712577599999,49423747.49924000,224908,4308878.7,24696551.63762000,0
1712577600000,5.8461000,6.2614000,5.7835000,6.2201000,11746596.1,1712599199999,70950876.15837000,301604,5790343.3,34979926.62867000,0
1712599200000,6.2194000,6.5249000,6.0817000,6.3470000,10917838.8,1712620799999,68926198.52125000,279212,5414949.8,34183395.10678000,0
