open_time,open,high,low,close,volume,close_time,quote_volume,count,taker_buy_volume,taker_buy_quote_volume,ignore
1713657600000,6.2110000,6.3025000,6.1229000,6.2021000,4823913.1,1713679199999,30006908.99570000,193282,2271881.0,14135367.24078000,0
1713679200000,6.2021000,6.2750000,6.1542000,6.2146000,5002588.4,1713700799999,31136328.67050000,177417,2411644.9,15010322.01192000,0
1713700800000,6.2149000,6.2280000,5.9625000,6.1244000,6206732.9,1713722399999,37824191.10840000,212026,2784129.1,16972808.20019000,0
1713722400000,6.1242000,6.1687000,6.0544000,6.1334000,2739911.1,1713743999999,16765377.80265000,126598,1305109.4,7986975.02567000,0
