open_time,open,high,low,close,volume,close_time,quote_volume,count,taker_buy_volume,taker_buy_quote_volume,ignore
1712793600000,6.7761000,7.6750000,6.6920000,7.6170000,16039534.0,1712815199999,116408172.59180000,478936,8255706.5,59917200.93864000,0
1712815200000,7.6186000,7.6745000,7.3187000,7.4467000,14774568.1,1712836799999,110221926.50223000,442024,7256597.3,54148371.46275000,0
1712836800000,7.4467000,7.4715000,7.1804000,7.2085000,9154301.3,1712858399999,66840577.27322000,313078,4340700.3,31698459.49147000,0
1712858400000,7.2089000,7.3372000,7.1453000,7.2565000,5467509.2,1712879999999,39531969.59951000,215499,2599554.2,18802862.85885000,0
