open_time,open,high,low,close,volume,close_time,quote_volume,count,taker_buy_volume,taker_buy_quote_volume,ignore
1713571200000,6.0612000,6.1457000,5.9049000,6.1146000,6519525.4,1713592799999,39395956.49327000,263713,3131467.1,18925389.31751000,0
1713592800000,6.1146000,6.3621000,6.0688000,6.1571000,8790378.7,1713614399999,54668463.02426000,322678,4267790.5,26553914.64278000,0
1713614400000,6.1572000,6.2516000,6.0508000,6.2362000,7103352.9,1713635999999,43693041.02903000,267687,3369393.3,20733054.53357000,0
1713636000000,6.2358000,6.2772000,6.1029000,6.2110000,4656204.1,1713657599999,28763808.52595000,184908,2194169.5,13556670.17099000,0
