open_time,open,high,low,close,volume,close_time,quote_volume,count,taker_buy_volume,taker_buy_quote_volume,ignore
1712707200000,6.7240000,6.8999000,6.3606000,6.6930000,15401392.6,1712728799999,102349296.05555000,440407,7553932.8,50265106.49364000,0
1712728800000,6.6930000,6.9733000,6.6685000,6.8038000,9263597.1,1712750399999,63228168.45481000,328490,4622112.9,31558360.72459000,0
1712750400000,6.8025000,6.8960000,6.5601000,6.6722000,11475807.1,1712771999999,77403126.41843000,379646,5644398.4,38075755.58448000,0
1712772000000,6.6727000,6.8011000,6.6069000,6.7754000,3547715.9,1712793599999,23746261.40054000,149638,1853994.2,12409816.54695000,0
