open_time,open,high,low,close,volume,close_time,quote_volume,count,taker_buy_volume,taker_buy_quote_volume,ignore
1712620800000,6.3469000,7.0000000,6.2892000,6.7589000,20863877.6,1712642399999,139657396.13632000,475858,10347190.5,69285197.09869000,0
1712642400000,6.7596000,7.1298000,6.5761000,6.8999000,29103012.7,1712663999999,199806565.44849000,669025,14747148.1,101282336.95450000,0
1712664000000,6.8996000,6.9096000,6.5000000,6.5733000,18278272.4,1712685599999,121667149.90164000,490308,9029805.9,60127270.08424000,0
1712685600000,6.5724000,6.8114000,6.5352000,6.7231000,6640738.3,1712707199999,44546829.85996000,234207,3419390.7,22938475.52565000,0
