open_time,open,high,low,close,volume,close_time,quote_volume,count,taker_buy_volume,taker_buy_quote_volume,ignore
1714176000000,5.3261000,5.4192000,5.1298000,5.2279000,5173751.2,1714197599999,27236813.02590000,157722,2432312.2,12808002.66192000,0
1714197600000,5.2273000,5.3200000,5.1787000,5.2149000,2172733.6,1714219199999,11399903.08219000,80744,1092115.6,5730564.94953000,0
1714219200000,5.2159000,5.4527000,5.2003000,5.4063000,2972553.3,1714240799999,15785270.88195000,94513,1556236.9,8267685.84440000,0
1714240800000,5.4051000,5.4276000,5.2911000,5.3999000,2563707.9,1714262399999,13766964.92299000,75276,1232937.9,6623163.57795000,0
