open_time,open,high,low,close,volume,close_time,quote_volume,count,taker_buy_volume,taker_buy_quote_volume,ignore
1714348800000,5.4214000,5.4918000,5.2970000,5.3387000,2212122.0,1714370399999,11904087.90257000,71076,972776.9,5239045.14027000,0
1714370400000,5.3380000,5.3398000,5.1974000,5.2579000,2878338.3,1714391999999,15118390.01925000,85095,1440941.0,7572067.73108000,0
1714392000000,5.2567000,5.3141000,5.1921000,5.2626000,2909672.8,1714413599999,15300752.02254000,87127,1446967.5,7612911.43788000,0
1714413600000,5.2616000,5.3611000,5.1750000,5.3138000,1991841.4,1714435199999,10484133.18712000,66041,983289.8,5178468.31892000,0
