open_time,open,high,low,close,volume,close_time,quote_volume,count,taker_buy_volume,taker_buy_quote_volume,ignore
1714435200000,5.3140000,5.4301000,5.2769000,5.3072000,2780972.7,1714456799999,14919506.08693000,77558,1374085.9,7372441.15665000,0
1714456800000,5.3074000,5.4000000,5.1700000,5.1842000,5902830.0,1714478399999,31214452.70097000,153004,2846349.9,15055971.63510000,0
1714478400000,5.1840000,5.3233000,4.9795000,5.0748000,11197680.5,1714499999999,57502991.54264000,257469,5179316.2,26605336.77568000,0
1714500000000,5.0740000,5.2340000,5.0023000,5.1640000,4063846.5,1714521599999,20728032.63330000,111194,2023304.0,10319628.40835000,0
