open_time,open,high,low,close,volume,close_time,quote_volume,count,taker_buy_volume,taker_buy_quote_volume,ignore
1714089600000,5.3971000,5.4656000,5.2651000,5.4579000,3067630.1,1714111199999,16461842.66868000,113519,1528850.8,8205388.07162000,0
1714111200000,5.4584000,5.4711000,5.3321000,5.3962000,2580157.8,1714132799999,13905122.09899000,95968,1232094.4,6641535.63362000,0
1714132800000,5.3961000,5.4475000,5.2895000,5.4062000,4303803.2,1714154399999,23109377.38480000,147446,2205124.1,11842306.68004000,0
1714154400000,5.4062000,5.4141000,5.3018000,5.3258000,1720801.1,1714175999999,9245359.37348000,69110,849132.1,4561548.99430000,0
