open_time,open,high,low,close,volume,close_time,quote_volume,count,taker_buy_volume,taker_buy_quote_volume,ignore
1713139200000,6.7775000,7.2442000,6.7028000,7.1457000,9971955.5,1713160799999,69286435.65886000,342546,5092300.7,35390841.03648000,0
1713160800000,7.1466000,7.2133000,7.0136000,7.0470000,8175636.8,1713182399999,58061543.36512000,284466,4014569.1,28512176.77213000,0
1713182400000,7.0460000,7.1031000,6.5863000,6.7684000,13582254.7,1713203999999,92664511.74391000,392059,6477792.6,44201343.82065000,0
1713204000000,6.7661000,6.8424000,6.5000000,6.5662000,6575567.5,1713225599999,43745897.65821000,255561,3206096.7,21343464.79414000,0
