open_time,open,high,low,close,volume,close_time,quote_volume,count,taker_buy_volume,taker_buy_quote_volume,ignore
1712102400000,4.8579000,4.9900000,4.7265000,4.9568000,2463717.0,1712123999999,12045977.27680000,69902,1147775.0,5625141.61627000,0
1712124000000,4.9565000,5.2261000,4.9456000,5.0837000,3849985.2,1712145599999,19731892.17477000,112352,1865470.6,9551081.37428000,0
1712145600000,5.0837000,5.1264000,4.9900000,4.9965000,2463925.7,1712167199999,12450400.16359000,80527,1179680.0,5962853.08970000,0
1712167200000,4.9950000,5.0510000,4.9023000,4.9544000,1435431.8,1712188799999,7147617.16761000,44283,636689.7,3170198.72943000,0
