open_time,open,high,low,close,volume,close_time,quote_volume,count,taker_buy_volume,taker_buy_quote_volume,ignore
1712016000000,5.3526000,5.3886000,4.9851000,5.0897000,4213738.4,1712037599999,21617485.58911000,128827,1889991.4,9693755.21302000,0
1712037600000,5.0880000,5.2568000,5.0000000,5.0372000,4603511.5,1712059199999,23483538.43965000,132412,2197192.0,11213123.21129000,0
1712059200000,5.0372000,5.1084000,4.8556000,4.9345000,4981360.6,1712080799999,24787565.98179000,124212,2284009.5,11372532.84240000,0
1712080800000,4.9338000,4.9622000,4.8518000,4.8562000,1307451.1,1712102399999,6412298.59068000,46465,562736.1,2762196.77128000,0
