open_time,open,high,low,close,volume,close_time,quote_volume,count,taker_buy_volume,taker_buy_quote_volume,ignore
1714262400000,5.3995000,5.5058000,5.3859000,5.4657000,2148541.6,1714283999999,11721403.99498000,73067,1103655.0,6023340.40721000,0
1714284000000,5.4656000,5.5962000,5.3859000,5.4446000,4083293.2,1714305599999,22479748.90579000,108120,1952336.2,10757193.63160000,0
1714305600000,5.4442000,5.5459000,5.4119000,5.5432000,2036013.4,1714327199999,11175742.36814000,66917,1008556.9,5537308.61851000,0
1714327200000,5.5433000,5.6000000,5.3990000,5.4199000,2109947.9,1714348799999,11626669.75970000,69515,953627.0,5258193.10789000,0
