open_time,open,high,low,close,volume,close_time,quote_volume,count,taker_buy_volume,taker_buy_quote_volume,ignore
1712102400000,4.8579000,5.2261000,4.7265000,5.0837000,6313702.2,1712145599999,31777869.45157000,182254,3013245.6,15176222.99055000,0
1712145600000,5.0837000,5.1264000,4.9023000,4.9544000,3899357.5,1712188799999,19598017.33120000,124810,1816369.7,9133051.81913000,0
