open_time,open,high,low,close,volume,close_time,quote_volume,count,taker_buy_volume,taker_buy_quote_volume,ignore
1713139200000,6.7775000,7.2442000,6.7028000,7.0470000,18147592.3,1713182399999,127347979.02398000,627012,9106869.8,63903017.80861000,0
1713182400000,7.0460000,7.1031000,6.5000000,6.5662000,20157822.2,1713225599999,136410409.40212000,647620,9683889.3,65544808.61479000,0
