open_time,open,high,low,close,volume,close_time,quote_volume,count,taker_buy_volume,taker_buy_quote_volume,ignore
1714176000000,5.3261000,5.4192000,5.1298000,5.2149000,7346484.8,1714219199999,38636716.10809000,238466,3524427.8,18538567.61145000,0
1714219200000,5.2159000,5.4527000,5.2003000,5.3999000,5536261.2,1714262399999,29552235.80494000,169789,2789174.8,14890849.42235000,0
