open_time,open,high,low,close,volume,close_time,quote_volume,count,taker_buy_volume,taker_buy_quote_volume,ignore
1714262400000,5.3995000,5.5962000,5.3859000,5.4446000,6231834.8,1714305599999,34201152.90077000,181187,3055991.2,16780534.03881000,0
1714305600000,5.4442000,5.6000000,5.3990000,5.4199000,4145961.3,1714348799999,22802412.12784000,136432,1962183.9,10795501.72640000,0
