open_time,open,high,low,close,volume,close_time,quote_volume,count,taker_buy_volume,taker_buy_quote_volume,ignore
1713312000000,6.3411000,6.6920000,6.1320000,6.1622000,12716028.7,1713355199999,81741625.08311000,424651,6132748.1,39445367.37975000,0
1713355200000,6.1627000,6.2664000,6.0122000,6.0836000,14916771.5,1713398399999,91535390.83041000,445821,7267602.3,44607371.69527000,0
