open_time,open,high,low,close,volume,close_time,quote_volume,count,taker_buy_volume,taker_buy_quote_volume,ignore
1714348800000,5.4214000,5.4918000,5.1974000,5.2579000,5090460.3,1714391999999,27022477.92182000,156171,2413717.9,12811112.87135000,0
1714392000000,5.2567000,5.3611000,5.1750000,5.3138000,4901514.2,1714435199999,25784885.20966000,153168,2430257.3,12791379.75680000,0
