open_time,open,high,low,close,volume,close_time,quote_volume,count,taker_buy_volume,taker_buy_quote_volume,ignore
1711929600000,5.4279000,5.5117000,5.0000000,5.4413000,8813456.1,1711972799999,46634122.28466000,264187,4153680.4,21999558.33695000,0
1711972800000,5.4400000,5.5479000,5.2330000,5.3517000,9898388.6,1712015999999,53183785.32443000,292115,4726965.7,25410238.49755000,0
