open_time,open,high,low,close,volume,close_time,quote_volume,count,taker_buy_volume,taker_buy_quote_volume,ignore
1713052800000,5.9578000,6.6822000,5.7116000,6.3561000,21428557.7,1713095999999,132862710.37431000,739215,10683184.6,66224583.79375000,0
1713096000000,6.3558000,6.7990000,6.2222000,6.7792000,20228479.7,1713139199999,131227857.60216000,704874,10259918.2,66573915.14952000,0
