open_time,open,high,low,close,volume,close_time,quote_volume,count,taker_buy_volume,taker_buy_quote_volume,ignore
1713744000000,6.1331000,6.2407000,6.0400000,6.0629000,9416501.1,1713787199999,57997788.96387000,340485,4459813.4,27480361.42863000,0
1713787200000,6.0629000,6.1351000,5.8087000,5.9302000,12190755.2,1713830399999,72838041.35924000,384467,5702385.1,34090104.03358000,0
