open_time,open,high,low,close,volume,close_time,quote_volume,count,taker_buy_volume,taker_buy_quote_volume,ignore
1712966400000,6.6198000,6.9650000,6.1678000,6.6182000,20124678.5,1713009599999,133845099.19810000,705406,9880068.5,65772609.64747000,0
1713009600000,6.6179000,6.9534000,5.0000000,5.9577000,51120730.6,1713052799999,312238014.79395000,1463640,24553798.1,150602876.96567000,0
