open_time,open,high,low,close,volume,close_time,quote_volume,count,taker_buy_volume,taker_buy_quote_volume,ignore
1712188800000,4.9553000,5.0804000,4.8937000,5.0613000,2549711.8,1712231999999,12748319.42250000,97773,1210930.1,6057989.33316000,0
1712232000000,5.0619000,5.1551000,4.9768000,5.0986000,3639782.5,1712275199999,18536423.21377000,119896,1790997.9,9124713.00523000,0
