open_time,open,high,low,close,volume,close_time,quote_volume,count,taker_buy_volume,taker_buy_quote_volume,ignore
1712534400000,5.3584000,5.9622000,5.3300000,5.8460000,10183176.8,1712577599999,57856055.66152000,276438,5116940.1,29066751.32200000,0
1712577600000,5.8461000,6.5249000,5.7835000,6.3470000,22664434.9,1712620799999,139877074.67962000,580816,11205293.1,69163321.73545000,0
