open_time,open,high,low,close,volume,close_time,quote_volume,count,taker_buy_volume,taker_buy_quote_volume,ignore
1712275200000,5.0979000,5.2593000,5.0459000,5.1872000,6059534.2,1712318399999,31326093.96162000,204808,2923812.4,15122805.87905000,0
1712318400000,5.1879000,5.5115000,5.1302000,5.3252000,12379020.0,1712361599999,66581747.43735000,367211,6006682.2,32313977.98671000,0
