open_time,open,high,low,close,volume,close_time,quote_volume,count,taker_buy_volume,taker_buy_quote_volume,ignore
1714089600000,5.3971000,5.4711000,5.2651000,5.3962000,5647787.9,1714132799999,30366964.76767000,209487,2760945.2,14846923.70524000,0
1714132800000,5.3961000,5.4475000,5.2895000,5.3258000,6024604.3,1714175999999,32354736.75828000,216556,3054256.2,16403855.67434000,0
