open_time,open,high,low,close,volume,close_time,quote_volume,count,taker_buy_volume,taker_buy_quote_volume,ignore
1713225600000,6.5667000,6.6949000,6.0272000,6.2630000,15295061.5,1713268799999,96839353.42329000,562145,7354260.5,46594320.11184000,0
1713268800000,6.2639000,6.4488000,5.9116000,6.3403000,16308148.7,1713311999999,100087848.78647000,491333,8143840.7,50025468.42926000,0
