open_time,open,high,low,close,volume,close_time,quote_volume,count,taker_buy_volume,taker_buy_quote_volume,ignore
1712880000000,7.2564000,7.4900000,6.9899000,7.2568000,13107614.9,1712923199999,94321684.70021000,432050,6445014.8,46383062.38153000,0
1712923200000,7.2558000,7.2626000,4.9354000,6.6201000,41866801.8,1712966399999,269775942.54281000,1074070,19855557.8,128274019.75983000,0
