open_time,open,high,low,close,volume,close_time,quote_volume,count,taker_buy_volume,taker_buy_quote_volume,ignore
1713657600000,6.2110000,6.3025000,6.1229000,6.2146000,9826501.5,1713700799999,61143237.66620000,370699,4683525.9,29145689.25270000,0
1713700800000,6.2149000,6.2280000,5.9625000,6.1334000,8946644.0,1713743999999,54589568.91105000,338624,4089238.5,24959783.22586000,0
