open_time,open,high,low,close,volume,close_time,quote_volume,count,taker_buy_volume,taker_buy_quote_volume,ignore
1714435200000,5.3140000,5.4301000,5.1700000,5.1842000,8683802.7,1714478399999,46133958.78790000,230562,4220435.8,22428412.79175000,0
1714478400000,5.1840000,5.3233000,4.9795000,5.1640000,15261527.0,1714521599999,78231024.17594000,368663,7202620.2,36924965.18403000,0
