open_time,open,high,low,close,volume,close_time,quote_volume,count,taker_buy_volume,taker_buy_quote_volume,ignore
1712707200000,6.7240000,6.9733000,6.3606000,6.8038000,24664989.7,1712750399999,165577464.51036000,768897,12176045.7,81823467.21823000,0
1712750400000,6.8025000,6.8960000,6.5601000,6.7754000,15023523.0,1712793599999,101149387.81897000,529284,7498392.6,50485572.13143000,0
