open_time,open,high,low,close,volume,close_time,quote_volume,count,taker_buy_volume,taker_buy_quote_volume,ignore
1712016000000,5.3526000,5.3886000,4.9851000,5.0372000,8817249.9,1712059199999,45101024.02876000,261239,4087183.4,20906878.42431000,0
1712059200000,5.0372000,5.1084000,4.8518000,4.8562000,6288811.7,1712102399999,31199864.57247000,170677,2846745.6,14134729.61368000,0
