open_time,open,high,low,close,volume,close_time,quote_volume,count,taker_buy_volume,taker_buy_quote_volume,ignore
1713398400000,6.0830000,6.3676000,5.8062000,6.1221000,13331526.3,1713441599999,80859749.26979000,403414,6509702.0,39507923.94223000,0
1713441600000,6.1212000,6.6087000,6.0190000,6.5165000,15586132.9,1713484799999,98026739.26324000,432433,7684849.3,48363719.15174000,0
