open_time,open,high,low,close,volume,close_time,quote_volume,count,taker_buy_volume,taker_buy_quote_volume,ignore
1712620800000,6.3469000,7.1298000,6.2892000,6.8999000,49966890.3,1712663999999,339463961.58481000,1144883,25094338.6,170567534.05319000,0
1712664000000,6.8996000,6.9096000,6.5000000,6.7231000,24919010.7,1712707199999,166213979.76160000,724515,12449196.6,83065745.60989000,0
