open_time,open,high,low,close,volume,close_time,quote_volume,count,taker_buy_volume,taker_buy_quote_volume,ignore
1712448000000,5.4907000,5.5054000,5.3800000,5.4274000,3243823.9,1712491199999,17592282.83881000,101368,1544941.2,8380224.97486000,0
1712491200000,5.4274000,5.4274000,5.3303000,5.3584000,2239662.7,1712534399999,12037831.32031000,92034,1061894.8,5708816.81984000,0
