open_time,open,high,low,close,volume,close_time,quote_volume,count,taker_buy_volume,taker_buy_quote_volume,ignore
1712793600000,6.7761000,7.6750000,6.6920000,7.4467000,30814102.1,1712836799999,226630099.09403000,920960,15512303.8,114065572.40139000,0
1712836800000,7.4467000,7.4715000,7.1453000,7.2565000,14621810.5,1712879999999,106372546.87273000,528577,6940254.5,50501322.35032000,0
