open_time,open,high,low,close,volume,close_time,quote_volume,count,taker_buy_volume,taker_buy_quote_volume,ignore
1713484800000,6.5165000,7.2755000,6.2100000,6.8091000,47661771.5,1713527999999,327037353.92357000,1231696,23663208.2,162412596.73373000,0
1713528000000,6.8082000,6.9030000,5.9560000,6.0613000,56733718.0,1713571199999,362785048.31978000,1454799,27412467.7,175403152.08859000,0
