open_time,open,high,low,close,volume,close_time,quote_volume,count,taker_buy_volume,taker_buy_quote_volume,ignore
1713916800000,5.7098000,5.9820000,5.6865000,5.7841000,11027507.2,1713959999999,64321673.08796000,382289,5289633.3,30851310.25754000,0
1713960000000,5.7836000,5.7914000,5.4546000,5.5530000,14426967.1,1714003199999,80678510.06261000,424782,6664788.5,37282112.11649000,0
