open_time,open,high,low,close,volume,close_time,quote_volume,count,taker_buy_volume,taker_buy_quote_volume,ignore
1713571200000,6.0612000,6.3621000,5.9049000,6.1571000,15309904.1,1713614399999,94064419.51753000,586391,7399257.6,45479303.96029000,0
1713614400000,6.1572000,6.2772000,6.0508000,6.2110000,11759557.0,1713657599999,72456849.55498000,452595,5563562.8,34289724.70456000,0
