open_time,open,high,low,close,volume,close_time,quote_volume,count,taker_buy_volume,taker_buy_quote_volume,ignore
1712361600000,5.3261000,5.5000000,5.2891000,5.4942000,5209181.5,1712404799999,28138865.01675000,151866,2494209.5,13471913.63109000,0
1712404800000,5.4942000,5.5653000,5.3570000,5.4907000,5217905.4,1712447999999,28535755.49809000,165323,2571525.6,14061701.40487000,0
