open_time,open,high,low,close,volume,close_time,quote_volume,count,taker_buy_volume,taker_buy_quote_volume,ignore
1713830400000,5.9302000,6.0700000,5.4114000,5.6687000,22470885.9,1713873599999,127737459.15371000,576942,10127605.8,57595979.44594000,0
1713873600000,5.6682000,5.7654000,5.6000000,5.7098000,11057393.9,1713916799999,62814178.39590000,398238,5480424.0,31142826.21359000,0
