open_time,open,high,low,close,volume,close_time,quote_volume,count,taker_buy_volume,taker_buy_quote_volume,ignore
1714003200000,5.5525000,5.6388000,5.1285000,5.2156000,11925270.5,1714046399999,64140018.32022000,348063,5565071.0,29933411.57600000,0
1714046400000,5.2156000,5.5487000,5.1570000,5.3967000,8751303.7,1714089599999,47041216.87326000,291624,4284940.1,23031122.41445000,0
