open_time,open,high,low,close,volume,close_time,quote_volume,count,taker_buy_volume,taker_buy_quote_volume,ignore
1714867200000,0.5299,0.5306,0.5236,0.5265,123627315.4,1714888799999,65182512.53217,94590,59593065.5,31422772.28815,0
1714888800000,0.5264,0.5318,0.5260,0.5291,87899043.6,1714910399999,46481449.07068,74059,44416465.2,23488657.73582,0
1714910400000,0.5291,0.5333,0.5259,0.5307,113372739.9,1714931999999,60043090.42152,94506,59710736.4,31626972.35451,0
1714932000000,0.5307,0.5307,0.5272,0.5292,67808352.7,1714953599999,35884519.25940,65133,30543569.0,16165541.94810,0
