open_time,open,high,low,close,volume,close_time,quote_volume,count,taker_buy_volume,taker_buy_quote_volume,ignore
1714694400000,0.5177,0.5228,0.5156,0.5203,116481442.9,1714715999999,60547491.56766,104089,58841755.2,30585876.26047,0
1714716000000,0.5203,0.5264,0.5143,0.5160,238274410.1,1714737599999,123788462.41424,154570,122004273.2,63379605.56634,0
1714737600000,0.5160,0.5281,0.5152,0.5273,233112808.9,1714759199999,122012953.35019,168557,124869329.3,65356736.00344,0
1714759200000,0.5274,0.5364,0.5258,0.5312,152930352.7,1714780799999,81251784.57096,116573,72955947.3,38764842.46403,0
