open_time,open,high,low,close,volume,close_time,quote_volume,count,taker_buy_volume,taker_buy_quote_volume,ignore
1715212800000,0.5169,0.5230,0.5167,0.5219,87527608.1,1715234399999,45551837.04135,86504,44652522.3,23232620.46070,0
1715234400000,0.5220,0.5234,0.5086,0.5136,220676989.9,1715255999999,113811316.43110,150095,106450244.8,54908908.32054,0
1715256000000,0.5136,0.5187,0.5083,0.5163,210978893.6,1715277599999,108542753.13339,154068,107828692.8,55471271.00853,0
1715277600000,0.5164,0.5216,0.5160,0.5206,119801503.3,1715299199999,62176321.97293,90447,56919708.5,29545639.65863,0
