open_time,open,high,low,close,volume,close_time,quote_volume,count,taker_buy_volume,taker_buy_quote_volume,ignore
1714953600000,0.5293,0.5352,0.5280,0.5339,114736898.7,1714975199999,61023095.49893,95051,59455222.5,31627644.64104,0
1714975200000,0.5338,0.5475,0.5305,0.5349,329871148.9,1714996799999,177866438.78560,212371,164517799.9,88729497.14172,0
1714996800000,0.5348,0.5700,0.5244,0.5521,915676484.6,1715018399999,502123142.09482,539442,451623162.9,247647412.81546,0
1715018400000,0.5520,0.5548,0.5384,0.5398,343722972.6,1715039999999,187519195.78161,223788,166230356.9,90738262.60212,0
