open_time,open,high,low,close,volume,close_time,quote_volume,count,taker_buy_volume,taker_buy_quote_volume,ignore
1715040000000,0.5398,0.5441,0.5324,0.5360,227046875.7,1715061599999,122336306.79468,175366,108130401.0,58282180.29773,0
1715061600000,0.5360,0.5433,0.5308,0.5344,285380246.2,1715083199999,153622947.90414,173217,140978455.3,75891299.40935,0
1715083200000,0.5344,0.5425,0.5338,0.5418,225943400.3,1715104799999,121652344.84194,143093,113011784.5,60852368.33853,0
1715104800000,0.5418,0.5424,0.5213,0.5242,236602537.0,1715126399999,125813107.04903,163698,109485762.9,58231288.50179,0
