open_time,open,high,low,close,volume,close_time,quote_volume,count,taker_buy_volume,taker_buy_quote_volume,ignore
1714780800000,0.5313,0.5326,0.5268,0.5295,121138648.8,1714802399999,64145505.94120,86672,55419409.3,29348174.74649,0
1714802400000,0.5295,0.5374,0.5272,0.5343,141769547.2,1714823999999,75477895.66411,96141,72609683.6,38659443.49258,0
1714824000000,0.5343,0.5408,0.5313,0.5327,171305425.3,1714845599999,91802072.80604,126824,83479985.2,44745811.74107,0
1714845600000,0.5327,0.5350,0.5284,0.5299,83657596.5,1714867199999,44473309.95817,76476,39266191.3,20874960.54329,0
