open_time,open,high,low,close,volume,close_time,quote_volume,count,taker_buy_volume,taker_buy_quote_volume,ignore
1714521600000,0.5003,0.5045,0.4956,0.5031,166092273.5,1714543199999,83137945.16167,134257,83057883.9,41580580.23584,0
1714543200000,0.5030,0.5032,0.4772,0.4940,564943938.9,1714564799999,276416659.97344,349692,276231844.3,135151894.30001,0
1714564800000,0.4940,0.5113,0.4922,0.5088,322373406.7,1714586399999,161068073.04165,230842,165159474.3,82539517.59628,0
1714586400000,0.5088,0.5213,0.5073,0.5173,466634734.8,1714607999999,239973339.20610,309958,239601976.9,123205190.38828,0
