open_time,open,high,low,close,volume,close_time,quote_volume,count,taker_buy_volume,taker_buy_quote_volume,ignore
1714608000000,0.5174,0.5199,0.5076,0.5119,247970625.3,1714629599999,127263218.94917,176698,118229558.8,60670592.16500,0
1714629600000,0.5119,0.5183,0.5065,0.5174,200772758.7,1714651199999,103052096.31327,143416,106095131.0,54459586.91399,0
1714651200000,0.5173,0.5233,0.5126,0.5218,228689181.8,1714672799999,118495802.51499,167105,114950256.2,59567274.30197,0
1714672800000,0.5219,0.5242,0.5175,0.5178,147051593.8,1714694399999,76632695.98728,111064,66973693.0,34899288.52140,0
