open_time,open,high,low,close,volume,close_time,quote_volume,count,taker_buy_volume,taker_buy_quote_volume,ignore
1715126400000,0.5242,0.5267,0.5181,0.5212,185898260.0,1715147999999,97207259.02665,140985,87156413.1,45582985.06657,0
1715148000000,0.5212,0.5235,0.5169,0.5194,195695746.4,1715169599999,101851925.23106,135798,94572666.8,49216825.01230,0
1715169600000,0.5195,0.5295,0.5174,0.5264,220499238.3,1715191199999,115713565.00084,153674,113885540.5,59783514.91275,0
1715191200000,0.5265,0.5288,0.5149,0.5168,189290365.2,1715212799999,98455579.59607,137577,89339198.4,46479853.99986,0
