open_time,open,high,low,close,volume,close_time,quote_volume,count,taker_buy_volume,taker_buy_quote_volume,ignore
1710115200000,69001.80,72346.30,67000.00,71558.60,281737.359,1710158399999,19797714115.25273,3682635,141469.497,9942216890.31669,0
1710158400000,71558.60,72890.00,71405.20,72153.80,192659.538,1710201599999,13920402203.23437,2742149,96687.312,6986567825.15483,0
