open_time,open,high,low,close,volume,close_time,quote_volume,count,taker_buy_volume,taker_buy_quote_volume,ignore
1711497600000,70044.20,70799.30,69466.40,70290.30,105844.017,1711540799999,7430521701.20320,1567090,52550.751,3690113022.17658,0
1711540800000,70290.20,71888.00,68364.80,69532.60,301913.771,1711583999999,21058388820.44996,3911321,149047.609,10399519157.27735,0
