open_time,open,high,low,close,volume,close_time,quote_volume,count,taker_buy_volume,taker_buy_quote_volume,ignore
1711411200000,69920.60,71649.00,69782.20,70734.20,125176.725,1711454399999,8853862703.80402,1846764,63454.869,4488966286.16403,0
1711454400000,70734.10,71200.00,69320.00,70044.10,182684.391,1711497599999,12816023408.95054,2624215,90388.968,6342186308.13758,0
