open_time,open,high,low,close,volume,close_time,quote_volume,count,taker_buy_volume,taker_buy_quote_volume,ignore
1710028800000,68360.20,69999.80,68262.50,69639.50,121572.757,1710071999999,8433032661.45585,1776027,61501.718,4265930457.91927,0
1710072000000,69639.60,69937.70,68155.00,69001.80,112023.766,1710115199999,7752361180.21738,1599693,54659.688,3783632886.96907,0
