open_time,open,high,low,close,volume,close_time,quote_volume,count,taker_buy_volume,taker_buy_quote_volume,ignore
1709769600000,66128.00,67350.00,65609.30,66974.90,118802.584,1709812799999,7888362153.60633,1909066,60142.409,3993691133.76708,0
1709812800000,66975.00,68101.30,66588.00,66870.00,177290.204,1709855999999,11943111436.55227,2496461,87512.341,5896097512.00217,0
