open_time,open,high,low,close,volume,close_time,quote_volume,count,taker_buy_volume,taker_buy_quote_volume,ignore
1710460800000,71455.60,72500.00,65580.00,67818.30,457418.375,1710503999999,31221541558.06249,6028877,218718.750,14930359736.94064,0
1710504000000,67818.30,70715.90,67420.00,69552.20,248392.310,1710547199999,17051047514.36954,3403622,124581.978,8555377474.56165,0
