open_time,open,high,low,close,volume,close_time,quote_volume,count,taker_buy_volume,taker_buy_quote_volume,ignore
1709942400000,68180.20,68608.70,67908.70,68360.30,54887.304,1709985599999,3746915569.21500,854852,26246.851,1791849448.97450,0
1709985600000,68360.30,68580.00,68050.00,68360.10,40011.701,1710028799999,2733776756.59910,682762,19334.428,1321151323.63490,0
