open_time,open,high,low,close,volume,close_time,quote_volume,count,taker_buy_volume,taker_buy_quote_volume,ignore
1710547200000,69552.10,70097.60,67739.60,68300.10,105312.895,1710590399999,7270433857.47075,1639907,50419.007,3481772971.81594,0
1710590400000,68300.00,68557.60,64750.00,65351.00,228113.234,1710633599999,15271289880.61662,3088462,108392.128,7262143119.42700,0
