open_time,open,high,low,close,volume,close_time,quote_volume,count,taker_buy_volume,taker_buy_quote_volume,ignore
1711843200000,69642.00,70555.60,69608.00,70442.60,49202.164,1711886399999,3454490103.83694,776950,25513.230,1791300788.95764,0
1711886400000,70442.60,71495.50,70329.60,71363.00,83256.626,1711929599999,5901188858.91021,1178339,43136.724,3058167763.42051,0
