open_time,open,high,low,close,volume,close_time,quote_volume,count,taker_buy_volume,taker_buy_quote_volume,ignore
1709683200000,63747.50,67729.50,62829.30,67383.90,257571.215,1709726399999,16905454021.47645,3118866,130712.379,8579607647.24685,0
1709726400000,67383.90,67689.80,64615.50,66128.10,276440.598,1709769599999,18377255634.13363,3661214,134254.147,8926109516.87309,0
