open_time,open,high,low,close,volume,close_time,quote_volume,count,taker_buy_volume,taker_buy_quote_volume,ignore
1710720000000,68447.90,69044.40,66814.60,68307.70,136749.486,1710763199999,9300378795.94047,2238682,67949.888,4621657878.19517,0
1710763200000,68307.60,68685.30,66601.60,67660.00,181136.430,1710806399999,12225590527.16469,2690507,89568.168,6045825105.58714,0
