open_time,open,high,low,close,volume,close_time,quote_volume,count,taker_buy_volume,taker_buy_quote_volume,ignore
1710201600000,72153.90,72571.00,71300.00,72098.70,123353.836,1710244799999,8878132701.97187,1929815,60280.792,4339347901.40056,0
1710244800000,72098.70,73370.00,68600.00,71503.20,348718.495,1710287999999,24801829160.93793,4687134,171458.732,12199403002.38549,0
