open_time,open,high,low,close,volume,close_time,quote_volume,count,taker_buy_volume,taker_buy_quote_volume,ignore
1711670400000,70838.80,70976.90,69612.80,70182.90,85711.943,1711713599999,6018381179.68139,1358500,41583.290,2920020927.96140,0
1711713600000,70183.00,70704.80,69000.00,69903.60,102258.898,1711756799999,7135161212.80968,1540286,48729.319,3400705850.43476,0
