open_time,open,high,low,close,volume,close_time,quote_volume,count,taker_buy_volume,taker_buy_quote_volume,ignore
1709596800000,68296.50,68824.70,65021.10,66749.00,275382.075,1709639999999,18511163761.80122,3552585,132674.961,8920265951.92985,0
1709640000000,66749.10,69350.00,59112.00,63747.40,777643.057,1709683199999,50274333419.47911,8035243,373450.210,24163100281.76887,0
