open_time,open,high,low,close,volume,close_time,quote_volume,count,taker_buy_volume,taker_buy_quote_volume,ignore
1710288000000,71503.30,73755.00,71388.10,73149.90,129448.270,1710331199999,9425369327.20403,1981950,66835.303,4866039045.75833,0
1710331200000,73149.80,73485.10,71671.10,73127.60,158998.068,1710374399999,11571311204.78198,2431824,77931.910,5672454080.65388,0
