open_time,open,high,low,close,volume,close_time,quote_volume,count,taker_buy_volume,taker_buy_quote_volume,ignore
1709510400000,63178.50,65717.40,62299.00,65314.00,259439.707,1709553599999,16676814189.75250,3453962,132259.500,8503261322.38266,0
1709553600000,65313.90,68600.00,64566.30,68296.40,373442.437,1709596799999,24930178474.82078,5168524,183694.994,12266084322.72547,0
