open_time,open,high,low,close,volume,close_time,quote_volume,count,taker_buy_volume,taker_buy_quote_volume,ignore
1711152000000,63826.10,64887.60,63020.20,64674.90,114322.793,1711195199999,7331704367.00224,1575735,56899.108,3649560805.68799,0
1711195200000,64674.80,66050.00,63861.90,64020.30,124801.207,1711238399999,8122760074.79573,1680039,62001.898,4037042402.77367,0
