open_time,open,high,low,close,volume,close_time,quote_volume,count,taker_buy_volume,taker_buy_quote_volume,ignore
1709856000000,66870.00,67838.00,66800.00,67822.00,79052.749,1709899199999,5316565868.32934,1260185,40553.000,2727572503.54304,0
1709899200000,67821.50,70330.80,66120.00,68180.20,380334.458,1709942399999,25927474199.86220,4720507,191015.743,13028409286.69355,0
