open_time,open,high,low,close,volume,close_time,quote_volume,count,taker_buy_volume,taker_buy_quote_volume,ignore
1709251200000,61203.30,62332.00,60844.80,61927.70,107073.537,1709294399999,6600598961.96804,1713166,53273.779,3284276681.31788,0
1709294400000,61927.70,63199.00,61200.00,62430.60,192158.290,1709337599999,11954742566.23169,2529396,95918.268,5967648849.10320,0
