open_time,open,high,low,close,volume,close_time,quote_volume,count,taker_buy_volume,taker_buy_quote_volume,ignore
1710979200000,67876.40,68293.90,66129.00,67082.30,148649.431,1711022399999,9986930103.45592,2341615,74268.999,4990276696.74806,0
1711022400000,67082.30,67774.30,64550.10,65539.90,198568.954,1711065599999,13127357330.51710,2972683,96432.467,6378161811.60943,0
