open_time,open,high,low,close,volume,close_time,quote_volume,count,taker_buy_volume,taker_buy_quote_volume,ignore
1709337600000,62430.60,62513.10,61711.50,61900.00,88000.503,1709380799999,5464683714.20503,1363741,43283.397,2688297319.31380,0
1709380800000,61900.00,62276.60,61605.00,62039.90,71283.126,1709423999999,4415389348.21676,1081580,34873.657,2160287757.83278,0
