open_time,open,high,low,close,volume,close_time,quote_volume,count,taker_buy_volume,taker_buy_quote_volume,ignore
1711065600000,65539.90,66691.90,64102.00,64268.00,132164.310,1711108799999,8666552419.84126,2061686,62876.486,4125277192.45643,0
1711108800000,64268.10,64729.10,62294.00,63826.00,268985.023,1711151999999,17076246143.03652,3549227,130366.372,8279351276.85003,0
