open_time,open,high,low,close,volume,close_time,quote_volume,count,taker_buy_volume,taker_buy_quote_volume,ignore
1711584000000,69532.60,71050.00,68941.00,70707.70,112292.052,1711627199999,7877634685.66907,1706195,56385.190,3956107421.30797,0
1711627200000,70707.70,71636.20,70411.00,70838.70,129907.173,1711670399999,9221074455.72049,1985598,65406.221,4643312045.27899,0
