open_time,open,high,low,close,volume,close_time,quote_volume,count,taker_buy_volume,taker_buy_quote_volume,ignore
1710806400000,67660.00,68178.60,62545.00,63137.10,381389.699,1710849599999,24685579663.10082,4879910,185896.682,12030800976.32796,0
1710849600000,63137.10,65802.80,61582.80,61974.10,319077.096,1710892799999,20336834042.33690,4003930,155490.528,9913806907.31916,0
