open_time,open,high,low,close,volume,close_time,quote_volume,count,taker_buy_volume,taker_buy_quote_volume,ignore
1710633600000,65351.00,67600.00,64559.80,67015.00,190949.602,1710676799999,12616635732.91122,2553715,94373.588,6236797241.98594,0
1710676800000,67014.90,68972.40,66500.00,68447.90,123940.707,1710719999999,8411700370.98213,1887487,63373.343,4302118739.20502,0
