open_time,open,high,low,close,volume,close_time,quote_volume,count,taker_buy_volume,taker_buy_quote_volume,ignore
1711756800000,69903.60,70388.00,69753.30,70237.10,49663.807,1711799999999,3479066915.92153,776004,24668.542,1728306174.51733,0
1711800000000,70237.10,70373.80,69577.20,69642.10,41462.943,1711843199999,2902112055.32640,693263,20193.086,1413546138.86610,0
