open_time,open,high,low,close,volume,close_time,quote_volume,count,taker_buy_volume,taker_buy_quote_volume,ignore
1711324800000,67260.90,67780.00,66427.60,66855.90,107317.201,1711367999999,7197280343.02800,1687752,52903.794,3548249876.09992,0
1711368000000,66855.10,71228.30,66825.50,69920.50,287838.990,1711411199999,20034815023.17094,3928602,147591.067,10270378699.94490,0
