open_time,open,high,low,close,volume,close_time,quote_volume,count,taker_buy_volume,taker_buy_quote_volume,ignore
1710892800000,61974.10,64010.00,60800.00,63432.00,282924.665,1710935999999,17668857538.17179,3588005,142185.459,8884879537.96657,0
1710936000000,63432.00,68140.00,62057.70,67876.40,354437.800,1710979199999,23022261228.72206,4493284,180559.964,11734566650.03734,0
