open_time,open,high,low,close,volume,close_time,quote_volume,count,taker_buy_volume,taker_buy_quote_volume,ignore
1711238400000,64020.40,65432.90,63822.00,65371.90,92329.710,1711281599999,5964028846.58445,1371769,48692.095,3145636435.90700,0
1711281600000,65371.90,67700.00,64635.00,67260.90,151849.725,1711324799999,10024521991.03549,2302667,78761.024,5202070009.80818,0
