open_time,open,high,low,close,volume,close_time,quote_volume,count,taker_buy_volume,taker_buy_quote_volume,ignore
1709424000000,62039.90,62181.20,61339.50,61900.00,74377.280,1709467199999,4595501879.58387,1136310,35781.066,2211158131.83489,0
1709467200000,61900.00,63330.90,61885.60,63178.50,125935.223,1709510399999,7885084381.89811,1840180,64908.360,4064291797.21418,0
