open_time,open,high,low,close,volume,close_time,quote_volume,count,taker_buy_volume,taker_buy_quote_volume,ignore
1710374400000,73127.60,73881.40,72540.50,72939.40,115903.704,1710417599999,8485143208.90237,1826865,56647.166,4147760020.25525,0
1710417600000,72939.40,73115.50,68600.00,71455.50,397997.533,1710460799999,28231415211.07699,5259334,195993.955,13907407184.59066,0
