open_time,open,high,low,close,volume,close_time,quote_volume,count,taker_buy_volume,taker_buy_quote_volume,ignore
1716508800000,6.2098000,6.2961000,6.1547000,6.1615000,2607707.2,1716530399999,16213150.73419000,65348,1288489.4,8011570.54639000,0
1716530400000,6.1615000,6.2174000,6.0547000,6.1810000,2400778.2,1716551999999,14752806.06858000,72864,1165413.1,7164303.96131000,0
1716552000000,6.1819000,6.2977000,6.1510000,6.2928000,2404749.3,1716573599999,14988188.27678000,69985,1191034.5,7425160.89791000,0
1716573600000,6.2924000,6.4117000,6.2546000,6.3874000,2033549.9,1716595199999,12886153.84170000,61821,1137418.8,7210368.58142000,0
