open_time,open,high,low,close,volume,close_time,quote_volume,count,taker_buy_volume,taker_buy_quote_volume,ignore
1715299200000,6.4132000,6.6781000,6.3083000,6.6264000,6022408.1,1715320799999,39034572.34342000,164486,2913480.5,18898155.57051000,0
1715320800000,6.6262000,7.0077000,6.6134000,6.9865000,16359608.9,1715342399999,112466082.15478000,460956,8080651.5,55559977.71005000,0
1715342400000,6.9865000,7.2000000,6.5615000,6.6357000,36969685.5,1715363999999,253440585.23647000,830424,17646838.7,121040591.53964000,0
1715364000000,6.6357000,6.8527000,6.6010000,6.7684000,7517016.7,1715385599999,50383530.50963000,244714,3687294.3,24719999.18421000,0
