open_time,open,high,low,close,volume,close_time,quote_volume,count,taker_buy_volume,taker_buy_quote_volume,ignore
1715126400000,5.6498000,5.8257000,5.6007000,5.7559000,2723197.0,1715147999999,15584755.78274000,80346,1329839.8,7608190.72616000,0
1715148000000,5.7563000,5.7769000,5.6027000,5.6964000,3425723.1,1715169599999,19430892.78453000,91871,1718268.0,9743407.16366000,0
1715169600000,5.6968000,5.9294000,5.6968000,5.8155000,4325861.0,1715191199999,25114152.52768000,117427,2099093.9,12188905.67566000,0
1715191200000,5.8155000,5.8643000,5.6820000,5.7593000,2383405.2,1715212799999,13715608.03236000,69066,1097339.2,6316640.86093000,0
