open_time,open,high,low,close,volume,close_time,quote_volume,count,taker_buy_volume,taker_buy_quote_volume,ignore
1714521600000,5.1638000,5.1800000,5.0146000,5.0276000,2205604.8,1714543199999,11217585.34833000,77614,979742.3,4984587.54982000,0
1714543200000,5.0275000,5.0354000,4.6415000,4.7399000,10902764.9,1714564799999,52166465.89735000,238626,4951182.8,23685200.14935000,0
1714564800000,4.7401000,4.8157000,4.5983000,4.7654000,6129814.0,1714586399999,28799436.69437000,159487,2905761.8,13655304.41506000,0
1714586400000,4.7662000,4.9661000,4.7342000,4.8806000,6504901.2,1714607999999,31515153.81970000,163572,3240034.9,15698453.12180000,0
