open_time,open,high,low,close,volume,close_time,quote_volume,count,taker_buy_volume,taker_buy_quote_volume,ignore
1717113600000,6.4661000,6.4938000,6.3765000,6.4226000,1766119.5,1717135199999,11362070.67276000,49551,769185.7,4949853.07885000,0
1717135200000,6.4212000,6.4510000,6.3866000,6.4074000,1408077.0,1717156799999,9040417.13260000,49024,649928.2,4172920.96917000,0
1717156800000,6.4080000,6.4424000,6.3262000,6.3828000,2952464.2,1717178399999,18867479.57179000,83693,1425472.3,9113068.79755000,0
1717178400000,6.3828000,6.3828000,6.3282000,6.3384000,894157.3,1717199999999,5685596.83495000,34220,428521.4,2724818.85578000,0
