open_time,open,high,low,close,volume,close_time,quote_volume,count,taker_buy_volume,taker_buy_quote_volume,ignore
1715212800000,5.7577000,5.9768000,5.7564000,5.9253000,2680753.8,1715234399999,15806748.14867000,76188,1332229.9,7856340.95730000,0
1715234400000,5.9252000,6.0899000,5.8856000,5.9874000,6611254.7,1715255999999,39659173.26366000,156494,2965070.4,17794274.07709000,0
1715256000000,5.9874000,6.3854000,5.9534000,6.2008000,16125115.4,1715277599999,99914099.05443000,320650,8080407.8,50083330.51219000,0
1715277600000,6.2012000,6.4760000,6.1996000,6.4130000,5979971.0,1715299199999,38133156.53351000,161936,3187262.5,20317023.69571000,0
