open_time,open,high,low,close,volume,close_time,quote_volume,count,taker_buy_volume,taker_buy_quote_volume,ignore
1716249600000,6.5530000,6.6579000,6.4740000,6.6265000,4005179.0,1716271199999,26350649.52273000,112015,1946777.6,12815544.09141000,0
1716271200000,6.6264000,6.7310000,6.5210000,6.5300000,4172052.5,1716292799999,27676702.54036000,115433,1965880.5,13048790.90488000,0
1716292800000,6.5299000,6.5332000,6.3225000,6.4260000,6499210.0,1716314399999,41640212.22489000,174880,3078403.2,19724743.96456000,0
1716314400000,6.4274000,6.4469000,6.3000000,6.3212000,2303222.6,1716335999999,14633116.37072000,69387,1083293.9,6886693.55890000,0
