open_time,open,high,low,close,volume,close_time,quote_volume,count,taker_buy_volume,taker_buy_quote_volume,ignore
1715472000000,6.8942000,6.9793000,6.8096000,6.9656000,4159178.7,1715493599999,28713157.55758000,151205,1949735.1,13462444.46985000,0
1715493600000,6.9662000,7.0447000,6.8350000,7.0251000,7609838.3,1715515199999,52828435.92206000,208614,3704724.7,25713403.52279000,0
1715515200000,7.0248000,7.1000000,6.9164000,6.9935000,8700079.2,1715536799999,60940581.30295000,255386,4225301.0,29592669.09809000,0
1715536800000,6.9935000,7.0473000,6.8700000,6.9508000,4840977.9,1715558399999,33705234.33264000,166629,2244757.1,15627537.13522000,0
