open_time,open,high,low,close,volume,close_time,quote_volume,count,taker_buy_volume,taker_buy_quote_volume,ignore
1716854400000,6.4039000,6.4194000,6.2217000,6.3145000,2831674.7,1716875999999,17885757.64881000,85509,1219232.6,7704022.18119000,0
1716876000000,6.3145000,6.5070000,6.3033000,6.4399000,2836725.4,1716897599999,18215072.49983000,72492,1405936.0,9035186.72460000,0
1716897600000,6.4398000,6.4866000,6.3551000,6.4670000,2781721.8,1716919199999,17881298.44549000,79556,1374523.8,8838960.49886000,0
1716919200000,6.4670000,6.5100000,6.4200000,6.4718000,1504598.3,1716940799999,9747236.95057000,45633,737118.2,4776358.51980000,0
