open_time,open,high,low,close,volume,close_time,quote_volume,count,taker_buy_volume,taker_buy_quote_volume,ignore
1716681600000,6.3852000,6.4420000,6.3571000,6.3765000,1524397.2,1716703199999,9761410.21350000,45526,730445.2,4678911.42367000,0
1716703200000,6.3765000,6.4025000,6.3001000,6.3206000,1678221.0,1716724799999,10630616.16980000,46348,775345.0,4911783.78902000,0
1716724800000,6.3207000,6.3623000,6.2686000,6.3066000,1766340.3,1716746399999,11161475.62903000,51234,846415.9,5350484.63537000,0
1716746400000,6.3062000,6.3699000,6.2891000,6.3174000,900493.5,1716767999999,5691879.29584000,29710,452965.6,2863438.45338000,0
