open_time,open,high,low,close,volume,close_time,quote_volume,count,taker_buy_volume,taker_buy_quote_volume,ignore
1715990400000,6.6291000,6.6694000,6.4077000,6.4328000,4343852.6,1716011999999,28321956.19065000,142051,2101210.5,13704787.40368000,0
1716012000000,6.4328000,6.5419000,6.4077000,6.5138000,3977282.7,1716033599999,25742588.71928000,126366,2132013.8,13799362.09423000,0
1716033600000,6.5138000,6.5180000,6.4015000,6.4474000,4280015.4,1716055199999,27609950.19479000,133523,2182767.8,14082469.30900000,0
1716055200000,6.4470000,6.4750000,6.3512000,6.3989000,2199978.1,1716076799999,14107927.19583000,75530,1029172.6,6603743.16632000,0
