open_time,open,high,low,close,volume,close_time,quote_volume,count,taker_buy_volume,taker_buy_quote_volume,ignore
1715385600000,6.7693000,7.0054000,6.6932000,6.9518000,9922008.5,1715407199999,67737541.86285000,285618,4805903.6,32819391.50412000,0
1715407200000,6.9523000,7.0000000,6.6115000,6.6409000,10848872.9,1715428799999,73417340.27168000,293881,5079950.2,34396035.04882000,0
1715428800000,6.6410000,6.8908000,6.6347000,6.8394000,6227629.0,1715450399999,42211753.59981000,224090,3139968.4,21287381.32922000,0
1715450400000,6.8392000,6.9313000,6.7672000,6.8929000,4069582.6,1715471999999,27937245.43653000,158985,1995701.9,13704359.27777000,0
