open_time,open,high,low,close,volume,close_time,quote_volume,count,taker_buy_volume,taker_buy_quote_volume,ignore
1715731200000,6.8433000,7.0555000,6.8125000,7.0150000,3896240.9,1715752799999,26998378.98233000,148932,1945764.9,13487299.47515000,0
1715752800000,7.0148000,7.0176000,6.8310000,6.8667000,5481575.3,1715774399999,37978912.44711000,183053,2652912.0,18384660.23950000,0
1715774400000,6.8671000,7.0500000,6.8596000,6.9891000,7856738.1,1715795999999,54761109.44353000,278244,3883375.2,27077731.45571000,0
1715796000000,6.9893000,7.1464000,6.8772000,6.9926000,5869786.6,1715817599999,41043008.50266000,207506,2965274.6,20746882.02084000,0
