open_time,open,high,low,close,volume,close_time,quote_volume,count,taker_buy_volume,taker_buy_quote_volume,ignore
1715644800000,7.0108000,7.2232000,6.8650000,7.1280000,7792533.6,1715666399999,54801263.81446000,261833,3853655.2,27125294.06400000,0
1715666400000,7.1280000,7.1302000,6.8000000,6.8438000,8495833.2,1715687999999,59290454.39406000,282614,3914823.0,27341628.49873000,0
1715688000000,6.8436000,6.9258000,6.5663000,6.8343000,12078374.0,1715709599999,81148295.77815000,381950,5905085.5,39693873.16084000,0
1715709600000,6.8343000,7.0784000,6.8171000,6.8430000,8422184.8,1715731199999,58517986.14296000,256415,4155520.8,28880665.52137000,0
