open_time,open,high,low,close,volume,close_time,quote_volume,count,taker_buy_volume,taker_buy_quote_volume,ignore
1714694400000,5.1312000,5.3973000,5.1014000,5.2526000,4302906.4,1714715999999,22742585.08971000,127033,2050397.7,10832661.05454000,0
1714716000000,5.2526000,5.4094000,5.2200000,5.2625000,5360256.4,1714737599999,28517577.05396000,142557,2558485.2,13616327.67737000,0
1714737600000,5.2627000,5.6120000,5.2500000,5.6054000,8500205.2,1714759199999,46459235.13001000,210463,4206546.3,22986760.68455000,0
1714759200000,5.6056000,5.7999000,5.6005000,5.6884000,6888529.4,1714780799999,39414406.00152000,171431,3417110.0,19551315.46689000,0
