open_time,open,high,low,close,volume,close_time,quote_volume,count,taker_buy_volume,taker_buy_quote_volume,ignore
1717027200000,6.5058000,6.5670000,6.4921000,6.5015000,1734282.4,1717048799999,11326206.83488000,50541,836292.9,5462390.01202000,0
1717048800000,6.5015000,6.5365000,6.3247000,6.4737000,3966144.0,1717070399999,25546991.16078000,99485,1822781.6,11753596.31644000,0
1717070400000,6.4738000,6.5601000,6.4572000,6.5452000,2241800.8,1717091999999,14599571.97228000,69332,1127774.6,7345874.08561000,0
1717092000000,6.5468000,6.5644000,6.4428000,6.4661000,1459014.3,1717113599999,9478201.43709000,51025,610508.8,3966187.58492000,0
