open_time,open,high,low,close,volume,close_time,quote_volume,count,taker_buy_volume,taker_buy_quote_volume,ignore
1715817600000,6.9926000,7.0733000,6.6673000,6.6707000,6467896.5,1715839199999,44498645.52658000,206035,2966700.5,20426066.26157000,0
1715839200000,6.6718000,6.8425000,6.4839000,6.6042000,12543794.8,1715860799999,83346931.55647000,334636,6223343.1,41374692.45900000,0
1715860800000,6.6040000,6.7994000,6.3334000,6.6538000,21431206.4,1715882399999,141733258.75346000,578893,10804747.8,71488818.84397000,0
1715882400000,6.6534000,6.7868000,6.6037000,6.7855000,4428762.6,1715903999999,29583291.85578000,169374,2203892.3,14724150.99883000,0
