open_time,open,high,low,close,volume,close_time,quote_volume,count,taker_buy_volume,taker_buy_quote_volume,ignore
1716768000000,6.3175000,6.4512000,6.3166000,6.3796000,2544861.1,1716789599999,16289402.80499000,63805,1358014.1,8695674.15861000,0
1716789600000,6.3798000,6.4892000,6.2970000,6.4396000,3292179.3,1716811199999,21054121.86842000,80481,1519930.5,9724773.82496000,0
1716811200000,6.4395000,6.5257000,6.4301000,6.4466000,2888642.9,1716832799999,18717263.51138000,75015,1396317.4,9048243.29919000,0
1716832800000,6.4468000,6.4528000,6.3286000,6.4039000,2188827.1,1716854399999,13988283.57723000,56057,1041033.6,6655367.46758000,0
