open_time,open,high,low,close,volume,close_time,quote_volume,count,taker_buy_volume,taker_buy_quote_volume,ignore
1714953600000,5.9684000,5.9968000,5.8709000,5.9416000,2284179.2,1714975199999,13536165.82614000,74340,1123976.8,6661383.00126000,0
1714975200000,5.9416000,6.2083000,5.8924000,6.0463000,7365502.6,1714996799999,44596653.39549000,189999,3568623.8,21619073.74703000,0
1714996800000,6.0464000,6.0464000,5.8220000,5.8667000,4823520.8,1715018399999,28527829.20599000,142806,2274733.8,13458151.44550000,0
1715018400000,5.8667000,5.8969000,5.7317000,5.7792000,2236651.0,1715039999999,13011538.50108000,64005,1049347.1,6108362.48432000,0
