open_time,open,high,low,close,volume,close_time,quote_volume,count,taker_buy_volume,taker_buy_quote_volume,ignore
1714780800000,5.6874000,5.8230000,5.6501000,5.7888000,3102072.0,1714802399999,17791007.14038000,79142,1548564.1,8883660.34345000,0
1714802400000,5.7885000,5.8469000,5.6864000,5.7136000,4025443.6,1714823999999,23266107.84517000,86276,1900708.4,10991609.41277000,0
1714824000000,5.7141000,5.7586000,5.6600000,5.6910000,2861363.9,1714845599999,16338317.09796000,77113,1362087.8,7778188.40675000,0
1714845600000,5.6908000,5.7878000,5.6833000,5.7496000,1776563.7,1714867199999,10204143.61453000,55281,916117.9,5261837.42568000,0
