open_time,open,high,low,close,volume,close_time,quote_volume,count,taker_buy_volume,taker_buy_quote_volume,ignore
1714608000000,4.8812000,4.8859000,4.6788000,4.7285000,2790825.0,1714629599999,13261319.63845000,89361,1399925.4,6650617.50741000,0
1714629600000,4.7285000,4.9008000,4.7071000,4.8845000,3146732.3,1714651199999,15149377.98098000,91081,1581761.1,7615934.19141000,0
1714651200000,4.8846000,5.1771000,4.7782000,5.1429000,8813832.7,1714672799999,43750446.33815000,187246,4249697.8,21084510.64429000,0
1714672800000,5.1424000,5.2716000,5.0853000,5.1302000,4368856.6,1714694399999,22580229.14873000,122094,2132019.7,11021682.36135000,0
