open_time,open,high,low,close,volume,close_time,quote_volume,count,taker_buy_volume,taker_buy_quote_volume,ignore
1716163200000,6.2593000,6.4413000,6.2071000,6.4232000,2837003.0,1716184799999,17967875.14316000,86147,1412873.7,8951324.66788000,0
1716184800000,6.4231000,6.4268000,6.2959000,6.3665000,2595895.6,1716206399999,16511316.33134000,85793,1200194.3,7634574.14538000,0
1716206400000,6.3665000,6.5993000,6.3479000,6.5288000,4386994.4,1716227999999,28450886.53589000,135449,2219349.8,14386631.92902000,0
1716228000000,6.5285000,6.6423000,6.4876000,6.5523000,5924344.1,1716249599999,38842307.30115000,169084,3034725.0,19898039.42302000,0
