open_time,open,high,low,close,volume,close_time,quote_volume,count,taker_buy_volume,taker_buy_quote_volume,ignore
1716076800000,6.3989000,6.4940000,6.3855000,6.4712000,1808404.8,1716098399999,11630801.86737000,64224,893694.5,5749527.37563000,0
1716098400000,6.4712000,6.5739000,6.4236000,6.4584000,3971926.1,1716119999999,25818783.74831000,106303,1954143.0,12701936.14104000,0
1716120000000,6.4584000,6.4836000,6.3400000,6.3750000,3315906.4,1716141599999,21212725.68035000,101617,1678257.4,10739643.87977000,0
1716141600000,6.3757000,6.4464000,6.2275000,6.2592000,3308863.9,1716163199999,20935033.96481000,88516,1522085.2,9634891.27600000,0
