open_time,open,high,low,close,volume,close_time,quote_volume,count,taker_buy_volume,taker_buy_quote_volume,ignore
1715904000000,6.7839000,6.7889000,6.6506000,6.6715000,3662764.4,1715925599999,24586962.61791000,138007,1831698.3,12296589.76914000,0
1715925600000,6.6715000,6.7630000,6.6028000,6.6419000,5302120.4,1715947199999,35423950.12066000,181840,2808235.5,18759386.25265000,0
1715947200000,6.6422000,6.7200000,6.6151000,6.6186000,5270031.7,1715968799999,35160807.33258000,183857,2511485.2,16759973.75139000,0
1715968800000,6.6186000,6.6499000,6.5405000,6.6291000,3723684.3,1715990399999,24557719.44470000,132516,1801543.6,11880693.75865000,0
