open_time,open,high,low,close,volume,close_time,quote_volume,count,taker_buy_volume,taker_buy_quote_volume,ignore
1715558400000,6.9508000,7.0755000,6.7550000,7.0301000,10945233.6,1715579999999,75786196.60780000,343725,5329291.9,36908031.66408000,0
1715580000000,7.0300000,7.4500000,6.9800000,7.3504000,28424781.1,1715601599999,206592167.23756000,732499,14237744.5,103479834.60031000,0
1715601600000,7.3505000,7.3649000,7.1730000,7.2928000,11964166.2,1715623199999,86861699.93507000,371947,5940327.8,43141569.18284000,0
1715623200000,7.2927000,7.3104000,7.0001000,7.0106000,7828253.2,1715644799999,56052040.32381000,260598,3666799.4,26284097.69727000,0
