open_time,open,high,low,close,volume,close_time,quote_volume,count,taker_buy_volume,taker_buy_quote_volume,ignore
1716595200000,6.3873000,6.4134000,6.3125000,6.3246000,2189855.7,1716616799999,13912221.21230000,69408,1030675.3,6548737.67984000,0
1716616800000,6.3239000,6.4590000,6.2923000,6.3777000,2939587.9,1716638399999,18742887.98880000,77696,1580609.4,10080711.87789000,0
1716638400000,6.3778000,6.4957000,6.3692000,6.4379000,2439196.8,1716659999999,15707546.04920000,69650,1131811.4,7288274.51920000,0
1716660000000,6.4379000,6.4393000,6.3686000,6.3849000,1453202.1,1716681599999,9298157.45846000,38920,690318.5,4417782.88556000,0
