open_time,open,high,low,close,volume,close_time,quote_volume,count,taker_buy_volume,taker_buy_quote_volume,ignore
1714867200000,5.7501000,5.7895000,5.5684000,5.5920000,3038635.8,1714888799999,17199720.71154000,79097,1447544.0,8195523.37853000,0
1714888800000,5.5921000,5.7826000,5.5805000,5.7628000,2563737.0,1714910399999,14658076.53763000,71239,1290322.5,7375884.40465000,0
1714910400000,5.7628000,5.9881000,5.7353000,5.8829000,5684561.3,1714931999999,33381680.98477000,145342,2984348.2,17514718.81421000,0
1714932000000,5.8824000,5.9800000,5.8102000,5.9684000,2071661.4,1714953599999,12183214.80932000,70050,1069698.1,6291999.04298000,0
