open_time,open,high,low,close,volume,close_time,quote_volume,count,taker_buy_volume,taker_buy_quote_volume,ignore
1716940800000,6.4718000,6.5639000,6.4529000,6.5334000,1846165.2,1716962399999,12019533.67731000,50853,899126.4,5853931.93933000,0
1716962400000,6.5333000,6.6174000,6.4260000,6.4836000,3373448.0,1716983999999,21994046.06144000,84191,1547326.3,10093573.83414000,0
1716984000000,6.4844000,6.5476000,6.4113000,6.4921000,2750735.3,1717005599999,17852848.48013000,76494,1266064.3,8217833.08591000,0
1717005600000,6.4921000,6.5801000,6.4260000,6.5064000,2867896.0,1717027199999,18659898.09952000,67372,1503696.4,9788065.74660000,0
