open_time,open,high,low,close,volume,close_time,quote_volume,count,taker_buy_volume,taker_buy_quote_volume,ignore
1716422400000,6.5425000,6.7330000,6.4495000,6.4673000,5673506.8,1716443999999,37465137.54029000,149804,2572306.0,16992082.43788000,0
1716444000000,6.4663000,6.5138000,6.4027000,6.4880000,3763707.8,1716465599999,24320810.25545000,93877,1855587.9,11992622.99053000,0
1716465600000,6.4879000,6.4967000,6.1949000,6.2509000,5350499.7,1716487199999,33826445.51757000,144234,2370709.1,14983657.54796000,0
1716487200000,6.2509000,6.3006000,5.9777000,6.2098000,6422406.8,1716508799999,39556016.44233000,167001,3005024.8,18520342.32692000,0
