open_time,open,high,low,close,volume,close_time,quote_volume,count,taker_buy_volume,taker_buy_quote_volume,ignore
1716336000000,6.3200000,6.3713000,6.2101000,6.2810000,2568025.1,1716357599999,16156433.94713000,70283,1271376.7,8001742.06932000,0
1716357600000,6.2809000,6.3455000,6.2631000,6.2650000,2341200.5,1716379199999,14768314.05154000,70302,1208597.4,7624821.29323000,0
1716379200000,6.2665000,6.6256000,6.1435000,6.6158000,10209986.5,1716400799999,65687435.41719000,214249,4976706.9,32044859.24214000,0
1716400800000,6.6128000,6.6282000,6.4706000,6.5426000,5822179.6,1716422399999,38170630.35120000,145142,2760666.2,18106267.23770000,0
