open_time,open,high,low,close,volume,close_time,quote_volume,count,taker_buy_volume,taker_buy_quote_volume,ignore
1715040000000,5.7790000,5.8772000,5.7414000,5.8560000,1872363.0,1715061599999,10881297.17132000,59920,953925.8,5546184.61661000,0
1715061600000,5.8560000,6.0161000,5.7960000,5.8605000,3084927.1,1715083199999,18212146.85164000,85670,1476063.8,8718936.32986000,0
1715083200000,5.8604000,5.9540000,5.8050000,5.8218000,2138720.4,1715104799999,12589735.81717000,63463,1000981.3,5893829.72562000,0
1715104800000,5.8212000,5.8856000,5.6383000,5.6493000,2537101.6,1715126399999,14623132.36972000,69660,1146213.1,6615270.01974000,0
