open_time,open,high,low,close,volume,close_time,quote_volume,count,taker_buy_volume,taker_buy_quote_volume,ignore
1714953600000,0.5293,0.5700,0.5244,0.5398,1704007504.8,1715039999999,928531872.16096,1070652,841826542.2,458742817.20034,0
