open_time,open,high,low,close,volume,close_time,quote_volume,count,taker_buy_volume,taker_buy_quote_volume,ignore
1715040000000,0.5398,0.5441,0.5213,0.5242,974973059.2,1715126399999,523424706.58979,655374,471606403.7,253257136.54740,0
