open_time,open,high,low,close,volume,close_time,quote_volume,count,taker_buy_volume,taker_buy_quote_volume,ignore
1715126400000,0.5242,0.5295,0.5149,0.5168,791383609.9,1715212799999,413228328.85462,568034,384953818.8,201063178.99148,0
