open_time,open,high,low,close,volume,close_time,quote_volume,count,taker_buy_volume,taker_buy_quote_volume,ignore
1714867200000,0.5299,0.5333,0.5236,0.5292,392707451.6,1714953599999,207591571.28377,328288,194263836.1,102703944.32658,0
