open_time,open,high,low,close,volume,close_time,quote_volume,count,taker_buy_volume,taker_buy_quote_volume,ignore
1714694400000,0.5177,0.5364,0.5143,0.5312,740799014.6,1714780799999,387600691.90305,543789,378671305.0,198087060.29428,0
