open_time,open,high,low,close,volume,close_time,quote_volume,count,taker_buy_volume,taker_buy_quote_volume,ignore
1714780800000,0.5313,0.5408,0.5268,0.5299,517871217.8,1714867199999,275898784.36952,386113,250775269.4,133628390.52343,0
